packet_id	n_blocks	top_mode	mode_margin	signal_strength	block_stability	composition_score	stress_score	matched_state_balance	negative_control_margin	missing_fraction	v_tag	mode_correlation_activation	mode_correlation_suppression	mode_correlation_delay	mode_correlation_persistent_loss	mode_correlation_redirection
F0001	2	activation	0.9920043748146554	0.7443867483389889	1.0	0.14429921645759816	0.15660241056547133	0.9373524189657367	0.4152371423768616	0.0	none	0.976305431097982	-0.976305431097982	-0.2883953242928482	-0.8778745071057591	-0.015698943716673495
F0002	2	activation	0.9940719928356179	0.8462368355855563	1.0	0.16311631756226	0.15911594401597035	0.9353193968169063	0.4920294087815512	0.0	outcome	0.9687579437190702	-0.9687579437190702	-0.2888398706205808	-0.8692307102397054	-0.025314049116547686
F0003	2	activation	1.0106078770304037	0.7316212087290953	1.0	0.1437142293947906	0.14656689176193982	0.9280210994191384	0.42515395348868334	0.0	reversal	0.9597619381995471	-0.9597619381995471	-0.2521628068739072	-0.8737019880494121	-0.05084593883085664
F0004	2	activation	0.9364402041467187	0.7589228362585766	1.0	0.15465918213310528	0.15374817815001016	0.9328413493951258	0.4357594483578783	0.0	rescue	0.9640483849918499	-0.9640483849918499	-0.32821830290424403	-0.8551436838411743	0.0276081808451312
F0005	2	activation	0.9837013625647628	0.7140327779926167	1.0	0.1636248081128447	0.16688176080111466	0.9289064444697341	0.38383753127150505	0.0	replication	0.9724093402993524	-0.9724093402993524	-0.2910578237541601	-0.8753939906194468	-0.011292022265410387
F0006	3	activation	1.0254953378791247	0.6921886672293238	1.0	0.15312920305962827	0.16370502515355556	0.9366044348519744	0.3690261230302093	0.0	none	0.9744906078645804	-0.9744906078645804	-0.27029662348133593	-0.8828380711479863	-0.0510047300145444
F0007	3	activation	1.0459807256500135	0.750578082447312	1.0	0.14940743121395056	0.16554743813628456	0.9378292547499274	0.40980262102017595	0.0	outcome	0.9784192299568356	-0.9784192299568356	-0.21620402225058113	-0.9176603088855663	-0.0675614956931779
F0008	3	activation	1.0215571348776809	0.7693606752975928	1.0	0.14475571658520928	0.15300610717560822	0.9395381962782827	0.4383486362978307	0.0	reversal	0.9757603415573377	-0.9757603415573377	-0.2522597356985235	-0.8937131847095218	-0.04579679332034323
F0009	3	activation	0.9934420806559727	0.7715857661202746	1.0	0.14267081030734524	0.15482149844293788	0.9296835283218985	0.4340518288348506	0.0	rescue	0.9827059535288165	-0.9827059535288165	-0.2910343561830249	-0.8904517706443142	-0.01073612712715619
F0010	3	activation	1.005498972306428	0.7952976584262443	1.0	0.15995004225912035	0.15896299298496605	0.93931784266992	0.44969610940166005	0.0	replication	0.9783925350710213	-0.9783925350710213	-0.2818424880868903	-0.8816565022105536	-0.027106437235406632
F0011	5	activation	1.061596722732828	0.7892210612421688	1.0	0.1619509807418415	0.16095434088243657	0.9333990853538602	0.43564492386407966	0.0	none	0.9904950676025127	-0.9904950676025127	-0.24103191643199845	-0.9116172726799021	-0.07110165513031527
F0012	5	activation	1.0139146786428201	0.7473187184023808	1.0	0.14976049353164436	0.1544952226988296	0.9374267957837087	0.41459073464556523	0.0	outcome	0.9848934621709413	-0.9848934621709413	-0.27402893768566483	-0.8925462063907698	-0.029021216471878872
F0013	5	activation	1.0552090169421924	0.6823912925049949	1.0	0.15381880223479474	0.15089315381237123	0.9345593382180927	0.3642008709027327	0.0	reversal	0.9879807581031227	-0.9879807581031227	-0.2489968664773487	-0.9055861700402106	-0.06722825883906976
F0014	5	activation	1.0702286066162572	0.7165483149439835	1.0	0.1515609582494643	0.15220480734223235	0.9353427327307644	0.3928648512861744	0.0	rescue	0.985949644601957	-0.985949644601957	-0.23563674868392007	-0.9047870904982512	-0.08427896201430014
F0015	5	activation	0.9958298497165242	0.7251339538162765	1.0	0.15349517238500157	0.15976252216661171	0.9353578089129947	0.3918411988441882	0.0	replication	0.9859441563693861	-0.9859441563693861	-0.28776355826600997	-0.8921906137437416	-0.009885693347138047
F0016	2	activation	0.99752923707462	0.881324747888003	1.0	0.15499196977470037	0.1491146180100758	0.9294798821559467	0.7448939743904894	0.10655737704918032	none	0.881324747888003	-0.881324747888003	-0.16301181811912271	-0.8297231427945468	-0.11620448918661706
F0017	2	activation	0.7334156374315093	0.7114446629059825	1.0	0.16574901059036073	0.1548803397667108	0.9381187936810806	0.579828442580046	0.12295081967213115	outcome	0.7156647440323451	-0.7156647440323451	-0.272405568417335	-0.6064155815396736	-0.017750893399164108
F0018	2	activation	0.76593908802628	0.6427397702245596	1.0	0.16536901843457832	0.1346582284038622	0.9364389771858784	0.4926891704485552	0.13934426229508196	reversal	0.7325413402826437	-0.7325413402826437	-0.2561915247625885	-0.6300220065185977	-0.03339774774363622
F0019	2	activation	0.8306257577496219	0.7549800972337157	1.0	0.16145495876229923	0.1685820912024438	0.9363991243526341	0.5333431661890199	0.10655737704918032	rescue	0.8066885568836248	-0.8066885568836248	-0.21440142194308587	-0.7342056264325243	-0.023937200865997058
F0020	2	activation	0.6574279309878029	0.5182305840209351	1.0	0.16419989482447403	0.1561311868218744	0.939324987239649	0.45818354975584974	0.13114754098360656	replication	0.6244911258489296	-0.6244911258489296	-0.032936805138873336	-0.640334293621571	-0.16200009994126316
F0021	3	activation	0.8879094140367866	0.7744821754411831	1.0	0.1510244906286926	0.15210539175534463	0.9339659834204576	0.6038886989000366	0.1092896174863388	none	0.7744821754411831	-0.7744821754411831	-0.14565720462342624	-0.7253419649038747	-0.11342723859560347
F0022	3	activation	0.9197257392227269	0.8991490482227757	1.0	0.16647081931670482	0.1563146583407351	0.9348351492919013	0.626341466139539	0.08196721311475409	outcome	0.8991490482227757	-0.8991490482227757	-0.24295509096344778	-0.8190950084580125	-0.020576690999951207
F0023	3	activation	0.7061769092574133	0.5512396565936896	1.0	0.1385887683885362	0.15992602053769936	0.9381290394684891	0.3737517460406765	0.09289617486338798	reversal	0.7746804688828103	-0.7746804688828103	-0.3727357511230182	-0.6112004424695408	0.06850355962539703
F0024	3	activation	0.9929966464221254	0.9060174139263355	1.0	0.16286079457647165	0.16134976156593347	0.9338743138074799	0.6537865892782195	0.12568306010928962	rescue	0.9060174139263355	-0.9060174139263355	-0.18740814307700343	-0.8542349234631629	-0.08697923249578983
F0025	3	activation	0.8722294590346681	0.8505751624731634	1.0	0.15260268216108888	0.14655259464838152	0.9362561843521805	0.7460186114277616	0.12021857923497267	replication	0.8505751624731634	-0.8505751624731634	-0.24613605943562997	-0.7643578842656841	-0.021654296561504676
F0026	5	activation	0.8931446139265528	0.8521127590800885	1.0	0.15382102644335424	0.15227154506413695	0.9367389815483926	0.5523632975560475	0.08524590163934426	none	0.9049826618788096	-0.9049826618788096	-0.27893055369810377	-0.8084852060027027	0.011838047952256901
F0027	5	activation	0.9923887332863416	0.9203718516169608	1.0	0.14988117307945437	0.16370658493891874	0.9368378341971435	0.6294294017472865	0.12786885245901639	outcome	0.9203718516169608	-0.9203718516169608	-0.21954139206901044	-0.8549327949411633	-0.07201688166938079
F0028	5	activation	0.8864316303439062	0.6934486657831995	1.0	0.15074810434075378	0.16463335969151305	0.937939421038752	0.443329586964619	0.12131147540983607	reversal	0.8554575606917112	-0.8554575606917112	-0.2860525529496416	-0.7364689090213185	-0.030974069652194947
F0029	5	activation	0.9253012386509644	0.7446777057832835	1.0	0.15973585640764693	0.15949899952748064	0.9395258751504838	0.504832914980613	0.1377049180327869	rescue	0.8404070479730176	-0.8404070479730176	-0.19047156614895275	-0.7707579508292839	-0.08489419067794682
F0030	5	activation	0.9878113020541257	0.922765504312379	1.0	0.1600664727016471	0.15180392663475398	0.9372780054634927	0.6906161427265985	0.1180327868852459	replication	0.922765504312379	-0.922765504312379	-0.24506139363774015	-0.8358672294436309	-0.06504579774174668
F0031	2	activation	0.3994579107011676	0.43194465554026784	1.0	0.15507123129608044	0.1644585058958973	0.9368669869125564	1.0	0.45081967213114754	none	0.43194465554026784	-0.43194465554026784	0.03248674483910025	-0.45362784878422896	-0.1272006217990805
F0032	2	activation	0.8320318678069534	0.7753776441476793	1.0	0.16824700173270188	0.17486927344701006	0.9403589011291813	1.0	0.5409836065573771	outcome	0.7753776441476793	-0.7753776441476793	-0.05665422365927408	-0.7568902388622014	-0.31012032834314973
F0033	2	activation	0.5655752800705468	0.47412263028786117	1.0	0.1489803072201551	0.145504488913761	0.9339825228090214	1.0	0.4672131147540984	reversal	0.47412263028786117	-0.47412263028786117	-0.09145264978268566	-0.421659175825607	-0.1415191386954178
F0034	2	activation	0.47484126213791694	0.4242469301399465	1.0	0.15395462894056272	0.16717400979565142	0.9404581072187332	1.0	0.5	rescue	0.4242469301399465	-0.4242469301399465	-0.05059433199797044	-0.4176957337497513	-0.14042425991804802
F0035	2	activation	0.5063714141975881	0.5553482039672446	1.0	0.15140361366568053	0.14662814538431937	0.9280098417069071	1.0	0.5327868852459017	replication	0.5553482039672446	-0.5553482039672446	-0.24445145897105855	-0.5095039508695878	0.04897678976965642
F0036	3	activation	0.3498808515203549	0.3744304906129406	1.0	0.14837949605677658	0.16139374489177435	0.9361996172848407	0.8548894460008598	0.5519125683060109	none	0.3744304906129406	-0.3744304906129406	-0.17260006560217278	-0.3115136094908472	0.024549639092585663
F0037	3	activation	0.7189826995075802	0.6257792973217137	1.0	0.14811974258167157	0.14718158103262807	0.9410567524187716	1.0	0.5901639344262295	outcome	0.6257792973217137	-0.6257792973217137	-0.13275942835785934	-0.616614951212933	-0.09320340218586651
F0038	3	activation	0.24540059382574878	0.36883032079939754	1.0	0.1451010861155833	0.16895473436829234	0.9348898797025853	0.8892801593779188	0.5300546448087432	reversal	0.36883032079939754	-0.36883032079939754	-0.35078161535892916	-0.22433186471347674	0.12342972697364876
F0039	3	activation	0.8388166774844775	0.7020842924113729	1.0	0.1453503669579445	0.1570192470382336	0.9408415202766087	1.0	0.5081967213114754	rescue	0.7020842924113729	-0.7020842924113729	-0.1367323850731046	-0.6494001266131788	-0.18117732498983788
F0040	3	activation	0.43531856903220195	0.5254306039956718	1.0	0.15441327071253533	0.1617145177750824	0.9303643377920767	1.0	0.5136612021857924	replication	0.5254306039956718	-0.5254306039956718	-0.23787403127745793	-0.4756804938975096	0.09011203496346983
F0041	5	activation	0.820133501469489	0.7868299927028553	1.0	0.16217866082791846	0.16222249710754758	0.9391715693312525	1.0	0.5475409836065573	none	0.7868299927028553	-0.7868299927028553	-0.03330350876663378	-0.7921697022214249	-0.22298198823346535
F0042	5	activation	0.4072923231198745	0.6186816234378516	1.0	0.15747254788011852	0.15484262406338162	0.9379602681545044	0.8586937056873517	0.5377049180327869	outcome	0.6186816234378516	-0.6186816234378516	0.2113893003179771	-0.701384492062988	-0.3839807906995789
F0043	5	activation	0.5762312311832642	0.5603065898612436	1.0	0.15547794639010679	0.15840249023333225	0.9349213964712408	0.8808491664901332	0.5836065573770491	reversal	0.5603065898612436	-0.5603065898612436	-0.23246378002850293	-0.4761561081061637	-0.015924641322020632
F0044	5	activation	0.5596820858088533	0.59241893209772	0.8	0.14440321158120498	0.15786159220483265	0.9369657610982387	0.9385869032046433	0.4885245901639344	rescue	0.59241893209772	-0.59241893209772	-0.2189580110074472	-0.5246599277293683	0.03273684628886677
F0045	5	activation	0.37202328140625807	0.4142515121106205	1.0	0.16376866741759807	0.16562530672588274	0.9356038163504206	1.0	0.5245901639344263	replication	0.4142515121106205	-0.4142515121106205	-0.16501017006743454	-0.3759739143868571	0.04222823070436241
F0046	2	activation	0.9457609408109542	0.9765774964950552	1.0	0.6923128089550699	0.14910212191625477	0.5474533113967956	0.13482831027432274	0.0	none	0.9765774964950552	-0.9765774964950552	-0.3441195436691448	-0.8504843878984564	0.03081655568410103
F0047	2	activation	0.9999179569731389	0.9819572676388729	1.0	0.7013073763103159	0.14541617025843093	0.653296348205197	0.10673809714149174	0.0	outcome	0.9819572676388729	-0.9819572676388729	-0.29120784511648456	-0.8796464296053828	-0.017960689334266033
F0048	2	activation	0.9696361205955785	0.9854822670186338	1.0	0.7217659869587103	0.16132226428717503	0.5365242891824376	0.14242778671112166	0.0	reversal	0.9854822670186338	-0.9854822670186338	-0.33480868073864856	-0.8636289384574937	0.015846146423055395
F0049	2	activation	1.0197611459789067	0.9814842990126604	1.0	0.7270943696801367	0.1413206340379642	0.6107915278757832	0.12023009730994039	0.0	rescue	0.9814842990126604	-0.9814842990126604	-0.27014631597770494	-0.8873351076898662	-0.03827684696624626
F0050	2	activation	0.919482685356485	0.9806875851920875	1.0	0.6688302004789576	0.16205731531167628	0.5938511827542012	0.20266941902710978	0.0	replication	0.9806875851920875	-0.9806875851920875	-0.3767761866227954	-0.8436910869845647	0.06120489983560254
F0051	3	activation	0.9792818721356435	0.985405063451204	1.0	0.7343745233975966	0.14435972385704077	0.5371261011180652	0.08126726255729977	0.0	none	0.985405063451204	-0.985405063451204	-0.3186147213451842	-0.8705432152934411	0.006123191315560541
F0052	3	activation	1.0018171707260077	0.9925193261132826	1.0	0.7326442290384387	0.1581054734433991	0.6496912659143343	0.11392424204164053	0.0	outcome	0.9925193261132826	-0.9925193261132826	-0.30460145983731496	-0.8863653354870781	-0.009297844612725058
F0053	3	activation	0.9983498487272805	0.9862716835168526	1.0	0.6797019365541591	0.1523538197908825	0.5210304202534395	0.11372809706976128	0.0	reversal	0.9862716835168526	-0.9862716835168526	-0.29946517558233626	-0.881328863345923	-0.012078165210427915
F0054	3	activation	0.9901282961099747	0.9876175606308761	1.0	0.6908102385187401	0.16727034642288746	0.5831334470699829	0.14575943502880873	0.0	rescue	0.9876175606308761	-0.9876175606308761	-0.3076554372816427	-0.8824166477532148	-0.0025107354790985313
F0055	3	activation	0.9862224415049968	0.9871261569614658	1.0	0.7238773747644626	0.16068539679810317	0.5413992520253182	0.12397205016076451	0.0	replication	0.9871261569614658	-0.9871261569614658	-0.3054220290936512	-0.8838421825228548	0.0009037154564689424
F0056	5	activation	1.0052411072172547	0.9921041118397985	1.0	0.7003553236574691	0.15041122330006607	0.5594070857444147	0.09197031543529866	0.0	none	0.9921041118397985	-0.9921041118397985	-0.30635643940060914	-0.8823712041352504	-0.013136995377456108
F0057	5	activation	0.9654489583067756	0.985506084932659	1.0	0.7264324743503293	0.15809471376193365	0.6184839567046967	0.07198511646516748	0.0	outcome	0.985506084932659	-0.985506084932659	-0.34025450458861567	-0.858456222797867	0.020057126625883423
F0058	5	activation	1.0015925839279367	0.9897666980195695	1.0	0.6793942619904975	0.14848503513453465	0.6371402351881051	0.11362516606502915	0.0	reversal	0.9897666980195695	-0.9897666980195695	-0.29558179523627287	-0.8860600203791797	-0.011825885908367226
F0059	5	activation	1.001014980647306	0.9922620463160872	1.0	0.7161368398394299	0.15747125647109053	0.5661002693325199	0.10349898375337874	0.0	rescue	0.9922620463160872	-0.9922620463160872	-0.30088935497223296	-0.8870077687128787	-0.00875293433121901
F0060	5	activation	1.0021342826932713	0.9913594143878159	1.0	0.7110403399913994	0.15656943087189254	0.5610901802421581	0.07818109065767964	0.0	replication	0.9913594143878159	-0.9913594143878159	-0.3070155927477451	-0.8824412297406726	-0.010774868305455416
F0061	2	activation	0.8764636100334198	0.8692499894569716	1.0	0.6645816001817738	0.14600444327142717	0.5367997631057124	0.4493815997955116	0.11475409836065574	none	0.8692499894569716	-0.8692499894569716	-0.2845466056975286	-0.7698621302271632	-0.007213620576448099
F0062	2	activation	0.8146514100340614	0.9194308384369887	1.0	0.7004791153809229	0.15550840915846478	0.589665214230408	0.5041333762197686	0.09836065573770492	outcome	0.9194308384369887	-0.9194308384369887	-0.3869179677714836	-0.7761038187156277	0.10477942840292731
F0063	2	activation	0.8840384378707701	0.9050118484860864	1.0	0.7898689719615655	0.1662129174708225	0.6707226900164694	0.3743369493457649	0.12295081967213115	reversal	0.9050118484860864	-0.9050118484860864	-0.3271744088936754	-0.7779920880874925	0.02097341061531637
F0064	2	activation	0.8625269032775451	0.908164305764291	1.0	0.7216020707145183	0.1715886054648889	0.592231589537209	0.39366081091897454	0.10655737704918032	rescue	0.908164305764291	-0.908164305764291	-0.3327987075293222	-0.7902661728148253	0.04563740248674589
F0065	2	activation	0.9168555305544849	0.8424271005811987	1.0	0.6767097366043966	0.15989748821518895	0.5725755476049152	0.28070375358409017	0.07377049180327869	replication	0.8424271005811987	-0.8424271005811987	-0.07442842997328616	-0.8157884472307968	-0.18372751169760734
F0066	3	activation	0.8128435885478398	0.8891361521319081	1.0	0.7480636604244698	0.1565602878913691	0.560875294273677	0.11930113629279049	0.14207650273224043	none	0.8891361521319081	-0.8891361521319081	-0.36096505966478415	-0.7671553002292784	0.07629256358406832
F0067	3	activation	0.8572977549274635	0.8731341533711194	1.0	0.7453756134944262	0.15403412211965994	0.5522934825388195	0.18997575867456873	0.13114754098360656	outcome	0.8731341533711194	-0.8731341533711194	-0.2636990624489007	-0.7890447242107154	0.01583639844365589
F0068	3	activation	0.9303595265854229	0.9085981249757292	1.0	0.6958216246773673	0.15593996591538056	0.6518332440048655	0.18752448593526994	0.1366120218579235	reversal	0.9085981249757292	-0.9085981249757292	-0.25961264505913983	-0.8231709964200024	-0.02176140160969365
F0069	3	activation	0.9197503832485591	0.9075104599385933	1.0	0.6644104027356443	0.16834679823528004	0.58505097835525	0.3789397997649806	0.12568306010928962	rescue	0.9075104599385933	-0.9075104599385933	-0.29369398091754056	-0.8014054595192994	-0.012239923309965834
F0070	3	activation	0.9763810990665736	0.9414643756425458	1.0	0.7441744034869328	0.17596939823583735	0.6185345856211488	0.1738066150654739	0.17486338797814208	replication	0.9414643756425458	-0.9414643756425458	-0.2422042768590624	-0.8605405783235063	-0.03491672342402771
F0071	5	activation	0.9986339673112374	0.9686408263419195	1.0	0.6842064841890935	0.1512387436848629	0.5860033652995679	0.1807857225502324	0.12459016393442623	none	0.9686408263419195	-0.9686408263419195	-0.2921243883202032	-0.8621701855681478	-0.0299931409693179
F0072	5	activation	0.9604732017749842	0.9257966917883942	1.0	0.7340364319020143	0.15620889531655927	0.5753307652126727	0.06085660867293963	0.10163934426229508	outcome	0.9257966917883942	-0.9257966917883942	-0.23531810254314584	-0.8576183094226193	-0.034676509986590054
F0073	5	activation	1.0441271102334493	0.966208866657307	1.0	0.7495344794623486	0.1566760086517228	0.6035214341735218	0.14470820315763655	0.10819672131147541	reversal	0.966208866657307	-0.966208866657307	-0.23654418644907435	-0.8828773332904999	-0.07791824357614224
F0074	5	activation	1.004804139162318	0.9508401736176936	1.0	0.7311335294853213	0.15410105074627803	0.5722376756814018	0.17636456092709152	0.11475409836065574	rescue	0.9508401736176936	-0.9508401736176936	-0.24209995327455175	-0.8663254685246068	-0.05396396554462431
F0075	5	activation	0.9832702932588165	0.957928001917111	1.0	0.724154663827857	0.15747782052250375	0.5865226264613337	0.32067071670716507	0.13442622950819672	replication	0.957928001917111	-0.957928001917111	-0.2671462899506032	-0.8634266367612212	-0.025342291341705472
F0076	2	activation	0.9983440033205315	0.8703778200688805	1.0	0.738018562196892	0.1658852051320662	0.6427576578329651	1.0	0.5573770491803278	none	0.8703778200688805	-0.8703778200688805	-0.27519303587540483	-0.8095442469369518	-0.12796618325165102
F0077	2	activation	0.503883894564833	0.4403279700610669	1.0	0.7084898979254954	0.16342177867711968	0.5438819847025465	0.69581211821431	0.48360655737704916	outcome	0.4403279700610669	-0.4403279700610669	-0.06355592450376613	-0.40930138459539744	-0.07373861628937159
F0078	2	activation	0.9167145424251166	0.8512407329084599	1.0	0.6918156682761353	0.15715403537609773	0.48842441619521115	1.0	0.5491803278688525	reversal	0.8512407329084599	-0.8512407329084599	-0.06547380951665671	-0.8465762516715964	-0.1942765389293389
F0079	2	activation	0.7939657281743532	0.6917323850036637	1.0	0.6638264195107353	0.15021208771092234	0.5261087823461907	0.7847537205507722	0.48360655737704916	rescue	0.6917323850036637	-0.6917323850036637	-0.16792786666836595	-0.6295637027232692	-0.10223334317068945
F0080	2	activation	0.8563829757275303	0.7649117645195236	1.0	0.7329984585052053	0.14832840692119567	0.5728168811891748	0.7932612848486019	0.4918032786885246	replication	0.7649117645195236	-0.7649117645195236	-0.22561334775672323	-0.6984645361476183	-0.09147121120800678
F0081	3	activation	0.5671128350401081	0.6654976432498374	1.0	0.7217607246071001	0.1538335678655502	0.597936097865184	0.7978885753940832	0.47540983606557374	none	0.6654976432498374	-0.6654976432498374	-0.39031826611190207	-0.5257272567202942	0.09838480820972931
F0082	3	activation	0.83323502238038	0.7285826810443825	1.0	0.7165648658826373	0.16280022258612645	0.5192682453914828	0.5011504976160055	0.5355191256830601	outcome	0.7285826810443825	-0.7285826810443825	-0.1652868357493555	-0.6758074113996064	-0.10465234133599756
F0083	3	activation	0.7538757726497666	0.6463414893788185	1.0	0.6452734372732691	0.15893202581929172	0.5651706426767884	0.6385074900182088	0.5081967213114754	reversal	0.6463414893788185	-0.6463414893788185	-0.13773671953404523	-0.5927214077127946	-0.10753428327094809
F0084	3	activation	0.6632683255268402	0.6141126819780611	1.0	0.6794702612206832	0.1678587204854014	0.5949829304546985	0.48165207879846605	0.46994535519125685	rescue	0.6141126819780611	-0.6141126819780611	-0.21411904951180608	-0.5433823580054079	-0.049155643548779125
F0085	3	activation	0.5521846991254242	0.4964485404247622	1.0	0.6268572436949024	0.15223829246073248	0.5723198832956526	0.7188470063011269	0.5136612021857924	replication	0.4964485404247622	-0.4964485404247622	-0.055736158700661974	-0.46695391162904404	-0.11956038500424283
F0086	5	activation	0.791306924067923	0.7447842710759971	1.0	0.7212476391730644	0.15299308983868964	0.5474172955487486	0.5022086044363223	0.5475409836065573	none	0.7447842710759971	-0.7447842710759971	-0.2402755597949077	-0.6602860614078296	-0.046522652991925956
F0087	5	activation	0.7891312154321463	0.831718698637621	1.0	0.6647608693932541	0.15625795579887267	0.5974929546880574	0.4317329467030029	0.47540983606557374	outcome	0.831718698637621	-0.831718698637621	-0.3316327792488374	-0.7085679987945317	0.04258748320547476
F0088	5	activation	0.9420482148143337	0.803444237198581	1.0	0.6979017079032936	0.15842335222351334	0.5762818731814503	0.6367727215773826	0.49508196721311476	reversal	0.803444237198581	-0.803444237198581	-0.1881080318563713	-0.7394059859242549	-0.13860397761575266
F0089	5	activation	0.7761130091484242	0.7470380993737205	1.0	0.7052858712816901	0.1461167683098876	0.6289604313063399	0.5065306461613941	0.5049180327868853	rescue	0.7470380993737205	-0.7470380993737205	-0.2328906035481786	-0.6745767372841909	-0.029074909774703766
F0090	5	activation	0.9416212811332123	0.8184392091537598	1.0	0.7244635270481792	0.15265761758605745	0.5705102469959843	0.692294022826462	0.5868852459016394	replication	0.8184392091537598	-0.8184392091537598	-0.1800555498279168	-0.7589561100290664	-0.12318207197945252
F0091	2	activation	0.5165306585917491	0.879481470421082	1.0	0.15452780427715013	0.6510559884903788	0.9368243219425646	0.15266916424901356	0.0	none	0.879481470421082	-0.879481470421082	-0.6380348678438994	-0.6438484513125545	0.36295081182933303
F0092	2	activation	0.6873820762708018	0.9329724779951062	1.0	0.1510756442425703	0.697448238480709	0.9341548043590306	0.06392080016566781	0.0	outcome	0.9329724779951062	-0.9329724779951062	-0.5414744671626877	-0.7348131058872247	0.2455904017243043
F0093	2	activation	0.6524516893215996	0.9258705537828308	1.0	0.14882674825458156	0.6429964965865174	0.9328573417805683	0.17741678818269846	0.0	reversal	0.9258705537828308	-0.9258705537828308	-0.5672883444464478	-0.7161573006655818	0.2734188644612312
F0094	2	activation	0.6370910444528249	0.8948083913669654	1.0	0.16122831244358884	0.690545726679085	0.9268759499168285	0.038831890611375486	0.0	rescue	0.9201081547008442	-0.9201081547008442	-0.5609765230980363	-0.7145272646927462	0.28301711024801923
F0095	2	activation	0.5987468952396149	0.910159875749288	1.0	0.1452799319225901	0.6549193602940071	0.9382826668611344	0.14466735585695445	0.0	replication	0.910159875749288	-0.910159875749288	-0.5887202170384461	-0.6968819958589426	0.31141298050967314
F0096	3	activation	0.6440890535072744	0.9308266723598426	1.0	0.1673730479263471	0.650234266444743	0.9422797388362842	0.13516247162140826	0.0	none	0.9308266723598426	-0.9308266723598426	-0.5763109635303766	-0.7183681465841459	0.2867376188525682
F0097	3	activation	0.554443745645653	0.9022615094340701	1.0	0.15221728177710492	0.643468776280018	0.9416517825261302	0.18458579566203914	0.0	outcome	0.9022615094340701	-0.9022615094340701	-0.6288729163945646	-0.6698963287963249	0.34781776378841706
F0098	3	activation	0.5217744342543567	0.890615220673466	1.0	0.16344749978028844	0.6090716203492454	0.9412108280606918	0.20817594486009516	0.0	reversal	0.890615220673466	-0.890615220673466	-0.6472514036750825	-0.6494051252298746	0.36884078641910933
F0099	3	activation	0.5965664185030168	0.9148446820129988	1.0	0.15328162112891328	0.6663471655275964	0.93259438467651	0.09010033182107502	0.0	rescue	0.9148446820129988	-0.9148446820129988	-0.5979939414736484	-0.6954121019558348	0.318278263509982
F0100	3	activation	0.6521760412825117	0.9269129514409207	1.0	0.16189261491848927	0.6804452102671877	0.9386425168583431	0.1279827102811737	0.0	replication	0.9269129514409207	-0.9269129514409207	-0.5712102779182646	-0.71913722763602	0.2747369101584089
F0101	5	activation	0.5201333375390106	0.8918089904960514	1.0	0.15812363912667884	0.6414125731053412	0.9334274697913121	0.13405346904147752	0.0	none	0.8918089904960514	-0.8918089904960514	-0.6516294224871448	-0.650272480018251	0.37167565295704086
F0102	5	activation	0.5926766723858958	0.9157815428851095	1.0	0.15869497613473743	0.7040613610647604	0.9364576322376513	0.0565601856630249	0.0	outcome	0.9157815428851095	-0.9157815428851095	-0.6045276350844849	-0.6935186840981168	0.3231048704992137
F0103	5	activation	0.6230703069427719	0.925908052024389	1.0	0.16147197558556745	0.6524370533533582	0.9353240342986234	0.11940950068713452	0.0	reversal	0.925908052024389	-0.925908052024389	-0.5913242352225792	-0.7076488864893592	0.3028377450816171
F0104	5	activation	0.6323090661637003	0.9280138784035135	1.0	0.15470389677749935	0.6417561759323993	0.9395061935616258	0.17388220451873404	0.0	rescue	0.9280138784035135	-0.9280138784035135	-0.5780019207733925	-0.7183075441503401	0.2957048122398131
F0105	5	activation	0.6142472997820205	0.9229469962498106	1.0	0.16099152912297685	0.7015486078005685	0.9330142555525948	0.062001767626287285	0.0	replication	0.9229469962498106	-0.9229469962498106	-0.5917882822483	-0.7071962689209569	0.30869969646779
F0106	2	activation	0.6408453891909609	0.8230224188792415	1.0	0.1510694005573548	0.6583851401158203	0.9315893513090584	0.24748168109882784	0.10655737704918032	none	0.8230224188792415	-0.8230224188792415	-0.4496879511835503	-0.6591962511215783	0.18217702968828065
F0107	2	activation	0.4269328585924659	0.7377224830255301	1.0	0.15424497725759048	0.6806472610532058	0.9304546229592441	0.19435544215679024	0.08196721311475409	outcome	0.7377224830255301	-0.7377224830255301	-0.5157207753446592	-0.5548279962128206	0.31078962443306424
F0108	2	activation	0.35457170310335373	0.7630094580189272	1.0	0.14924844301588103	0.6385992160551065	0.9384269882219576	0.41012838009430597	0.10655737704918032	reversal	0.7630094580189272	-0.7630094580189272	-0.6622655936420013	-0.5298679578600899	0.40843775491557344
F0109	2	activation	0.23999308024655108	0.6070186193248821	1.0	0.1469689909544861	0.6098540678782799	0.9420221895670682	0.1796571527906511	0.13114754098360656	rescue	0.6070186193248821	-0.6070186193248821	-0.5763915602187107	-0.38312799645160794	0.367025539078331
F0110	2	activation	0.18709254879197423	0.6217970633684405	1.0	0.16115944841089927	0.6343534925647499	0.942229809842827	0.1440771512920751	0.1557377049180328	replication	0.6217970633684405	-0.6217970633684405	-0.6427919373463507	-0.36150093256455934	0.4347045145764663
F0111	3	activation	0.4480905326485542	0.8206492213530083	1.0	0.1659926239615743	0.6573401450518278	0.9386893959151935	0.2615770522302484	0.11475409836065574	none	0.8206492213530083	-0.8206492213530083	-0.6066713630786684	-0.5969691939523362	0.37255868870445413
F0112	3	activation	0.458105168178915	0.7642928592953449	1.0	0.1581854117053097	0.6236850428651568	0.9428861753872287	0.08803469163527622	0.11475409836065574	outcome	0.8054008013053906	-0.8054008013053906	-0.6056400596812975	-0.573821642469243	0.3472956331264756
F0113	3	activation	0.45442654466700483	0.7784925130492398	1.0	0.15624452222272472	0.6495954009745256	0.9391513915154251	0.30531935354252904	0.15300546448087432	reversal	0.7784925130492398	-0.7784925130492398	-0.59521292213354	-0.545971029702745	0.324065968382235
F0114	3	activation	0.6048899256655766	0.8586487352623695	1.0	0.14995695204171894	0.6582709313675342	0.9370471071367741	0.2457949884185605	0.12021857923497267	rescue	0.8586487352623695	-0.8586487352623695	-0.5200078338741029	-0.6648588951803438	0.2537588095967928
F0115	3	activation	0.7327580145550266	0.9015200065618539	1.0	0.15598631863222268	0.6918415359009112	0.9368965175192984	0.296918931366138	0.15846994535519127	replication	0.9015200065618539	-0.9015200065618539	-0.47475968074976826	-0.7287933681497443	0.16876199200682732
F0116	5	activation	0.6319962217987445	0.8958755550539441	1.0	0.15886226874058423	0.6275546307537541	0.9358684608135293	0.3639448489401589	0.13442622950819672	none	0.8958755550539441	-0.8958755550539441	-0.5545773310696549	-0.6887118441721154	0.26387933325519963
F0117	5	activation	0.6256131614226536	0.8706674718974932	1.0	0.15612097416630139	0.6146878893398993	0.9373528270705106	0.24384407359345361	0.14426229508196722	outcome	0.8706674718974932	-0.8706674718974932	-0.5361657948335828	-0.6643494147712411	0.24505431047483958
F0118	5	activation	0.5282439670742697	0.8653364170657573	1.0	0.1552031612295485	0.6409899248250125	0.9314962164503091	0.1279796693164056	0.1377049180327869	reversal	0.8653364170657573	-0.8653364170657573	-0.599546879018257	-0.6434897902436024	0.3370924499914876
F0119	5	activation	0.6595266791159639	0.9053358485861019	1.0	0.16442328443610477	0.6792845185847425	0.9370274146457472	0.16227298309609428	0.11475409836065574	rescue	0.9053358485861019	-0.9053358485861019	-0.5490481221580692	-0.6966125766027831	0.24580916947013812
F0120	5	activation	0.4338941960119055	0.8190559761505499	1.0	0.1645246639535484	0.6500788794602421	0.9341458468221722	0.09775327645887943	0.15081967213114755	replication	0.821430286529894	-0.821430286529894	-0.6188158162460511	-0.5931345476117819	0.38753609051798854
F0121	2	activation	0.5830858911245415	0.6643271003531421	1.0	0.15475415031619477	0.5631279024473167	0.9407961481774542	0.8658837528287461	0.5245901639344263	none	0.6643271003531421	-0.6643271003531421	-0.3878982935936097	-0.5127350088666748	0.0812412092286007
F0122	2	activation	0.7047361013632456	0.6410964410886022	1.0	0.16747182131451718	0.6047046351395177	0.9319844288901927	0.5500352562498717	0.5163934426229508	outcome	0.6410964410886022	-0.6410964410886022	-0.17541989804685945	-0.5647851121113132	-0.0636396602746434
F0123	2	activation	0.5198649706384312	0.5377607445479766	1.0	0.16689481703407155	0.6201415761319826	0.930691260236107	0.7323414712415703	0.5327868852459017	reversal	0.5377607445479766	-0.5377607445479766	-0.295335199488493	-0.4446137666260175	0.017895773909545432
F0124	2	activation	0.3577664154248098	0.3819672760025421	1.0	0.1664422225776635	0.5916228413617675	0.9267524311453624	0.6010834560819021	0.5245901639344263	rescue	0.3819672760025421	-0.3819672760025421	-0.13320931307619036	-0.34798670331889053	0.02420086057773232
F0125	2	activation	0.3848952499280267	0.5597731551496261	1.0	0.1665929840682388	0.5845175325427475	0.9399823101739012	0.7577449051699724	0.5163934426229508	replication	0.5597731551496261	-0.5597731551496261	-0.35046724571894067	-0.43930365956610623	0.17487790522159938
F0126	3	activation	0.680061675531246	0.7264003512862148	1.0	0.16058871591624424	0.6222446113625978	0.9309138493685732	0.5410416375907124	0.5136612021857924	none	0.7264003512862148	-0.7264003512862148	-0.3558728205085498	-0.5973129638779737	0.04633867575496883
F0127	3	activation	0.7456165948634637	0.6752626700811634	1.0	0.15397980599109573	0.6425358860800094	0.9334723237364625	0.7871135999401513	0.5245901639344263	outcome	0.6752626700811634	-0.6752626700811634	-0.15695254676792197	-0.6494153610480318	-0.07035392478230024
F0128	3	activation	0.3321024240598086	0.47142999883560205	1.0	0.15560982598324502	0.6503589897250027	0.930671579769226	0.46851441922707615	0.48633879781420764	reversal	0.47142999883560205	-0.47142999883560205	-0.3710841772680049	-0.3218437659673869	0.13932757477579347
F0129	3	activation	0.8948347843665809	0.8237237393492528	1.0	0.14476305012421542	0.616567585040856	0.9370409571112892	1.0	0.45901639344262296	rescue	0.8237237393492528	-0.8237237393492528	-0.26327993216467016	-0.7487460543371863	-0.07111104501732816
F0130	3	activation	0.2523088303579267	0.3191853261553912	1.0	0.15026143694035632	0.6863271687100647	0.9423003332154872	0.3063694660648266	0.5355191256830601	replication	0.3191853261553912	-0.3191853261553912	-0.2035062110358712	-0.2616808153835042	0.06687649579746448
F0131	5	activation	0.5762073737709503	0.7074512781265312	1.0	0.15438461814749113	0.6915564722593647	0.9346304132124474	0.4175158914725131	0.5147540983606558	none	0.7074512781265312	-0.7074512781265312	-0.3436726940008341	-0.5755943282546112	0.1312439043555809
F0132	5	activation	0.6587659523066425	0.6354448420745057	0.8	0.15702724448082683	0.6356944203306243	0.9350458894473856	0.5590698572160429	0.4852459016393443	outcome	0.6354448420745057	-0.6354448420745057	-0.15918684355129992	-0.5993030969619958	-0.02332111023213675
F0133	5	activation	0.31607236213420953	0.6049123188805786	0.8	0.15827100650493894	0.6017893608997245	0.9407938630176262	0.7161501681142901	0.5344262295081967	reversal	0.6049123188805786	-0.6049123188805786	-0.4386945557661735	-0.49746667597735167	0.2888399567463691
F0134	5	activation	0.30331552517719795	0.44641994692410886	1.0	0.16201032834370788	0.6279905360298873	0.932969041918745	0.3775650113141479	0.5245901639344263	rescue	0.44641994692410886	-0.44641994692410886	-0.34945536014825584	-0.3057035255291871	0.1431044217469109
F0135	5	activation	0.18441772151747526	0.5128892712183039	1.0	0.16051713338519527	0.6397051621949603	0.9396332645966629	0.35628399365203334	0.5180327868852459	replication	0.5128892712183039	-0.5128892712183039	-0.5185050209487403	-0.331154634005843	0.3284715497008286
F0136	2	suppression	0.09753151169055407	0.7806561850245841	1.0	0.15496355224081143	0.14510358149639885	0.933867364499781	0.4494138342639838	0.0	none	-0.9687525573291659	0.9687525573291659	0.30193544698896074	0.8712210456386118	-0.01036302226918766
F0137	2	suppression	0.07930180785474694	0.7674060512916012	1.0	0.15292285671811218	0.15211750409680086	0.9350351915202477	0.4377761657156685	0.0	outcome	-0.9743617588824137	0.9743617588824137	0.25077164580462274	0.8950599510276668	0.04256475337269747
F0138	2	suppression	0.09192364267012676	0.7635448878561851	1.0	0.16932119764761444	0.15051774403913046	0.9315926579744284	0.4194073236365301	0.0	reversal	-0.9727041330408898	0.9727041330408898	0.280346419486786	0.880780490370763	0.030585973525473487
F0139	2	suppression	0.0930755793033653	0.7474027305982179	1.0	0.16421221549271253	0.14881643808447578	0.9387550181637571	0.4104338630512607	0.0	rescue	-0.9754735460285034	0.9754735460285034	0.2869490581779443	0.8823979667251381	0.0213135419080927
F0140	2	suppression	0.0837245971498346	0.829606719774472	1.0	0.15850006755447466	0.13923350247956645	0.9401607544823961	0.4827735856760661	0.0	replication	-0.9702644677453612	0.9702644677453612	0.27024607445473003	0.8865398705955266	0.034787878080812004
F0141	3	suppression	0.09754632832012622	0.7540177822598868	1.0	0.15290489291724027	0.1548758565704587	0.9297495085699663	0.42372481545705365	0.0	none	-0.9773810574973288	0.9773810574973288	0.29028205475228663	0.8798347291772026	0.02462770895785893
F0142	3	suppression	0.0922979588388293	0.7960826858420529	1.0	0.1581590110953114	0.15374033988312644	0.9390389400221458	0.4533452870584139	0.0	outcome	-0.9763823675225338	0.9763823675225338	0.27142165563149684	0.8840844086837045	0.03410224410210536
F0143	3	suppression	0.07473374004891198	0.7690577380013296	1.0	0.14532514862064083	0.15819834125205462	0.9349317559747858	0.431915158756272	0.0	reversal	-0.9774277380416794	0.9774277380416794	0.23214314063927494	0.9026939979927674	0.07214160325272147
F0144	3	suppression	0.09033658205217299	0.8279982106564958	1.0	0.16888891609459092	0.14856477411991023	0.9426047747806291	0.463024677786946	0.0	rescue	-0.9827271703048515	0.9827271703048515	0.2669967606667356	0.8923905882526785	0.051309656995580225
F0145	3	suppression	0.09399673974290379	0.7489693439457575	1.0	0.1406973943509283	0.15208221182925385	0.9290183070050846	0.4249193118295036	0.0	replication	-0.9735277723313729	0.9735277723313729	0.2776221061754159	0.8795310325884691	0.027071174294500303
F0146	5	suppression	0.07582741934716308	0.806832313253231	1.0	0.16163901865235997	0.15928726440221871	0.9372518429094727	0.4536889763186668	0.0	none	-0.9834173642114495	0.9834173642114495	0.23343147715545545	0.9075899448642865	0.07650461935647605
F0147	5	suppression	0.08438290563164641	0.7267566613565132	1.0	0.15912564659960615	0.15872005066802206	0.9333547024547394	0.3930357532154891	0.0	outcome	-0.9871524815025353	0.9871524815025353	0.2708140062465587	0.9027695758708889	0.03494758371348733
F0148	5	suppression	0.09336416882825516	0.6838434652799078	1.0	0.15528064411236814	0.15602748058102234	0.9349954596743077	0.36256758855940097	0.0	reversal	-0.98898471944602	0.98898471944602	0.2683317120597753	0.8956205506177648	0.05446474218798931
F0149	5	suppression	0.09495502463939309	0.7989841090930528	1.0	0.15453274501922756	0.15135324362492028	0.9364825099141367	0.4524623553605067	0.0	rescue	-0.9872206240954963	0.9872206240954963	0.27901484982992125	0.8922655994561032	0.033265874324083004
F0150	5	suppression	0.1016628414228925	0.7558327732571714	1.0	0.16523127195672088	0.1581757126439253	0.9382118940655809	0.40930971191818794	0.0	replication	-0.9866564716056888	0.9866564716056888	0.2896909486070431	0.8849936301827963	0.02920857027247995
F0151	2	suppression	0.1097527967925751	0.8328202096801113	1.0	0.15839566920332945	0.14694215583745815	0.934684802128034	0.8750389766980557	0.10655737704918032	none	-0.8328202096801113	0.8328202096801113	0.3479264473448886	0.7230674128875362	-0.06033328451746535
F0152	2	suppression	0.04923545488928616	0.7908920324153327	1.0	0.15983119930518377	0.17158126201854068	0.9274970907746205	0.6029137422033872	0.09016393442622951	outcome	-0.7908920324153327	0.7908920324153327	0.15674808681575855	0.7416565775260465	0.11817257148060496
F0153	2	suppression	0.08042661162755693	0.8280426978077442	1.0	0.16281190666475695	0.14048928317386847	0.9319274898646923	0.6253707239079137	0.09016393442622951	reversal	-0.8280426978077442	0.8280426978077442	0.20387019037914603	0.7476160861801873	0.11460366677669098
F0154	2	suppression	0.08871202793637512	0.792903278479268	1.0	0.14955965035399502	0.16111355499805521	0.9309724282795486	0.696418545686582	0.09836065573770492	rescue	-0.792903278479268	0.792903278479268	0.21461572619548763	0.7041912505428929	0.06004685866450026
F0155	2	suppression	0.09299333520008424	0.6217060811337987	1.0	0.1420568044518587	0.15597525725993078	0.9315213880846758	0.5064803128752763	0.09836065573770492	replication	-0.7038654090495178	0.7038654090495178	0.2432265354787237	0.6108720738494335	-0.046891729115800765
F0156	3	suppression	0.07796522798490768	0.9156149385244716	1.0	0.15813044755859668	0.14537685469175396	0.9370946416002156	0.8240130627582314	0.14754098360655737	none	-0.9156149385244716	0.9156149385244716	0.2080234891883736	0.8376497105395639	0.07971558903280161
F0157	3	suppression	0.07957375682673107	0.8395064281183016	1.0	0.14964343091198204	0.14806198338574333	0.9342601157060701	0.5783031657402249	0.11475409836065574	outcome	-0.8649395765903225	0.8649395765903225	0.24595034872326088	0.7853658197635914	0.021559377972552245
F0158	3	suppression	0.12010045992832863	0.7664392225237429	1.0	0.1594110504792801	0.16820957913928972	0.9311748931539127	0.505103191745783	0.12021857923497267	reversal	-0.8537331263406623	0.8537331263406623	0.3451149401240321	0.7336326664123337	-0.0857683689405731
F0159	3	suppression	0.09998597676792875	0.5517155217788376	1.0	0.15721384092345445	0.15676447460440837	0.9320649122837465	0.4280290353831848	0.13114754098360656	rescue	-0.7070340504534801	0.7070340504534801	0.3243146706513233	0.6070480736855514	-0.1266949156423875
F0160	3	suppression	0.10259700299572672	0.6773292593726675	1.0	0.1661343456287254	0.16563106926685287	0.931510540041522	0.47123593456452695	0.1092896174863388	replication	-0.7970201314932265	0.7970201314932265	0.297414111228054	0.6944231284974998	-0.07145740060183739
F0161	5	suppression	0.08268045216703679	0.9032630363149418	1.0	0.16105948524123775	0.1577229360419482	0.9365664711770063	0.5859802869008326	0.09836065573770492	none	-0.9068423161643541	0.9068423161643541	0.27548576749770554	0.8241618639973173	-0.027330167228391582
F0162	5	suppression	0.07036298382965656	0.8265511797328098	1.0	0.14452059642834283	0.15953495690936875	0.9297035878371742	0.5360817103053104	0.09508196721311475	outcome	-0.8911709767993404	0.8911709767993404	0.21296972718817517	0.8208079929696839	0.06016387750335994
F0163	5	suppression	0.06767601502841014	0.9385114529529662	1.0	0.15440335626473267	0.16569269700509576	0.9360225229548017	0.6751920049853177	0.09180327868852459	reversal	-0.9385114529529662	0.9385114529529662	0.20354739321501852	0.8708354379245561	0.1082094644481852
F0164	5	suppression	0.08554420807437157	0.8194557485731181	1.0	0.15411601992835403	0.15798799528917903	0.9299568892925549	0.4944415340146441	0.10819672131147541	rescue	-0.9420048968133624	0.9420048968133624	0.2703890662315952	0.8564606887389908	0.006032995999480238
F0165	5	suppression	0.08941035512528572	0.760683943254558	1.0	0.1565937642128126	0.15543806958386389	0.9365159153726388	0.4769529341218801	0.10819672131147541	replication	-0.9005065592489688	0.9005065592489688	0.2561843489816373	0.8110962041236831	0.039232640212035624
F0166	2	suppression	0.022987502712933927	0.5509783835133424	1.0	0.14605962069576392	0.16699015983956386	0.9461390298993486	0.8870390394887001	0.5655737704918032	none	-0.5509783835133424	0.5509783835133424	0.12293689153744694	0.5279908808004085	0.048175640209361194
F0167	2	suppression	0.0717053031422919	0.395994415213328	1.0	0.16533288450711697	0.1782606344679515	0.9315133052284892	0.8221061158708217	0.5245901639344263	outcome	-0.395994415213328	0.395994415213328	0.3242891120710361	0.3099983513111068	-0.1801871808114707
F0168	2	suppression	0.04115616391270534	0.1551687932938387	1.0	0.1552514600392512	0.1590870688705257	0.938567984329143	0.9331533273938497	0.5163934426229508	reversal	-0.1551687932938387	0.1551687932938387	0.06124162341877647	0.11401262938113337	0.05300468677587557
F0169	2	suppression	0.031642407047782095	0.6787154704395809	1.0	0.16328171637602445	0.16001007764204817	0.9339494518460552	1.0	0.5655737704918032	rescue	-0.6787154704395809	0.6787154704395809	0.030784429639716664	0.6470730633917988	0.263740058437416
F0170	2	suppression	0.0835221528583768	0.3066095493628454	1.0	0.13522656699982039	0.15626354769868125	0.9405568721126984	0.869454321063532	0.5409836065573771	replication	-0.3066095493628454	0.3066095493628454	0.20988874008958783	0.2230873965044686	-0.09054413442716568
F0171	3	suppression	0.06597723348337481	0.5322944048053383	1.0	0.16697508042213335	0.14789459266013374	0.9353735143220464	0.9875288706151611	0.5191256830601093	none	-0.5322944048053383	0.5322944048053383	0.21800154426172108	0.4663171713219635	0.0075848796674575615
F0172	3	suppression	0.0031114076561732373	0.6241254962311779	1.0	0.16373443771275653	0.1604301781888896	0.9416464864117265	1.0	0.5245901639344263	outcome	-0.6241254962311779	0.6241254962311779	-0.027838868146902594	0.6210140885750046	0.29010428830543095
F0173	3	suppression	0.022955657662634965	0.6657862905857019	1.0	0.14866421354053283	0.15068589177359687	0.9393023432290042	1.0	0.43169398907103823	reversal	-0.6657862905857019	0.6657862905857019	0.08958185745401437	0.642830632923067	0.09504962740367592
F0174	3	suppression	0.0797533604142805	0.6611815093889006	1.0	0.16018003273823095	0.16810913315788706	0.9350462925971885	1.0	0.5300546448087432	rescue	-0.6611815093889006	0.6611815093889006	0.1766129098199824	0.5814281489746201	0.10645514118588047
F0175	3	suppression	0.023879925388217815	0.6454866908366566	1.0	0.15091064432066897	0.1490271559948802	0.9377646329959115	1.0	0.5409836065573771	replication	-0.6454866908366566	0.6454866908366566	0.07341238036830433	0.6216067654484387	0.15048096964372515
F0176	5	suppression	0.015998007532013747	0.7001189068976802	1.0	0.15383276677628482	0.15309349704710615	0.9351839103826586	0.9534247110231469	0.5278688524590164	none	-0.7001189068976802	0.7001189068976802	0.052326463734556544	0.6841208993656664	0.21751068197346382
F0177	5	suppression	0.027462191607862785	0.7294682502370696	1.0	0.15223293679338448	0.16291273797086878	0.9410644591613418	1.0	0.5081967213114754	outcome	-0.7294682502370696	0.7294682502370696	0.08529448074317186	0.7020060586292068	0.14897602279400948
F0178	5	suppression	0.04237676695463999	0.3504955338164263	1.0	0.1622159411279647	0.1585739636395083	0.9373635069088864	0.7468894246687636	0.5180327868852459	reversal	-0.3504955338164263	0.3504955338164263	0.3081187668617863	0.22413184362424168	-0.14633109942906034
F0179	5	suppression	0.049143618893415675	0.6828203444164744	1.0	0.15362016732769687	0.1507980473754493	0.9341825811676129	0.9954394858183317	0.5180327868852459	rescue	-0.6828203444164744	0.6828203444164744	0.14051141866716313	0.6336767255230588	0.17804155961608623
F0180	5	suppression	0.08134446162335474	0.7923245928301644	1.0	0.14958451549002558	0.16044007062180812	0.9378977087155599	1.0	0.5016393442622951	replication	-0.7923245928301644	0.7923245928301644	0.27396202957303634	0.7109801312068097	-0.006301435812446772
F0181	2	suppression	0.04222889132201613	0.4711687876914466	1.0	0.6893197945756485	0.13752506540271606	0.5799311914227572	0.0	0.0	none	-0.8969221179555285	0.8969221179555285	0.18365918666576705	0.8546932266335123	0.09114809026156324
F0182	2	suppression	0.08721538315728838	0.4856339695920244	1.0	0.6551481841094575	0.17114945270941873	0.658702437481677	0.0	0.0	outcome	-0.918905721416767	0.918905721416767	0.2683972041930952	0.8316903382594786	0.015570954700912692
F0183	2	suppression	0.021396505704591395	0.3386803235234421	1.0	0.7215995768998286	0.14633529839919052	0.5675329643256118	0.0	0.0	reversal	-0.8162730322448689	0.8162730322448689	0.1187816037993038	0.7948765265402775	0.11448547958469149
F0184	2	suppression	0.02788604354210389	0.49308861093889894	1.0	0.7763378162729685	0.17138133620013388	0.5595317270187696	0.0	0.0	rescue	-0.906732654527475	0.906732654527475	0.14140681867345814	0.8788466109853711	0.13119936316256248
F0185	2	suppression	0.04627917901614065	0.5233874486255304	1.0	0.6437518560285058	0.1584891345349035	0.6129587879895984	0.0	0.0	replication	-0.9347396102317382	0.9347396102317382	0.1963890590336433	0.8884604312155976	0.07048704439977296
F0186	3	suppression	0.021461616317038024	0.444294002330031	1.0	0.6995579195215539	0.15199377261658067	0.5853514108835988	0.0	0.0	none	-0.8962161978733872	0.8962161978733872	0.10998714364762661	0.8747545815563492	0.1723760530485215
F0187	3	persistent_loss	0.00347364631204794	0.41112529893493505	1.0	0.6508197500548845	0.16998171865680142	0.6119411878959673	0.0	0.0	outcome	-0.8793126550765527	0.8793126550765527	0.07336824392703288	0.8827863013886006	0.19839212651020705
F0188	3	suppression	0.007520761705929302	0.40637044721491133	1.0	0.7116965681270913	0.15364104468328812	0.5038189310121199	0.0	0.0	reversal	-0.8822324012896546	0.8822324012896546	0.10847937160443101	0.8747116395837253	0.1296807225684892
F0189	3	suppression	0.005490030019854819	0.499011899379909	1.0	0.6715317304815521	0.14915541314607753	0.5685576648675028	0.0	0.0	rescue	-0.9263593456796323	0.9263593456796323	0.0837978757882217	0.9208693156597775	0.19579936803623152
F0190	3	suppression	0.019704294565011216	0.5190480586450194	1.0	0.6874080965088667	0.1482678789807429	0.6181132792650509	0.0	0.0	replication	-0.9492331173536015	0.9492331173536015	0.1269172044199955	0.9295288227885903	0.16619836433457807
F0191	5	suppression	0.0443954853411036	0.42610521891868547	1.0	0.684793486171977	0.15396203548772133	0.5863677100558258	0.0	0.0	none	-0.9292242727534824	0.9292242727534824	0.18484790349740998	0.8848287874123788	0.11136460380944804
F0192	5	suppression	0.01160199621289626	0.37606257843419594	1.0	0.7258853656487877	0.15561693292645823	0.5447755171907858	0.0	0.0	outcome	-0.9001409726042339	0.9001409726042339	0.12547651407124003	0.8885389763913376	0.13244425579745855
F0193	5	suppression	0.03253972523011306	0.3713623212858256	1.0	0.674004919121854	0.15525407449471584	0.6110435892186845	0.0	0.0	reversal	-0.9433197921804314	0.9433197921804314	0.17298280021707765	0.9107800669503183	0.09883017814477216
F0194	5	persistent_loss	0.007190866680603647	0.3897853610248591	1.0	0.71942191682372	0.15089660408760924	0.5870315876604899	0.0	0.0	rescue	-0.893427442048222	0.893427442048222	0.06895777942267554	0.9006183087288256	0.20033491597749226
F0195	5	suppression	0.011751670125350278	0.4605509995266826	1.0	0.6944824050248583	0.15455307579018898	0.627657447713347	0.0	0.0	replication	-0.937456380464482	0.937456380464482	0.08557058740028012	0.9257047103391317	0.21268238856431215
F0196	2	persistent_loss	0.029679104614901863	0.15759413678535056	1.0	0.6855036251824881	0.15357185651427627	0.6131617814079715	0.0	0.1885245901639344	none	-0.2771797563494939	0.2771797563494939	-0.0696750751618763	0.30685886096439574	0.1769892361095291
F0197	2	persistent_loss	0.06273023159810198	0.3274278844810396	1.0	0.683459045264708	0.15936672947260871	0.5663332366605495	0.0	0.11475409836065574	outcome	-0.3840179833567858	0.3840179833567858	-0.12841075802925828	0.44674821495488776	0.28106796308066095
F0198	2	persistent_loss	0.08113169460444414	0.5238148673352316	1.0	0.7154625961876794	0.1400818813110494	0.5927788550141699	0.0	0.12295081967213115	reversal	-0.5328571914307209	0.5328571914307209	-0.11104245216678563	0.613988886035165	0.26096923987848203
F0199	2	persistent_loss	0.06140034655268545	0.6660847310992317	1.0	0.7092027528356852	0.15723819596501168	0.5838815748321919	0.0976699574836487	0.16393442622950818	rescue	-0.6046843845465463	0.6046843845465463	-0.08262795742508555	0.6660847310992317	0.28962297273045456
F0200	2	suppression	0.018010700601910568	0.707566300946927	1.0	0.7271084098196068	0.15103630790594733	0.568006065409495	0.01135592157942078	0.10655737704918032	replication	-0.7186193065070956	0.7186193065070956	0.0911453062056502	0.700608605905185	0.13381746877377249
F0201	3	persistent_loss	0.03489881871045253	0.3861308618909302	1.0	0.6576650403609554	0.16227423006380862	0.5274757674975987	0.0	0.12021857923497267	none	-0.5191733833408526	0.5191733833408526	-0.0005773411497617849	0.5540722020513051	0.15893301454122133
F0202	3	suppression	0.04252035139158472	0.6740056307039993	1.0	0.7685431467858147	0.1614436790629227	0.5953662279853169	0.0	0.11475409836065574	outcome	-0.8056294221790136	0.8056294221790136	0.19484942271648917	0.7631090707874288	0.018265532779300493
F0203	3	suppression	0.053458781324054905	0.20065667549073019	1.0	0.796179820863595	0.14812977777784803	0.5997744840877648	0.0	0.11475409836065574	reversal	-0.3146134533861143	0.3146134533861143	0.23526855613459424	0.2611546720620594	-0.19889283274070682
F0204	3	persistent_loss	0.029088877101013932	0.5635214795632453	1.0	0.7315259227838385	0.16266908709049996	0.6332340819334226	0.0	0.16393442622950818	rescue	-0.7322748732942722	0.7322748732942722	0.004319121696164051	0.7613637503952861	0.18730491355576584
F0205	3	suppression	0.002264601983376968	0.5608938784918547	1.0	0.7156635973835744	0.16658321503623447	0.5733420505185973	0.0	0.10382513661202186	replication	-0.714799715259593	0.714799715259593	0.044250754780046156	0.712535113276216	0.1699341501677852
F0206	5	suppression	0.059785227844134314	0.5561529967271027	0.8	0.7031863733539396	0.14969381645461696	0.5785008739616304	0.0	0.10819672131147541	none	-0.7624732370136222	0.7624732370136222	0.2446094254219341	0.7026880091694879	-0.05474239784639534
F0207	5	suppression	0.00563828565975788	0.537568903670471	1.0	0.6941562113731892	0.14963058084170763	0.6094803131853329	0.0	0.13442622950819672	outcome	-0.7744540226644816	0.7744540226644816	0.06588665744455162	0.7688157370047237	0.1698304635769335
F0208	5	suppression	1.036285510147561e-05	0.4938830960918524	1.0	0.7337650409825209	0.16259077266413555	0.561681312336083	0.0	0.10491803278688525	reversal	-0.8096985230758055	0.8096985230758055	0.08453193556830772	0.809688160220704	0.15309199643918697
F0209	5	suppression	0.012175492760413631	0.48392035578610654	0.8	0.727752553362431	0.16435849973459687	0.559254722521525	0.0	0.14426229508196722	rescue	-0.7413271276218817	0.7413271276218817	0.11406026638805374	0.7291516348614681	0.11514361266145394
F0210	5	suppression	0.019267365015058213	0.615598075942014	1.0	0.6957354546032107	0.15561980518938262	0.5776301149231162	0.0	0.09836065573770492	replication	-0.8321785432752762	0.8321785432752762	0.12760121805078034	0.812911178260218	0.08877502006283358
F0211	2	redirection	0.17103830621600416	0.284846369591337	1.0	0.6705754124042366	0.14210546388796094	0.5908418711946501	0.091083888728127	0.5573770491803278	none	0.005497572162681549	-0.005497572162681549	-0.3031217116188522	0.11380806337533286	0.284846369591337
F0212	2	persistent_loss	0.06033128624897066	0.6240592299526626	1.0	0.6592882396779016	0.153272172667544	0.5651631389900373	0.4638404441780355	0.5491803278688525	outcome	-0.563727943703692	0.563727943703692	-0.1867921984880887	0.6240592299526626	0.3979751334379476
F0213	2	redirection	0.11261615759460405	0.14279253823886118	1.0	0.728274842529395	0.15807275457036163	0.5675488753371788	0.06692183722035872	0.5327868852459017	reversal	0.030176380644257126	-0.030176380644257126	-0.15069935496068942	0.01676819715686157	0.14279253823886118
F0214	2	suppression	0.034177473906896905	0.41249764684535123	1.0	0.7050083921278374	0.1661906471778746	0.6193582954336168	0.4486454187621369	0.5245901639344263	rescue	-0.41249764684535123	0.41249764684535123	0.15520628169581113	0.3783201729384543	-0.04495608981045837
F0215	2	suppression	0.023964672400742182	0.50370360096442	1.0	0.71061815176362	0.14637014236515455	0.5607222562736631	0.6720600049067808	0.48360655737704916	replication	-0.50370360096442	0.50370360096442	0.06713195423042831	0.47973892856367784	0.21502132659840256
F0216	3	persistent_loss	0.03991097537503302	0.3903278136848199	1.0	0.7236501646239216	0.14827842580644043	0.5676959679030008	0.33172145875924397	0.48633879781420764	none	-0.35041683830978687	0.35041683830978687	-0.08976368920380705	0.3903278136848199	0.16373356595457556
F0217	3	persistent_loss	0.014657566307584718	0.14719535559850425	1.0	0.6691699452660022	0.15456736225913625	0.6499278540047656	0.2856848244714095	0.47540983606557374	outcome	-0.13253778929091953	0.13253778929091953	0.01745693815917532	0.14719535559850425	0.04972764916173851
F0218	3	suppression	0.04962213888768052	0.35648153491618756	1.0	0.7168688274988589	0.15978587517902348	0.5938831269334468	0.2424220634001939	0.47540983606557374	reversal	-0.35648153491618756	0.35648153491618756	0.1467145468773604	0.30685939602850704	-0.006987218812521581
F0219	3	delay	0.16411842385151001	0.19037664727214804	1.0	0.7165051018693004	0.15011913208975305	0.5997511516621725	0.4003100166604584	0.5792349726775956	rescue	-0.02625822342063802	0.02625822342063802	0.19037664727214804	-0.0047459072555763	-0.2685581198667772
F0220	3	suppression	0.011417562124164393	0.1781319121866195	1.0	0.7704519003129482	0.17012191635440038	0.562943660258848	0.2605263918821785	0.5409836065573771	replication	-0.1781319121866195	0.1781319121866195	0.01769774163496461	0.1667143500624551	0.12201320148829027
F0221	5	persistent_loss	0.08075028917592436	0.32609791869137755	1.0	0.6607656397047131	0.15261284569261077	0.5606833847170383	0.16589642483345413	0.5475409836065573	none	-0.2453476295154532	0.2453476295154532	-0.1715631208369214	0.32609791869137755	0.14421465059786562
F0222	5	suppression	0.01680082091741672	0.18543065119420574	1.0	0.7117390319509619	0.15882605558814167	0.5701897750136069	0.04184909856412522	0.521311475409836	outcome	-0.18543065119420574	0.18543065119420574	0.16862983027678902	0.15579437887880065	-0.07957980072895023
F0223	5	persistent_loss	0.07251852725297397	0.4761533692505368	1.0	0.6842572286215673	0.16084853724763368	0.6242935194012122	0.2469291109296442	0.4885245901639344	reversal	-0.40363484199756283	0.40363484199756283	-0.15322283158997543	0.4761533692505368	0.3093847363479137
F0224	5	suppression	0.10185347697521319	0.6055059968469222	1.0	0.7073783001856045	0.1565625899274447	0.5484357124519552	0.3856177972976059	0.5180327868852459	rescue	-0.6055059968469222	0.6055059968469222	0.26857759009633825	0.503652519871709	-0.02329846675464315
F0225	5	suppression	0.03327747791445629	0.45958822508129715	1.0	0.7128073021124457	0.15713982858574171	0.5944823785196223	0.3300867958428757	0.5311475409836065	replication	-0.45958822508129715	0.45958822508129715	0.05906155664876715	0.42631074716684086	0.14529327795158897
F0226	2	persistent_loss	0.08312073737439152	0.7307405465568345	1.0	0.17224383019311343	0.5694940318191334	0.9345574451019857	0.02022290865333487	0.0	none	-0.846232605398051	0.846232605398051	-0.18587150103742278	0.9293533427724425	0.4578522372979252
F0227	2	persistent_loss	0.10655489626921877	0.7819534972650699	1.0	0.14998695920879845	0.7143996123189552	0.9324761024770875	0.0	0.0	outcome	-0.8392327533503378	0.8392327533503378	-0.2289727096717798	0.9457876496195565	0.4893080659298362
F0228	2	persistent_loss	0.10959942162292535	0.6671544610271493	1.0	0.1505067566356877	0.6154900394362107	0.9400596950005525	0.0	0.0	reversal	-0.8266863223678365	0.8266863223678365	-0.24098814232601773	0.9362857439907618	0.4965399130791387
F0229	2	persistent_loss	0.12622630310345984	0.7446623917736708	1.0	0.15749314746738902	0.6603669170075407	0.9363804840890821	0.0	0.0	rescue	-0.7927437568595795	0.7927437568595795	-0.2926461421600148	0.9189700599630394	0.5472641438916926
F0230	2	persistent_loss	0.10522802810895915	0.7062603015677074	1.0	0.1497699024274539	0.580775832504079	0.9377776114030423	0.0	0.0	replication	-0.8500597297004304	0.8500597297004304	-0.2166729835705954	0.9552877578093896	0.47416191161553284
F0231	3	persistent_loss	0.12509957575533803	0.7023654118499257	1.0	0.1547695132212899	0.6527999725587998	0.9343234781012971	0.0	0.0	none	-0.8189870186511488	0.8189870186511488	-0.29022056231917776	0.9440865944064868	0.555595078154794
F0232	3	persistent_loss	0.09955196787681508	0.7502497521896048	1.0	0.15545253100078882	0.6891873552903929	0.9304382060001044	0.0	0.0	outcome	-0.8605456347443807	0.8605456347443807	-0.21774913157701725	0.9600976026211958	0.4918127790463751
F0233	3	persistent_loss	0.12556759851612487	0.7336032003590286	1.0	0.14366999764298435	0.6453614495042559	0.9341512433660277	0.0	0.0	reversal	-0.8317468943107806	0.8317468943107806	-0.26948464162386326	0.9573144928269055	0.521279618475178
F0234	3	persistent_loss	0.14985637729782098	0.6426731145867616	1.0	0.14445332659532079	0.6612909054417223	0.9357756779095493	0.0	0.0	rescue	-0.7988708939712726	0.7988708939712726	-0.32930894507755654	0.9487272712690936	0.5668510678646781
F0235	3	persistent_loss	0.12148683819994377	0.6994264087480314	1.0	0.16613951751673323	0.6595076858581744	0.9235903765939992	0.0	0.0	replication	-0.8302760457757777	0.8302760457757777	-0.2714707080728653	0.9517628839757215	0.5270735027902024
F0236	5	persistent_loss	0.11367678327586617	0.7201198078435306	1.0	0.1504034328176444	0.6549059042627043	0.9412772968757062	0.0	0.0	none	-0.8564806116955404	0.8564806116955404	-0.24299916459753237	0.9701573949714065	0.5119272959003944
F0237	5	persistent_loss	0.10419483188885859	0.6589249722352437	1.0	0.16076704939145522	0.6477776708013316	0.9350212314655638	0.0	0.0	outcome	-0.8540247727786094	0.8540247727786094	-0.23125684676820996	0.958219604667468	0.49431774702629966
F0238	5	persistent_loss	0.1079265067867804	0.7129288319229485	1.0	0.16618008798425335	0.6284131775149789	0.9359616624115485	0.0	0.0	reversal	-0.8579546541541393	0.8579546541541393	-0.23314910786104107	0.9658811609409197	0.501484171825036
F0239	5	persistent_loss	0.11794509383227902	0.728551932130225	1.0	0.16453230477743272	0.6948209902300224	0.9401439272306985	0.0	0.0	rescue	-0.8382838662715597	0.8382838662715597	-0.26128698126854855	0.9562289601038387	0.5209468179360276
F0240	5	persistent_loss	0.11646986409113835	0.716307080506766	1.0	0.14934161309517024	0.6120544226463045	0.9337333662988246	0.0	0.0	replication	-0.8480241536770409	0.8480241536770409	-0.24881464123835212	0.9644940177681792	0.5101853506068128
F0241	2	persistent_loss	0.08931870940987707	0.8058032315247898	1.0	0.15688917563950006	0.6264692580092536	0.9385424075683857	0.20580082062656868	0.10655737704918032	none	-0.7164845221149128	0.7164845221149128	-0.1737967128104855	0.8058032315247898	0.3797677217511008
F0242	2	persistent_loss	0.095703837912953	0.8288909412128352	1.0	0.1537235170633255	0.665179472256074	0.9419501305658788	0.09857539411579352	0.12295081967213115	outcome	-0.7331871032998822	0.7331871032998822	-0.20347825339448564	0.8288909412128352	0.4114500703051933
F0243	2	persistent_loss	0.09664635436558722	0.6677761995757774	1.0	0.15375700755729238	0.5651663061563204	0.9395464997256664	0.1674955246212334	0.09836065573770492	reversal	-0.4660310446347405	0.4660310446347405	-0.4950039625756563	0.6835788745133805	0.5869325201477933
F0244	2	persistent_loss	0.09916384280340718	0.8745212603067714	1.0	0.16303401622897637	0.5918505204445452	0.9292099193593857	0.34459712124192443	0.08196721311475409	rescue	-0.7753574175033642	0.7753574175033642	-0.16910115252759547	0.8745212603067714	0.3840284804033384
F0245	2	persistent_loss	0.09798924750676052	0.7661662214976278	1.0	0.1484468438456226	0.7110383764565236	0.9318686911313374	0.015324795009468706	0.11475409836065574	replication	-0.6931090469779073	0.6931090469779073	-0.1960286208412645	0.7910982944846678	0.3580778290976028
F0246	3	persistent_loss	0.08004733779168616	0.8222614316887692	1.0	0.15408481292266218	0.6941846701424146	0.9310364213252246	0.07253808745380019	0.13114754098360656	none	-0.742214093897083	0.742214093897083	-0.17058876356040908	0.8222614316887692	0.4178203881587317
F0247	3	persistent_loss	0.04571979010952165	0.8782026076774749	1.0	0.15568703656948424	0.6346410655509168	0.9378136315325394	0.29304496171639427	0.15300546448087432	outcome	-0.8324828175679533	0.8324828175679533	-0.10092223507080818	0.8782026076774749	0.38386026474982404
F0248	3	persistent_loss	0.17831911989215077	0.6629349057405649	1.0	0.15342627903928485	0.7040128404845388	0.9331896443348583	0.0	0.09836065573770492	reversal	-0.6304722195423234	0.6304722195423234	-0.3580236566277658	0.8087913394344741	0.5177505769400289
F0249	3	persistent_loss	0.07247676944483117	0.8886329042396608	1.0	0.1431486012383541	0.6012491951807665	0.939889830154036	0.25152411663654395	0.12568306010928962	rescue	-0.8161561347948296	0.8161561347948296	-0.14148422244792924	0.8886329042396608	0.39791431564795493
F0250	3	persistent_loss	0.1263178406073816	0.7470953350958861	1.0	0.14999673451450532	0.6745425475762912	0.9401322246685901	0.01687754820292231	0.12568306010928962	replication	-0.6840744299418943	0.6840744299418943	-0.2583478702863879	0.8103922705492759	0.4516062491555934
F0251	5	persistent_loss	0.09719515302017157	0.8604163839186263	1.0	0.16148484320191037	0.645027267277098	0.9395281877300979	0.057695017768964685	0.09836065573770492	none	-0.8211082815957809	0.8211082815957809	-0.21859766918378057	0.9183034346159524	0.4974493187660496
F0252	5	persistent_loss	0.09729398926312705	0.8276920058203429	1.0	0.1581437715329606	0.6655094681989286	0.9389809782672697	0.03220245791389975	0.14426229508196722	outcome	-0.7924270849110749	0.7924270849110749	-0.20947289087366283	0.889721074174202	0.4686780863193317
F0253	5	persistent_loss	0.08256299843147685	0.8594740078102899	1.0	0.15046668435950766	0.6997371693183059	0.9336216393238012	0.010626929305967758	0.14426229508196722	reversal	-0.824866736694626	0.824866736694626	-0.15813556654064348	0.9074297351261028	0.412615546298598
F0254	5	persistent_loss	0.14068948584430274	0.8210920215910346	1.0	0.14531786998127633	0.6639853988481941	0.9401087960255136	0.02058191810462695	0.14426229508196722	rescue	-0.7588845968542975	0.7588845968542975	-0.29730882962196276	0.8995740826986003	0.5393900915833105
F0255	5	persistent_loss	0.18258047478900252	0.6757038921055781	1.0	0.15729546665398322	0.6252926596206501	0.9345638397070626	0.0	0.09836065573770492	replication	-0.6788889076795902	0.6788889076795902	-0.40239267885624325	0.8614693824685927	0.6070740223117782
F0256	2	suppression	0.008461658188306465	0.7025862460118608	1.0	0.1524424805932988	0.6130063146839331	0.9348951784486299	0.9488723923564382	0.5737704918032787	none	-0.7025862460118608	0.7025862460118608	-0.1437394395631877	0.6941245878235544	0.5066170240526718
F0257	2	persistent_loss	0.010904616359041053	0.7488585552914513	1.0	0.16663382829173995	0.6084250987118909	0.9396437724357364	0.5640622429635551	0.5819672131147541	outcome	-0.7379539389324102	0.7379539389324102	-0.11242987875702871	0.7488585552914513	0.4411488718113209
F0258	2	persistent_loss	0.027901287326093316	0.6898040764193959	1.0	0.13900254744369087	0.6047111236530994	0.9386598014771922	0.9998145587230397	0.5163934426229508	reversal	-0.6619027890933026	0.6619027890933026	-0.06526035639240321	0.6898040764193959	0.3231515550968441
F0259	2	redirection	0.05280124391044283	0.3972428867520913	1.0	0.142100971454214	0.5495854000417894	0.9306524644370089	0.4079288299015238	0.5081967213114754	rescue	-0.24992762845373728	0.24992762845373728	-0.28614984517740966	0.34444164284164847	0.3972428867520913
F0260	2	persistent_loss	0.001403906700180868	0.7227761091087137	1.0	0.1602665564558456	0.6897257394765716	0.9357486688550685	1.0	0.48360655737704916	replication	-0.7213722024085328	0.7213722024085328	-0.008839051518753133	0.7227761091087137	0.2986269493355462
F0261	3	suppression	0.021372349274579122	0.2221026659528218	1.0	0.1560486517154437	0.6611917251253336	0.9340568201117208	0.2223732337365113	0.4918032786885246	none	-0.2221026659528218	0.2221026659528218	0.10452419908526932	0.20073031667824268	-0.030403150002895687
F0262	3	persistent_loss	0.041435879586198265	0.34850461940653255	1.0	0.1604686599133564	0.6523206400761459	0.9364701722103168	0.27196183942105834	0.5409836065573771	outcome	-0.3070687398203343	0.3070687398203343	-0.12535529425167946	0.34850461940653255	0.24174093995623577
F0263	3	persistent_loss	0.04549712346074519	0.6593414703706995	1.0	0.1536035990842662	0.6209448967302055	0.94222846432376	0.6618501310680799	0.5792349726775956	reversal	-0.6138443469099543	0.6138443469099543	-0.1455956455917729	0.6593414703706995	0.38733278650649766
F0264	3	persistent_loss	0.004297118659808641	0.5962637939760701	1.0	0.15461215123330843	0.6242771370416823	0.9353094875314535	0.5987740140351251	0.5573770491803278	rescue	-0.5919666753162615	0.5919666753162615	0.04028013508358503	0.5962637939760701	0.15589255212563288
F0265	3	persistent_loss	0.020821451616909514	0.6165208559246363	1.0	0.15607673364622363	0.6429615058782635	0.9357603089073763	0.7325036464368807	0.5191256830601093	replication	-0.5956994043077268	0.5956994043077268	-0.05678790107934763	0.6165208559246363	0.25700825439687536
F0266	5	redirection	0.062029128441372816	0.4648705847112876	0.8	0.15523369813574686	0.6207181521646147	0.9336458849847076	0.36469922739138916	0.5442622950819672	none	-0.2766799074907634	0.2766799074907634	-0.4071323726690661	0.4028414562699148	0.4648705847112876
F0267	5	persistent_loss	0.11185759913135163	0.6965000502360433	1.0	0.1616813084561285	0.6382865122989779	0.9358752971666267	0.5466694120838181	0.521311475409836	outcome	-0.5846424511046917	0.5846424511046917	-0.29056235470238684	0.6965000502360433	0.43631127466391123
F0268	5	persistent_loss	0.04900202779995688	0.5891155628694237	0.8	0.1571968753511729	0.6193236467756724	0.9350111690970964	0.2721065367889496	0.5245901639344263	reversal	-0.5401135350694668	0.5401135350694668	-0.11344683805967223	0.5891155628694237	0.28189233637212585
F0269	5	persistent_loss	0.036474695611863006	0.6564625961733177	1.0	0.16656245097868713	0.6765522252355821	0.9348837488820635	0.5303896341943969	0.5016393442622951	rescue	-0.6199879005614547	0.6199879005614547	-0.1330564368793573	0.6564625961733177	0.3995166934663828
F0270	5	persistent_loss	0.03767605101013227	0.3309982372403305	1.0	0.15678527934629072	0.6274084743080904	0.9379515543931528	0.2693695809821194	0.5639344262295082	replication	-0.29332218623019823	0.29332218623019823	-0.0897743862671028	0.3309982372403305	0.1257806596754031
F0271	2	delay	0.689376512903712	0.7793522767635535	1.0	0.15801314816893186	0.1444823261085178	0.9445817060301285	0.4512105219062178	0.0	none	-0.2700645532987278	0.2700645532987278	0.9594410662024399	-0.11861508766947382	-0.866370791824703
F0272	2	delay	0.7543132013213175	0.6931443480053499	1.0	0.144049091608275	0.16914570447076846	0.9329284071733107	0.3781870979177596	0.0	outcome	-0.19548965853904818	0.19548965853904818	0.9498028598603657	-0.18665099463618198	-0.8841617670504576
F0273	2	delay	0.6824245557292902	0.7088392166206593	1.0	0.14435554488007282	0.14689450325726386	0.9355582172837165	0.4169470381666751	0.0	reversal	-0.26044568955789604	0.26044568955789604	0.9428702452871862	-0.12525550206839975	-0.8372217865385906
F0274	2	delay	0.6920699096702523	0.7282852956279185	1.0	0.15693931371494402	0.1574019710325781	0.9335010427079347	0.41602870594815744	0.0	rescue	-0.26046715129917514	0.26046715129917514	0.9525370609694274	-0.1256317719295227	-0.8594750443113984
F0275	2	delay	0.6930781290640025	0.6402729340879091	1.0	0.15823225080021414	0.16712181473908272	0.9395198937290663	0.34121752912829484	0.0	replication	-0.2515756860678321	0.2515756860678321	0.9446538151318346	-0.1300817134707427	-0.8591208706594397
F0276	3	delay	0.687019010166727	0.6729768037534211	1.0	0.1597329911333014	0.15588114529244126	0.9399649329578398	0.3616797802140318	0.0	none	-0.2809906561688985	0.2809906561688985	0.9680096663356255	-0.113606761001977	-0.8478323201811286
F0277	3	delay	0.6822584607368827	0.7080370779536596	1.0	0.17476682677959748	0.17016880618006938	0.9346245851475284	0.37539438943591125	0.0	outcome	-0.2829637192599546	0.2829637192599546	0.9652221799968372	-0.09844996952158545	-0.8767945818334529
F0278	3	delay	0.7427534231118111	0.7879440227138232	1.0	0.15706689478626149	0.15337752220486717	0.9392110284786764	0.448202277862233	0.0	reversal	-0.23360229388182768	0.23360229388182768	0.9763557169936389	-0.16059642373566474	-0.8953175665601396
F0279	3	delay	0.6639250353498307	0.6841884082921387	1.0	0.14868422514405957	0.14703891344533054	0.9408298176270525	0.37931907916505203	0.0	rescue	-0.3079274171467415	0.3079274171467415	0.9718524524965723	-0.08216314792631658	-0.8721301323876506
F0280	3	delay	0.6982402338532265	0.7282599075573103	1.0	0.14804287233996383	0.14956739218321902	0.9421112776840861	0.41241219294473774	0.0	replication	-0.273672172081626	0.273672172081626	0.9719124059348525	-0.11464478597419768	-0.8936651116986044
F0281	5	delay	0.7450101632298624	0.7050348286538032	1.0	0.14890517094950456	0.16037427631015572	0.9383757824566802	0.3822201373158726	0.0	none	-0.2295227626745315	0.2295227626745315	0.9745329259043939	-0.16104636355378707	-0.8930124837754709
F0282	5	delay	0.7036457017258185	0.6874023694290405	1.0	0.1539419284109577	0.15470607049507334	0.9373520168778612	0.3689543341521573	0.0	outcome	-0.2808697829213114	0.2808697829213114	0.9845154846471299	-0.11797633462931678	-0.8810724996066109
F0283	5	delay	0.6961778149391042	0.7545603529942086	1.0	0.16055172115464592	0.15789007691247148	0.9317577358848549	0.4130496807755947	0.0	reversal	-0.2904311139115991	0.2904311139115991	0.9866089288507034	-0.10677541406713031	-0.8889873613556637
F0284	5	delay	0.7405676184264977	0.7327914848022997	1.0	0.15569100177103312	0.1680732033864264	0.9362554289244578	0.39062309360035874	0.0	rescue	-0.2431396596883677	0.2431396596883677	0.9837072781148654	-0.15633756585337566	-0.89256261666674
F0285	5	delay	0.7206153731792713	0.6786157380153638	1.0	0.15213239273185925	0.15140778949758943	0.9337346174905056	0.36609070118470094	0.0	replication	-0.26151338465928126	0.26151338465928126	0.9821287578385526	-0.13810619555670664	-0.8859379191411356
F0286	2	delay	0.5049174547004013	0.7977628245869383	1.0	0.1399145571995558	0.16176951713794202	0.9347967316684835	0.5954278801376902	0.09836065573770492	none	-0.292845369886537	0.292845369886537	0.7977628245869383	-0.031360290937905703	-0.6886275993427259
F0287	2	delay	0.6265576036503056	0.5526122815983817	1.0	0.16612022739808804	0.16661340248491122	0.9318396518858753	0.40194526814053844	0.09836065573770492	outcome	-0.10240711470119827	0.10240711470119827	0.7289647183515038	-0.1809386409656266	-0.7359732603640116
F0288	2	delay	0.41480795995594555	0.7884611470581174	1.0	0.16862532100362573	0.15759763168020735	0.930631171401798	0.7856644818696256	0.12295081967213115	reversal	-0.3736531871021719	0.3736531871021719	0.7884611470581174	0.05952132974101378	-0.6272296079079566
F0289	2	delay	0.5155549063895805	0.5675254038301836	1.0	0.15640933223178755	0.14792763561090033	0.939654415308875	0.4461306037858924	0.05737704918032787	rescue	-0.19086142791319385	0.19086142791319385	0.7064163343027743	-0.10981399385276451	-0.5909581069886202
F0290	2	delay	0.49796579619750353	0.5100382483650905	1.0	0.1485147750183722	0.15778940588423795	0.9392359013503259	0.518187990875611	0.1721311475409836	replication	-0.06792396299767996	0.06792396299767996	0.5658897591951835	-0.16832500105477813	-0.501733837616597
F0291	3	delay	0.6612920014824093	0.8599228803452165	1.0	0.17097075404373968	0.15866606557155896	0.9362672051194298	0.645317081514849	0.11475409836065574	none	-0.19863087886280723	0.19863087886280723	0.8599228803452165	-0.15718063000939728	-0.7712000057275965
F0292	3	delay	0.6087200672900386	0.6929910839121913	1.0	0.15408897016671452	0.15675320391935071	0.934730650825988	0.4918902817107866	0.10382513661202186	outcome	-0.19255725137327745	0.19255725137327745	0.801277318663316	-0.12912549081218777	-0.7374797780802579
F0293	3	delay	0.6450681748406915	0.839526613070929	1.0	0.15132169321537164	0.14114959472231034	0.940819104586684	0.6883184004861438	0.09836065573770492	reversal	-0.1944584382302375	0.1944584382302375	0.839526613070929	-0.14657453293757108	-0.7671203654848358
F0294	3	delay	0.5331442404161209	0.8271218195910521	1.0	0.1540592542452096	0.163026582586305	0.9388264068478596	0.5766106882803429	0.14207650273224043	rescue	-0.3055660154454079	0.3055660154454079	0.8387102558615288	-0.02612390740383048	-0.7520496547696571
F0295	3	delay	0.44397995332116397	0.4371020371368784	1.0	0.15903609891832854	0.14440807137926023	0.9329283608886993	0.4512751033217273	0.1092896174863388	replication	-0.09316654939649976	0.09316654939649976	0.5371465027176637	-0.14130668602861834	-0.4668603989248514
F0296	5	delay	0.6833990018612395	0.8219339209366329	1.0	0.1708166168578528	0.15960842879889775	0.9386284539401606	0.5070155629284042	0.11147540983606558	none	-0.2260450450367139	0.2260450450367139	0.9094440468979533	-0.14046224753641223	-0.8218831404456457
F0297	5	delay	0.6432171538071507	0.6786966122501011	1.0	0.159699082052015	0.155512233126424	0.9358369982110165	0.4508836704004483	0.13114754098360656	outcome	-0.19044946573465432	0.19044946573465432	0.8336666195418051	-0.13969275326913586	-0.7695381385467461
F0298	5	delay	0.7265139042456104	0.6206965460502618	1.0	0.15433901452307414	0.163370898469853	0.9347471736304195	0.3760973835784992	0.11147540983606558	reversal	-0.1364143253253951	0.1364143253253951	0.8629282295710055	-0.21614834114176767	-0.8150300749855668
F0299	5	delay	0.6895166991004729	0.5982149579317105	1.0	0.17659517243743078	0.15963298035134912	0.9376382113522864	0.35817099643443945	0.11475409836065574	rescue	-0.14946909425154076	0.14946909425154076	0.8389857933520136	-0.18354494240462235	-0.7745219519765599
F0300	5	delay	0.5617226323587294	0.5567469733193077	1.0	0.1589202404803008	0.15485628815825453	0.931560256102446	0.3582509132937302	0.09508196721311475	replication	-0.24567009815679813	0.24567009815679813	0.8073927305155276	-0.07248795385905656	-0.7041886240323505
F0301	2	delay	0.22101708916670845	0.43099266960164223	1.0	0.16309202623396332	0.14732155530045474	0.9361073949230146	0.8815528201119988	0.5327868852459017	none	-0.20997558043493378	0.20997558043493378	0.43099266960164223	0.06195522775837026	-0.30697769439848094
F0302	2	delay	0.16686929479381798	0.32743996981384055	1.0	0.16349167711809498	0.15642105218878255	0.9305036462244531	0.6229805564017479	0.48360655737704916	outcome	-0.16057067502002256	0.16057067502002256	0.32743996981384055	0.075146376149612	-0.24447890211803028
F0303	2	delay	0.4807859489777784	0.5585097922712747	1.0	0.14610031893802075	0.16474108459846362	0.9292558590853581	0.9794153486572212	0.5327868852459017	reversal	0.07772384329349635	-0.07772384329349635	0.5585097922712747	-0.25194582826469597	-0.5725645417734092
F0304	2	delay	0.16108866413787765	0.23394681649336282	1.0	0.15215692611104475	0.15267463309685195	0.9320126181852435	0.6261239270592956	0.47540983606557374	rescue	-0.07285815235548518	0.07285815235548518	0.23394681649336282	-0.009347330872190387	-0.1462062994346131
F0305	2	delay	0.6173638951315861	0.6269017226318384	1.0	0.15267142911344306	0.14627521238061444	0.9318838565936174	1.0	0.4918032786885246	replication	-0.009537827500252328	0.009537827500252328	0.6269017226318384	-0.16579146431549782	-0.5152389594920581
F0306	3	delay	0.5718139646017046	0.6329422199162416	1.0	0.15992649710674522	0.15776107145715143	0.9384607344953404	1.0	0.5245901639344263	none	-0.06112825531453693	0.06112825531453693	0.6329422199162416	-0.09522695920783829	-0.5490808645711719
F0307	3	delay	0.18641568913300421	0.3299817289959917	1.0	0.15623299319100276	0.1611441842979512	0.9358004057156944	1.0	0.5846994535519126	outcome	-0.1435660398629875	0.1435660398629875	0.3299817289959917	0.022112899791304427	-0.28240171374241824
F0308	3	delay	0.3295916648974325	0.41956115023742274	1.0	0.16693197266706575	0.15569218716111963	0.9348536484219648	0.8509556711205539	0.5136612021857924	reversal	0.08996948533999022	-0.08996948533999022	0.41956115023742274	-0.23002265135773117	-0.4223175951846465
F0309	3	delay	0.235228229267147	0.27564258743629577	1.0	0.15140268016778485	0.14771363366877047	0.9278560780625127	0.7247386723277522	0.5136612021857924	rescue	0.04041435816914876	-0.04041435816914876	0.27564258743629577	-0.10211714897628492	-0.3253672114933916
F0310	3	delay	0.6395063704668685	0.6396659239560961	1.0	0.1622135946703236	0.15460300019814274	0.9308956271034091	0.683416221419284	0.5300546448087432	replication	-0.00015955348922757172	0.00015955348922757172	0.6396659239560961	-0.2593569637893991	-0.5827614384004981
F0311	5	delay	0.3103401202716059	0.5853023775791335	1.0	0.15141109090046606	0.15476050195917304	0.9363928313292226	0.6067409992300791	0.5016393442622951	none	-0.2749622573075276	0.2749622573075276	0.5853023775791335	0.05287026084716281	-0.45015543160150906
F0312	5	delay	0.17860344416402915	0.2555308525262526	1.0	0.15104565615325666	0.1544368958489199	0.9316324801853022	0.7485503749709235	0.5147540983606558	outcome	0.07692740836222348	-0.07692740836222348	0.2555308525262526	-0.16872067968262225	-0.2695518290064811
F0313	5	delay	0.329410810793749	0.30695826529343834	1.0	0.15876878538647185	0.15114732289463853	0.941394782695034	0.5218062761503215	0.5180327868852459	reversal	-0.008860031000286688	0.008860031000286688	0.3382708417940357	-0.10727077840157581	-0.24438994861716304
F0314	5	delay	0.3025719287303088	0.5133813284848021	1.0	0.1571965196068035	0.14435715459769233	0.9309069378754655	0.7772669062846869	0.45901639344262296	rescue	-0.21080939975449328	0.21080939975449328	0.5133813284848021	0.014091822502536122	-0.43912780524784145
F0315	5	delay	0.4761141689022965	0.6036018518739084	1.0	0.14996835586796706	0.15012914082022208	0.9393131610229405	0.7937370638592498	0.5016393442622951	replication	-0.12748768297161184	0.12748768297161184	0.6036018518739084	-0.07904572714115518	-0.5347550290736955
F0316	2	delay	0.5476653766209412	0.5801648939563216	1.0	0.6589088378892047	0.15622431002810824	0.5681037532016457	0.0	0.0	none	0.2645287147821827	-0.2645287147821827	0.8121940914031239	-0.5854706386782028	-0.901577673114605
F0317	2	delay	0.5076037398788594	0.6049750922883492	1.0	0.6829823942289607	0.152951361386661	0.5799573517747759	0.0	0.0	outcome	0.2860472690524378	-0.2860472690524378	0.7936510089312973	-0.6053628776941259	-0.8913950330724231
F0318	2	delay	0.3919783124539054	0.5621842949824879	1.0	0.7385937548387129	0.14762263648738863	0.5655873147642733	0.0	0.0	reversal	0.3454576505666482	-0.3454576505666482	0.7374359630205536	-0.6427082942654444	-0.8550361164261133
F0319	2	delay	0.35704659449682025	0.4195158078788204	1.0	0.629709928054762	0.15833188281841357	0.5634711745521674	0.0	0.0	rescue	0.36735816385397563	-0.36735816385397563	0.7244047583507959	-0.6510111463850218	-0.8761322393361777
F0320	2	delay	0.4140522363203422	0.4835357597379772	1.0	0.6340492142174546	0.13998195833967567	0.578875471866227	0.0	0.0	replication	0.3259742790642168	-0.3259742790642168	0.740026515384559	-0.6238497453734857	-0.8502164959204679
F0321	3	delay	0.43117925586073674	0.5635947666275912	1.0	0.6917742088766761	0.15391528163847865	0.5326827887058294	0.0	0.0	none	0.3487042221535796	-0.3487042221535796	0.7798834780143163	-0.6704975256631368	-0.8835660261318303
F0322	3	delay	0.3770603792644505	0.536962723052898	1.0	0.734277053828824	0.16009667603617495	0.6144137818473878	0.0	0.0	outcome	0.36836137258052665	-0.36836137258052665	0.7454217518449772	-0.6721823290980151	-0.8604930276039788
F0323	3	delay	0.36674743972355434	0.47835916713613663	1.0	0.7106432567270972	0.1415649111250039	0.53734843875173	0.0	0.0	reversal	0.3780661797066757	-0.3780661797066757	0.7448136194302301	-0.6775729638096385	-0.8593939571685845
F0324	3	delay	0.41662285665644294	0.5318496656764855	1.0	0.6998671218414858	0.1462147844228298	0.5551842253611439	0.0	0.0	rescue	0.3468904430569115	-0.3468904430569115	0.7635132997133545	-0.6554922422310674	-0.8747741745740995
F0325	3	delay	0.48998853748703636	0.5362475687001678	1.0	0.7147570944385003	0.15266178704730918	0.593289095568601	0.0	0.0	replication	0.3064898031395093	-0.3064898031395093	0.7964783406265457	-0.6229761097889921	-0.9105608452197754
F0326	5	delay	0.5052924671199113	0.5886978683002115	1.0	0.6598205702051613	0.16650653952515923	0.5720485316061813	0.0	0.0	none	0.30516839027730475	-0.30516839027730475	0.810460857397216	-0.6369673094205718	-0.904394550036147
F0327	5	delay	0.35472978903540203	0.4801203167478326	1.0	0.673722193745152	0.15856040377244016	0.5908074841526101	0.0	0.0	outcome	0.3974824653856924	-0.3974824653856924	0.7522122544210944	-0.7077894858216306	-0.8697406968055374
F0328	5	delay	0.5085932720790474	0.5693988314868943	1.0	0.713193451961078	0.1573910400135728	0.5812218809788916	0.0	0.0	reversal	0.29822232311834335	-0.29822232311834335	0.8068155951973908	-0.6157122639213365	-0.9229774018718298
F0329	5	delay	0.5423032585574021	0.6040481323313354	1.0	0.7192969176348359	0.16492361039963888	0.5646771378396035	0.0	0.0	rescue	0.28163454701585144	-0.28163454701585144	0.8239378055732536	-0.618157251274803	-0.912306435402829
F0330	5	delay	0.4303539180822411	0.5578318451691078	1.0	0.6835085851566528	0.15842653920011696	0.5745557063276641	0.0	0.0	replication	0.3471854069699224	-0.3471854069699224	0.7775393250521635	-0.6688993741253695	-0.8761154249085501
F0331	2	delay	0.20872713911257773	0.4014082205488066	1.0	0.6496935257135842	0.17850704077615445	0.5363718980305712	0.0	0.12295081967213115	none	0.28990649883914943	-0.28990649883914943	0.49863363795172716	-0.4887506140646744	-0.5902503495121219
F0332	2	delay	0.2655013902508069	0.3485761112111644	1.0	0.6953268806673296	0.14926130084729333	0.5987045779558601	0.0	0.09016393442622951	outcome	0.19268850596412115	-0.19268850596412115	0.458189896214928	-0.3970532043512709	-0.460436959512513
F0333	2	delay	0.33069917347003586	0.5784234249169411	1.0	0.6792757126586167	0.1594919928440087	0.5941206180240238	0.10778183581392609	0.11475409836065574	reversal	0.2477242514469052	-0.2477242514469052	0.5784234249169411	-0.47935358658824173	-0.6647430762609471
F0334	2	delay	0.1829474196307282	0.4566255086121318	1.0	0.6891978822228054	0.1641188585254631	0.5632117058740764	0.06942518446806645	0.08196721311475409	rescue	0.2736780889814036	-0.2736780889814036	0.4566255086121318	-0.4581719396181814	-0.5825980298563787
F0335	2	delay	0.5549879301109214	0.7247035870243951	1.0	0.7168876071674686	0.15014180281393918	0.5864565348699813	0.2530561403061955	0.13934426229508196	replication	0.16971565691347365	-0.16971565691347365	0.7247035870243951	-0.46510598719277463	-0.7799031770739221
F0336	3	delay	0.10604292144445382	0.3956881823913132	1.0	0.7392128926889482	0.16393567172540946	0.5900010897486128	0.0	0.1092896174863388	none	0.41750281812688406	-0.41750281812688406	0.5235457395713379	-0.6547466271106066	-0.614442200846051
F0337	3	delay	0.39977981430324794	0.6352726411543783	1.0	0.696385837672644	0.15590691197044046	0.5607161828520868	0.0	0.13114754098360656	outcome	0.2877248948674582	-0.2877248948674582	0.6875047091707062	-0.5743551455410439	-0.7762007068038895
F0338	3	delay	0.4856524821665902	0.7231880917010124	1.0	0.6871042472721901	0.15245756910080657	0.5616209047864926	0.024435851839298306	0.1366120218579235	reversal	0.276625103387691	-0.276625103387691	0.7622775855542812	-0.5905242508975457	-0.8342359631490999
F0339	3	delay	0.274746479185068	0.39892893427559417	1.0	0.6960762793326356	0.15263154346963415	0.5309066717394253	0.0	0.13114754098360656	rescue	0.2881123054632262	-0.2881123054632262	0.5628587846482942	-0.5172151686471731	-0.6634913294747325
F0340	3	delay	0.3184972887183963	0.5670121932900009	1.0	0.7584228413421678	0.15221455560783118	0.5733551510010284	0.0	0.1366120218579235	replication	0.29395619799850775	-0.29395619799850775	0.612453486716904	-0.5371714882368787	-0.7157339338576713
F0341	5	delay	0.33758227233844196	0.5182525697402048	1.0	0.6823520297298782	0.16182313405944587	0.5772506712124261	0.0	0.13442622950819672	none	0.3794174744858231	-0.3794174744858231	0.716999746824265	-0.6792060410218839	-0.8325951111697764
F0342	5	delay	0.5698034615810296	0.6880753435983457	1.0	0.7008784695606314	0.17340346838260032	0.5638019284170536	0.0	0.10163934426229508	outcome	0.203997874956409	-0.203997874956409	0.7738013365374385	-0.5102403435276515	-0.8281012354601935
F0343	5	delay	0.5186224150367496	0.6918442167168891	1.0	0.7007496088991657	0.1589515867921301	0.5868307314285572	0.0	0.14098360655737704	reversal	0.23120459170705104	-0.23120459170705104	0.7498270067438007	-0.5240299632893858	-0.8320655851725066
F0344	5	delay	0.4709273499649062	0.6260263406935773	1.0	0.7175239756687096	0.15665555605779052	0.5872172652870313	0.0	0.1180327868852459	rescue	0.2314220942011333	-0.2314220942011333	0.7023494441660395	-0.51574976245583	-0.7943793204175942
F0345	5	delay	0.23120061417864962	0.4435410068983947	1.0	0.6906644346821361	0.15426506698013454	0.6171889311860533	0.0	0.10163934426229508	replication	0.38925329851910845	-0.38925329851910845	0.6204539126977581	-0.640291695188571	-0.7597786444206341
F0346	2	delay	0.019152446816290053	0.16321785233446576	1.0	0.6829878214614591	0.1623714866245129	0.5470427974594754	0.5358757340381337	0.5409836065573771	none	0.1440654055181757	-0.1440654055181757	0.16321785233446576	-0.18412843672169368	-0.2809821671425283
F0347	2	delay	0.24922030632595402	0.2539542607618121	1.0	0.7531331729030049	0.1485388634872478	0.5281478113548892	0.2847558750494916	0.4344262295081967	outcome	-0.004733954435858071	0.004733954435858071	0.2539542607618121	-0.0849896565077003	-0.20234200461002688
F0348	2	delay	0.008949502142163779	0.3174073325285348	1.0	0.7271254835394148	0.14664911050797175	0.5409002463950947	0.3206969262426349	0.5327868852459017	reversal	0.30845783038637103	-0.30845783038637103	0.3174073325285348	-0.4139794229687633	-0.36931871670449656
F0349	2	delay	0.03216253808064412	0.3577935796559675	1.0	0.7133349824944266	0.16574633727961116	0.6074338113844311	0.42959725814293415	0.45081967213114754	rescue	0.32563104157532335	-0.32563104157532335	0.3577935796559675	-0.4244313111215519	-0.46444422182873996
F0350	2	activation	0.1569268382152169	0.3887625551743031	1.0	0.6760510377355545	0.15224578088917853	0.5672851910805199	0.5731261020341233	0.6065573770491803	replication	0.3887625551743031	-0.3887625551743031	0.23183571695908617	-0.4544200949980541	-0.40520556789299195
F0351	3	activation	0.4733089539170507	0.5754377701488326	1.0	0.6913527017588842	0.15126094818679775	0.5381201206351619	0.4466223287462846	0.5027322404371585	none	0.5754377701488326	-0.5754377701488326	0.10212881623178187	-0.5847227875976554	-0.2958043598534602
F0352	3	activation	0.16730187350640346	0.32532472161757753	1.0	0.7128565057349237	0.148974048573174	0.5569742666213778	0.16807864272872508	0.5245901639344263	outcome	0.32532472161757753	-0.32532472161757753	0.15802284811117406	-0.3621806543044756	-0.35669393064502447
F0353	3	delay	0.46919751550288363	0.47294697342137293	1.0	0.68790991076713	0.16326628290261325	0.5614387880742888	0.27817044338374686	0.5027322404371585	reversal	-0.0037494579184892867	0.0037494579184892867	0.47294697342137293	-0.15190615873433724	-0.403016287850806
F0354	3	delay	0.015171425026925034	0.3419636967122745	1.0	0.7329450580696155	0.17238241874696714	0.5926891600676949	0.262271403423461	0.5573770491803278	rescue	0.32679227168534947	-0.32679227168534947	0.3419636967122745	-0.4186131891314972	-0.4438042784629368
F0355	3	delay	0.17445776905667593	0.4382564084244791	1.0	0.664624045712059	0.1668337626158872	0.626693680611005	0.3087179200167737	0.4918032786885246	replication	0.2637986393678032	-0.2637986393678032	0.4382564084244791	-0.41373243844630386	-0.45288456405983385
F0356	5	delay	0.4045279030003978	0.48507809255240064	1.0	0.7310744915172339	0.14925955320010104	0.5888508891019524	0.27074439977615816	0.5147540983606558	none	0.08055018955200284	-0.08055018955200284	0.48507809255240064	-0.24547412064201593	-0.48108711127452414
F0357	5	activation	0.09829814574392384	0.2890539910460163	0.8	0.6807766072374517	0.1539803937016656	0.6072942532619487	0.4070764758037071	0.49836065573770494	outcome	0.2890539910460163	-0.2890539910460163	0.19075584530209247	-0.3589688512679764	-0.335580781785636
F0358	5	delay	0.32056511495056583	0.5144917108506136	1.0	0.7001932533607974	0.15828921957403583	0.608092997774281	0.25162898953149326	0.5114754098360655	reversal	0.1939265959000478	-0.1939265959000478	0.5144917108506136	-0.3714429440195126	-0.5879056268158531
F0359	5	activation	0.27365635569999436	0.35160637579963744	1.0	0.6842145968579675	0.1508184020411475	0.5543548911884377	0.24780309171558557	0.5540983606557377	rescue	0.35160637579963744	-0.35160637579963744	0.07795002009964307	-0.3717245063997568	-0.20086097968190098
F0360	5	delay	0.5071187784466357	0.5290150687947117	1.0	0.7169376837013077	0.1561773283823916	0.5826629508912143	0.181429868509979	0.46557377049180326	replication	-0.021896290348076018	0.021896290348076018	0.5290150687947117	-0.1483788324127093	-0.46824422664324505
F0361	2	delay	0.669695641457163	0.32332418263738827	1.0	0.15351093707313368	0.6931454027893285	0.9361356591654193	0.0	0.0	none	-0.14115541840535362	0.14115541840535362	0.8108510598625166	-0.19470458073706481	-0.7523616713889926
F0362	2	delay	0.5546383503923797	0.22870901638644872	1.0	0.15991958447038312	0.7163567099973429	0.9304589472167427	0.0	0.0	outcome	-0.14495819335661966	0.14495819335661966	0.6995965437489994	-0.16543542821553997	-0.6178038615004756
F0363	2	delay	0.6963139168320632	0.36925257381191395	1.0	0.1397422132596006	0.673760419587144	0.9393852753838071	0.0	0.0	reversal	-0.15428545774074687	0.15428545774074687	0.8505993745728101	-0.18913710322578806	-0.8419824279120282
F0364	2	delay	0.6666069563498709	0.29876026286087676	1.0	0.14778735354269462	0.6241105028294092	0.9349847654827039	0.0	0.0	rescue	-0.1101610627362249	0.1101610627362249	0.7767680190860958	-0.21196977350436	-0.7386641191627848
F0365	2	delay	0.377990040479233	0.1747467756828023	1.0	0.16356157259369405	0.6207036996921835	0.9329621575719711	0.0	0.0	replication	-0.15093817174364152	0.15093817174364152	0.5289282122228746	-0.08204777392236802	-0.5077489171782914
F0366	3	delay	0.7098396478610555	0.3860954620644655	1.0	0.14558652630973626	0.6591750119743884	0.9351719166411137	0.0	0.0	none	-0.2170406858050218	0.2170406858050218	0.9268803336660772	-0.17158017211642063	-0.8259322138593372
F0367	3	delay	0.7092229010312213	0.23400040083905096	1.0	0.13948036388933951	0.6867020172565156	0.9325977452579253	0.0	0.0	outcome	-0.030229991877564595	0.030229991877564595	0.7394528929087859	-0.2870156407639077	-0.716247060298786
F0368	3	delay	0.6971846245447736	0.2810191993367061	1.0	0.15072548004541106	0.6323916285001707	0.9368749612326854	0.0	0.0	reversal	-0.109409150335616	0.109409150335616	0.8065937748803896	-0.22489658066485949	-0.7719162327263985
F0369	3	delay	0.6699909916248101	0.3233553746493246	1.0	0.14509302438671304	0.6659217618274123	0.9427111395143306	0.0	0.0	rescue	-0.19170909719832246	0.19170909719832246	0.8617000888231326	-0.16128391611369028	-0.7991363914302121
F0370	3	delay	0.5792154934727645	0.37505367088751446	1.0	0.17577748694852452	0.6587192516496969	0.9350868141874661	0.0	0.0	replication	-0.2906466235166685	0.2906466235166685	0.8698621169894329	-0.06601461411829174	-0.7861810161856991
F0371	5	delay	0.7347418044295755	0.268032352962033	1.0	0.15058444237859894	0.6483065165434432	0.9406138475657487	0.0	0.0	none	-0.13678460925414787	0.13678460925414787	0.8715264136837233	-0.2322117457620769	-0.8106902673037027
F0372	5	delay	0.6952103820836473	0.2554813057385919	1.0	0.15817814769929942	0.659990695010573	0.939322465298236	0.0	0.0	outcome	-0.17809874974475398	0.17809874974475398	0.8733091318284012	-0.1927132619876409	-0.7938076756257576
F0373	5	delay	0.675901069989986	0.32443084864669763	1.0	0.15324228872785073	0.6461524391986955	0.9357379039472294	0.0	0.0	reversal	-0.2328700341138831	0.2328700341138831	0.9087711041038691	-0.1493165625688608	-0.7936895284892349
F0374	5	delay	0.7628551682292811	0.24475693991211023	1.0	0.15721939665047313	0.6477688535050435	0.9320114934461688	0.0	0.0	rescue	-0.044076738651309746	0.044076738651309746	0.8069319068805909	-0.3026365391544999	-0.7736212708409157
F0375	5	delay	0.6573187590522483	0.28920047911257096	1.0	0.1521687260687167	0.6679755471508464	0.9309152213588578	0.0	0.0	replication	-0.20776828403171219	0.20776828403171219	0.8650870430839606	-0.16037980034136368	-0.7819080545143023
F0376	2	delay	0.6186113643684579	0.6487331484139903	1.0	0.14894551545981707	0.6431341772766129	0.9425785230731254	0.0	0.13934426229508196	none	-0.14182423104353642	0.14182423104353642	0.7604355954119942	-0.1641754939956369	-0.7365601855825504
F0377	2	delay	0.35035271459397443	0.2962187345456438	1.0	0.1459852958867627	0.6424756406649038	0.9272549048196727	0.0	0.1557377049180328	outcome	-0.07738747885203281	0.07738747885203281	0.4277401934460072	-0.11890066675788032	-0.34585048245369454
F0378	2	delay	0.47450947457367004	0.4442526347756436	1.0	0.1459087571356305	0.5926494721455425	0.9349792727235368	0.07441491329801198	0.20491803278688525	reversal	0.024976756969306624	-0.024976756969306624	0.49948623154297667	-0.25183602319837006	-0.4632300148834958
F0379	2	delay	0.30825745135996074	0.36508960217047826	1.0	0.14524043127996752	0.5993725034217985	0.9380597887043314	0.0	0.09836065573770492	rescue	-0.23486386920444424	0.23486386920444424	0.543121320564405	-0.0072154291163023	-0.4210885428230455
F0380	2	delay	0.0802044950745042	0.10296828934784683	1.0	0.13675642027182316	0.6255956354265599	0.9382471862670924	0.0	0.09836065573770492	replication	0.09624799119744684	-0.09624799119744684	0.17645248627195104	-0.18862765296953532	-0.19690306813140154
F0381	3	delay	0.4847242600866918	0.3652348415917609	1.0	0.16873018758185174	0.7073454096379865	0.9393046773315582	0.0	0.11475409836065574	none	-0.08217568139940848	0.08217568139940848	0.5668999414861002	-0.14488555599430486	-0.563615200045467
F0382	3	delay	0.19076268917793732	0.14244864220652298	1.0	0.1455217978447104	0.6443838183259704	0.9347357434097486	0.0	0.11475409836065574	outcome	-0.03905511516793805	0.03905511516793805	0.22981780434587537	-0.05585746228853273	-0.27540470991445903
F0383	3	delay	0.46866604214643165	0.394391989558262	1.0	0.15010811946547206	0.6792495508873225	0.934318824604155	0.0	0.12021857923497267	reversal	-0.08545790816454674	0.08545790816454674	0.5541239503109784	-0.14658291850611804	-0.5026798703665402
F0384	3	delay	0.3804368595594761	0.4570068020283226	1.0	0.14752757314263404	0.6098082676818999	0.9324746861708364	0.0	0.09836065573770492	rescue	-0.2633445521493413	0.2633445521493413	0.6437814117088174	0.004067866015221744	-0.5697957678341454
F0385	3	delay	0.1831683506986608	0.13595509092992425	1.0	0.15548342728396922	0.6000611407595415	0.9422251375950843	0.0	0.1366120218579235	replication	-0.03611129839138901	0.03611129839138901	0.21927964909004982	-0.04887682158072683	-0.20990855303387884
F0386	5	delay	0.47449625445364696	0.2832118665960188	1.0	0.14275456160608818	0.6637429966427696	0.9354133173773647	0.0	0.12786885245901639	none	-0.15741137461091972	0.15741137461091972	0.6319076290645667	-0.08877057438688873	-0.6243898566276168
F0387	5	delay	0.5190202020979564	0.4121420073389998	0.8	0.15296661410082557	0.6947811848207128	0.937883852306085	0.0	0.12459016393442623	outcome	-0.14711095471562297	0.14711095471562297	0.6661311568135794	-0.12766461028271814	-0.6473718901902931
F0388	5	delay	0.5746515605247092	0.4386510440796339	1.0	0.1528424058047911	0.6130764910240188	0.93230463105926	0.0	0.12131147540983607	reversal	-0.1946858415360345	0.1946858415360345	0.7693374020607437	-0.12779484678488937	-0.6861294085030508
F0389	5	delay	0.590621392408684	0.34752898407919036	1.0	0.14753906879445383	0.6282868591854748	0.9380877858617037	0.0	0.07868852459016394	rescue	-0.08415688533046058	0.08415688533046058	0.6747782777391447	-0.20781240288166827	-0.6085900665509824
F0390	5	delay	0.5043189716603991	0.35042913574748463	1.0	0.16663677535431023	0.6555291402603028	0.9331325338081389	0.0	0.12131147540983607	replication	-0.12304973230362254	0.12304973230362254	0.6273687039640216	-0.11334900099398286	-0.6565928472138879
F0391	2	activation	0.08757659373895749	0.15062943162955508	1.0	0.1588189771579241	0.6263866623131198	0.9374192350046912	0.2735754887459274	0.4918032786885246	none	0.15062943162955508	-0.15062943162955508	0.0630528378905976	-0.17330597589109079	-0.06132512302174458
F0392	2	delay	0.1339056259149427	0.2736667023643774	1.0	0.15411256762187397	0.6717588208459904	0.9380154379374533	0.5820018749811502	0.5409836065573771	outcome	-0.1397610764494347	0.1397610764494347	0.2736667023643774	0.06773224213000768	-0.17871586147204388
F0393	2	redirection	0.14179774954368968	0.27082932713838914	1.0	0.1585836224228982	0.7017378703813169	0.9310295254742604	0.3574398742638323	0.5491803278688525	reversal	-0.02322083013090262	0.02322083013090262	-0.3259239554693419	0.12903157759469946	0.27082932713838914
F0394	2	redirection	0.02631556400113698	0.07750229329336783	1.0	0.15244576299664922	0.6771990970653604	0.9391580970860104	0.4470169900459696	0.5409836065573771	rescue	0.05118672929223085	-0.05118672929223085	-0.20957202154429347	0.02923473459935345	0.07750229329336783
F0395	2	delay	0.16978790636857571	0.3373541388100964	1.0	0.1536512684438568	0.6370162992238657	0.9372749239486415	0.4317184936851879	0.5245901639344263	replication	-0.1675662324415207	0.1675662324415207	0.3373541388100964	0.03190634750244737	-0.20639481962361753
F0396	3	redirection	0.16083760466838512	0.20522720550601667	1.0	0.17298847498171613	0.6558879344688162	0.9329477229586862	0.4930136993265737	0.5245901639344263	none	0.04438960083763155	-0.04438960083763155	-0.16903163803318164	-0.010903166666060043	0.20522720550601667
F0397	3	delay	0.07613770432064268	0.28223476442749645	1.0	0.1619010836501614	0.6475502647296713	0.9298932905489239	0.1560477981970504	0.5628415300546448	outcome	-0.20609706010685377	0.20609706010685377	0.28223476442749645	0.12005355687388795	-0.24344291444844066
F0398	3	delay	0.380819701829565	0.48720104077885734	1.0	0.15164608050139816	0.6192077411537139	0.9360499830865379	0.3272850433024358	0.5628415300546448	reversal	-0.10638133894929235	0.10638133894929235	0.48720104077885734	-0.0507877569490897	-0.4498297853231938
F0399	3	delay	0.011814303344114537	0.04170939190032314	1.0	0.16289679615725125	0.6951449941428557	0.9373532895983213	0.23615542985184057	0.5355191256830601	rescue	0.029895088556208604	-0.029895088556208604	0.04170939190032314	-0.024307515238797154	-0.045307755666094365
F0400	3	delay	0.3925880834787632	0.5223562035142285	1.0	0.15133104003105474	0.6555183149260463	0.9336134103669982	0.3202107209951568	0.5355191256830601	replication	0.12976812003546534	-0.12976812003546534	0.5223562035142285	-0.2814741602873389	-0.5384420339942869
F0401	5	delay	0.20707576438042802	0.22100695989257507	1.0	0.16544813194114866	0.6628688840234038	0.9401694937567893	0.04008214162510515	0.5016393442622951	none	0.028723336654403634	-0.028723336654403634	0.23579910103483165	-0.1188218374522559	-0.22461059769878824
F0402	5	delay	0.38017981047558447	0.44929950957605086	1.0	0.15700710166927545	0.6542882134641433	0.9396483614875633	0.3731814692809211	0.5377049180327869	outcome	0.0691196991004664	-0.0691196991004664	0.44929950957605086	-0.22510459293180077	-0.46569443785151426
F0403	5	persistent_loss	0.065277713379142	0.10660030380956398	1.0	0.1600562840343799	0.6496624960806069	0.9358009570275555	0.05987601697561373	0.5377049180327869	reversal	-0.047401480753394246	0.047401480753394246	-0.10886357869500755	0.11267919413253624	0.04162244407436681
F0404	5	delay	0.28893498639206505	0.35190195522583123	1.0	0.15258244862801182	0.6465760053981502	0.9379563394837909	0.18486667925914269	0.5278688524590164	rescue	0.06296696883376621	-0.06296696883376621	0.35190195522583123	-0.19062468884112746	-0.3538204712409831
F0405	5	delay	0.25448754308347865	0.5002756773494333	0.8	0.15484036138379131	0.6918762905308274	0.9344644998894098	0.31767026186327285	0.5344262295081967	replication	-0.24578813426595467	0.24578813426595467	0.5002756773494333	0.0750363570525569	-0.35407842291753144
F0406	2	persistent_loss	0.06308756328445031	0.8149637558438706	1.0	0.16364923589959776	0.13513764358468175	0.9371636118743145	0.46873607998803224	0.0	none	-0.9034478725122792	0.9034478725122792	-0.08669616451803853	0.9665354357967295	0.34242568175195287
F0407	2	persistent_loss	0.1082407344834646	0.7780501106092773	1.0	0.16585334093732318	0.16240007173768517	0.9339808765827015	0.4398085766853064	0.0	outcome	-0.8552300831097647	0.8552300831097647	-0.18937996163287724	0.9634708175932293	0.42628799302369896
F0408	2	persistent_loss	0.09375444754071038	0.7519397220817292	1.0	0.15275532162131192	0.1519300811074464	0.9383038461415016	0.42715128310268813	0.0	reversal	-0.8787379968757569	0.8787379968757569	-0.1486544257819948	0.9724924444164673	0.3875693946019765
F0409	2	persistent_loss	0.07831354768403664	0.8179229658742702	1.0	0.1605751340972093	0.14872492032588355	0.9346843278131404	0.4696924808045599	0.0	rescue	-0.894990823192311	0.894990823192311	-0.10771075110550032	0.9733043708763477	0.3658088375878569
F0410	2	persistent_loss	0.08162544152163387	0.8395847182434963	1.0	0.1511624071930897	0.15647446614636967	0.932802706707654	0.49495056593945025	0.0	replication	-0.8850069531015834	0.8850069531015834	-0.12206537546117968	0.9666323946232173	0.372957351339867
F0411	3	persistent_loss	0.0871580746647922	0.6891785495248982	1.0	0.15412690406593552	0.15504494764836485	0.9416396544527685	0.37091276657483807	0.0	none	-0.8955899641334778	0.8955899641334778	-0.13674610155602088	0.98274803879827	0.3928071272368517
F0412	3	persistent_loss	0.09648113353620535	0.7555271075407003	1.0	0.16929278955555854	0.14997635631079956	0.934545766616131	0.40740107965594635	0.0	outcome	-0.8860944770390922	0.8860944770390922	-0.13980050812895226	0.9825756105752975	0.375466351715275
F0413	3	persistent_loss	0.08009442694736801	0.8182828697825238	1.0	0.1468963577008257	0.14695432967561764	0.9398220708683492	0.48007933928826174	0.0	reversal	-0.8986602758917966	0.8986602758917966	-0.12406004009496703	0.9787547028391647	0.3809115845830475
F0414	3	persistent_loss	0.09246053364289464	0.7100156187812307	1.0	0.1506685329175342	0.1553813261620323	0.9304925857828621	0.3862619955675948	0.0	rescue	-0.8906803871856976	0.8906803871856976	-0.143335327859588	0.9831409208285923	0.3878618080860142
F0415	3	persistent_loss	0.07427417517392565	0.7967639495289485	1.0	0.14854595057252826	0.14701365658040277	0.9397601696048798	0.459751140494296	0.0	replication	-0.9080960694358174	0.9080960694358174	-0.104940002611073	0.9823702446097431	0.3634300915302119
F0416	5	persistent_loss	0.0888805646615255	0.6831942204492255	1.0	0.1578825569093265	0.16135561187571115	0.9330511917708063	0.3579629966200123	0.0	none	-0.8977886148256924	0.8977886148256924	-0.13355164756729598	0.9866691794872179	0.3824193962404963
F0417	5	persistent_loss	0.09493015141070427	0.7490447790503545	1.0	0.16577848341871335	0.14629186358431195	0.9346040886394477	0.4024615481228927	0.0	outcome	-0.8937076655408326	0.8937076655408326	-0.14576636778335958	0.9886378169515369	0.39784871639368763
F0418	5	persistent_loss	0.09011480816618178	0.788543847958515	1.0	0.1536795170403533	0.16071202669225354	0.9384086790622417	0.43859071897930096	0.0	reversal	-0.8967117836362275	0.8967117836362275	-0.14833578175476542	0.9868265918024093	0.40529113647049286
F0419	5	persistent_loss	0.10562790812783207	0.6867981001943709	1.0	0.1551842266645595	0.15686887029336366	0.9368336741166632	0.3642023240467997	0.0	rescue	-0.8829098977243061	0.8829098977243061	-0.16578818051376734	0.9885378058521381	0.4038162487440264
F0420	5	persistent_loss	0.07733159319998151	0.7527361944586709	1.0	0.15628338663727473	0.15807021806121935	0.9359106033095872	0.4143840367110122	0.0	replication	-0.908864493452615	0.908864493452615	-0.11904538485201385	0.9861960866525965	0.38570275762270884
F0421	2	persistent_loss	0.062250520348170024	0.6145544030827019	1.0	0.17139209203553887	0.13918877438497432	0.94022538843463	0.46760000771355237	0.09016393442622951	none	-0.659066382463322	0.659066382463322	-0.11459463792440065	0.7213169028114921	0.3163983849073332
F0422	2	persistent_loss	0.07662698970518433	0.5592660396401332	1.0	0.16704047643435563	0.15100335606103177	0.9398419059615718	0.4354200944634342	0.11475409836065574	outcome	-0.6196003652319763	0.6196003652319763	-0.07854274574619013	0.6962273549371606	0.21893226471286195
F0423	2	persistent_loss	0.021909178481526737	0.465133716526125	1.0	0.1637123301503792	0.15734091073086887	0.9395966560391137	0.40648772225530927	0.13114754098360656	reversal	-0.5898941454971112	0.5898941454971112	0.013397862325775675	0.6118033239786379	0.14633753673705321
F0424	2	persistent_loss	0.13439789585606254	0.9002078563718581	1.0	0.16000135339729918	0.15494780243347328	0.9381755217349698	0.7086204007554749	0.13934426229508196	rescue	-0.7658099605157955	0.7658099605157955	-0.25090133406388254	0.9002078563718581	0.45332565173513134
F0425	2	persistent_loss	0.05958559499070648	0.7049878849713425	1.0	0.14201601447566256	0.13988677937546026	0.934961507664662	0.6072422209084208	0.10655737704918032	replication	-0.6461002270109224	0.6461002270109224	-0.06800542178348935	0.7056858220016289	0.2679050341919065
F0426	3	persistent_loss	0.1009173377362671	0.9096281685641395	1.0	0.15831295052063057	0.15190579672567697	0.9364586726515447	0.7041951810996873	0.1366120218579235	none	-0.8087108308278724	0.8087108308278724	-0.1848626217980073	0.9096281685641395	0.3986167803388952
F0427	3	persistent_loss	0.11691805587587267	0.9208827652368932	1.0	0.16363415564231396	0.14252435751304224	0.9405949370927058	0.6205160573720294	0.11475409836065574	outcome	-0.8039647093610205	0.8039647093610205	-0.19196618052008155	0.9208827652368932	0.3970999762601778
F0428	3	persistent_loss	0.11425328125714895	0.8868026706572272	1.0	0.15406925595859985	0.15632188711300962	0.936219558490628	0.6344014837332047	0.09836065573770492	reversal	-0.7725493894000782	0.7725493894000782	-0.20748796770360936	0.8868026706572272	0.4390260631243329
F0429	3	persistent_loss	0.11860376448933552	0.8929103600835552	1.0	0.1546000092882331	0.16515316784345596	0.9292338802605964	0.6318384957510321	0.1092896174863388	rescue	-0.7743065955942197	0.7743065955942197	-0.20215788787014796	0.8929103600835552	0.3911534720532621
F0430	3	persistent_loss	0.05405926683948348	0.8388541455512831	1.0	0.1633706843056911	0.13917482002154857	0.9403820127776342	0.7146799466817471	0.13114754098360656	replication	-0.7847948787117996	0.7847948787117996	-0.0953629221636079	0.8388541455512831	0.36512334496570165
F0431	5	persistent_loss	0.07100211917607324	0.9201510657394472	1.0	0.16416196190923002	0.15439625798667128	0.9330176881365613	0.6692933563946435	0.13114754098360656	none	-0.8491489465633739	0.8491489465633739	-0.10326479617754913	0.9201510657394472	0.3390322874689226
F0432	5	persistent_loss	0.07559588816865936	0.7683640842279359	1.0	0.15507703838468181	0.15675057459916542	0.933990058454253	0.4967459346493017	0.1540983606557377	outcome	-0.8062344736089061	0.8062344736089061	-0.10588744912278242	0.8818303617775655	0.319860865401597
F0433	5	persistent_loss	0.05234732323928126	0.8773009105069177	1.0	0.1610449001185584	0.15318825232385685	0.9399338696132686	0.5715177803842126	0.13114754098360656	reversal	-0.8458361365413994	0.8458361365413994	-0.03778413476261821	0.8981834597806807	0.23986143877547728
F0434	5	persistent_loss	0.05474523032564138	0.9196799231917442	1.0	0.15174252169772884	0.14970512274125447	0.941671913327218	0.5866065468484123	0.1180327868852459	rescue	-0.8794469719507043	0.8794469719507043	-0.06168961395359305	0.9341922022763457	0.2968436461661304
F0435	5	persistent_loss	0.10198472901456068	0.9559387892442072	1.0	0.1622050669074694	0.16243704757068908	0.9352222496934316	0.5958372199699171	0.11147540983606558	replication	-0.8539540602296465	0.8539540602296465	-0.16846929662796153	0.9559387892442072	0.397278328109456
F0436	2	persistent_loss	0.032726954619228144	0.6508895688546009	1.0	0.1503617288906073	0.1575338880674419	0.9401801053147512	1.0	0.5819672131147541	none	-0.6181626142353728	0.6181626142353728	-0.04161723297701761	0.6508895688546009	0.2563318196624239
F0437	2	delay	0.09937158977532234	0.1291011216233229	1.0	0.15698750305750817	0.15618884241941763	0.9381774122630158	0.8897732183205614	0.5491803278688525	outcome	0.029729531848000555	-0.029729531848000555	0.1291011216233229	-0.05273522917483507	-0.1432702033044095
F0438	2	persistent_loss	0.01158066633623478	0.7142367583142276	1.0	0.16306159484390526	0.15037991761540118	0.9333063284793172	1.0	0.5163934426229508	reversal	-0.7026560919779928	0.7026560919779928	-0.10840497785243725	0.7142367583142276	0.42694922685694353
F0439	2	redirection	0.018224068301876784	0.2395386499196853	1.0	0.14601801780501641	0.16186039779758846	0.9295721257243243	0.9107932223016638	0.5573770491803278	rescue	-0.13787787978369945	0.13787787978369945	-0.24621908414957455	0.2213145816178085	0.2395386499196853
F0440	2	persistent_loss	0.04172773337634417	0.5808076137779817	1.0	0.14916126715142083	0.1614766853581249	0.9409602740430815	1.0	0.5573770491803278	replication	-0.5390798804016376	0.5390798804016376	-0.0528138884134379	0.5808076137779817	0.22583971012989268
F0441	3	persistent_loss	0.0010776171705698667	0.5073802990923196	1.0	0.15901760534654208	0.16150660895949154	0.9378372302415219	0.8331990913500706	0.4808743169398907	none	-0.5063026819217498	0.5063026819217498	0.0815246541148877	0.5073802990923196	0.08421650613764561
F0442	3	persistent_loss	0.035341305145802804	0.7219690091624461	1.0	0.1593716068219356	0.15877953361356922	0.9348905912141298	1.0	0.5191256830601093	outcome	-0.6866277040166433	0.6866277040166433	-0.0808058082722849	0.7219690091624461	0.32460853344772145
F0443	3	persistent_loss	0.055176137721672236	0.470259717873449	1.0	0.16875125244067274	0.15885055607389525	0.9365312101533845	0.9135102703639852	0.546448087431694	reversal	-0.41508358015177677	0.41508358015177677	-0.1602778644960667	0.470259717873449	0.27129418417564544
F0444	3	suppression	0.017638831782691045	0.4670178836815792	0.6666666666666666	0.15038146238556563	0.14751704748921016	0.9353665476730361	0.9401631545881103	0.5355191256830601	rescue	-0.4670178836815792	0.4670178836815792	0.08354743541536962	0.44937905189888816	0.09865136092166861
F0445	3	persistent_loss	0.1071654829797114	0.7060472078634737	1.0	0.15172309783267066	0.15610048780647873	0.9328684662528661	1.0	0.5027322404371585	replication	-0.5988817248837623	0.5988817248837623	-0.31354617172557175	0.7060472078634737	0.5129020454703451
F0446	5	suppression	0.08393485078084406	0.807174550085706	1.0	0.1559354799087821	0.1508601009495453	0.9358244960783721	0.947337868916959	0.5442622950819672	none	-0.807174550085706	0.807174550085706	0.27561116796108476	0.723239699304862	-0.0065190762601635525
F0447	5	suppression	0.004792086900700876	0.44588449034553684	0.8	0.16258499193625223	0.15237571543609277	0.9374819261497097	0.7713963695435062	0.49836065573770494	outcome	-0.44588449034553684	0.44588449034553684	0.08123848533115965	0.44109240344483597	0.04771540934191168
F0448	5	suppression	0.016274484992876426	0.459627823509911	0.8	0.15796554509250677	0.14910734380914864	0.9339358586442635	0.9975274658660995	0.5442622950819672	reversal	-0.459627823509911	0.459627823509911	0.1330334091803323	0.44335333851703457	-0.01147502031906214
F0449	5	persistent_loss	0.05954174585676697	0.5923587946872915	1.0	0.14551679314866506	0.15388054461174566	0.9355877220803624	1.0	0.5245901639344263	rescue	-0.5328170488305245	0.5328170488305245	-0.03503753965799464	0.5923587946872915	0.13704963755295205
F0450	5	persistent_loss	0.01893614744252803	0.5793370013873262	1.0	0.1534912363070899	0.15682646487714344	0.9371072313312654	1.0	0.5377049180327869	replication	-0.5604008539447982	0.5604008539447982	0.0007500926835178851	0.5793370013873262	0.116062076363873
F0451	2	persistent_loss	0.21940870871583118	0.5347096025939562	1.0	0.7829236221121596	0.16850568422810522	0.5827396643159716	0.0	0.0	none	-0.6491094578491579	0.6491094578491579	-0.42575913643357566	0.868518166564989	0.5774367709229271
F0452	2	persistent_loss	0.10740497959326312	0.42913300498862134	1.0	0.6835987246513632	0.1788688355032741	0.6218306828746356	0.0	0.0	outcome	-0.50810991687033	0.50810991687033	-0.5428065537530846	0.7682440645458687	0.6608390849526056
F0453	2	persistent_loss	0.20136269471163326	0.4707893157592498	1.0	0.6532858879395839	0.170800089099985	0.641443693366255	0.0	0.0	reversal	-0.5941714497790309	0.5941714497790309	-0.4672615027704238	0.8260044493613181	0.6246417546496849
F0454	2	persistent_loss	0.2207048953811217	0.5913075046244488	1.0	0.650526119396839	0.1410623025315345	0.6341393727826028	0.0	0.0	rescue	-0.6297621511043295	0.6297621511043295	-0.42338647558968756	0.8504670464854512	0.5737685941599645
F0455	2	persistent_loss	0.18607787901113615	0.4999232384734683	1.0	0.6571696463945649	0.14967355576125635	0.5770017796338074	0.0	0.0	replication	-0.5744620430554055	0.5744620430554055	-0.5027345946057792	0.8223782104616122	0.636300331450476
F0456	3	persistent_loss	0.16293469732948163	0.4516158065947334	1.0	0.6603451873411879	0.14410822172830243	0.5758581318496978	0.0	0.0	none	-0.5918986994531346	0.5918986994531346	-0.5386923266118245	0.8464228469655799	0.6834881496360983
F0457	3	persistent_loss	0.2490915001400963	0.5284729382283464	1.0	0.6514007609410536	0.1540607936502637	0.5824100033576722	0.0	0.0	outcome	-0.6082351835595743	0.6082351835595743	-0.49176160031542965	0.857849292567584	0.6087577924274877
F0458	3	persistent_loss	0.22240803583896607	0.5426599329002799	1.0	0.6944224111173923	0.15804156196278077	0.6194233149223438	0.0	0.0	reversal	-0.6420575043457011	0.6420575043457011	-0.45834117201177516	0.8644655401846671	0.6218682621448008
F0459	3	persistent_loss	0.2469414506975145	0.5022977010157876	1.0	0.6885877085612702	0.15568681959049976	0.5559243470738104	0.0	0.0	rescue	-0.5963343447110558	0.5963343447110558	-0.49261700289433297	0.8492955518191732	0.6023541011216587
F0460	3	persistent_loss	0.23790112425173704	0.4971251410483035	1.0	0.726695792648846	0.15132826691767962	0.5691996636008636	0.0	0.0	replication	-0.620628692750726	0.620628692750726	-0.4561114663068912	0.858529817002463	0.5728864451151624
F0461	5	persistent_loss	0.215148272789754	0.5223221801080766	1.0	0.6794674999112655	0.16797398340280106	0.5564831570579247	0.0	0.0	none	-0.68554709870105	0.68554709870105	-0.40728627785540494	0.900695371490804	0.5611070270207371
F0462	5	persistent_loss	0.19720234918658197	0.489520223028067	1.0	0.6956986742840883	0.1612207895837145	0.5693756926827259	0.0	0.0	outcome	-0.6057287971557173	0.6057287971557173	-0.5276150470505282	0.8640303950394812	0.6668280458528992
F0463	5	persistent_loss	0.17936020544552977	0.46687453350196234	1.0	0.7089488190526989	0.15768850331408454	0.5808816239574368	0.0	0.0	reversal	-0.597663328179982	0.597663328179982	-0.5250933930494998	0.8532749279440796	0.6739147224985498
F0464	5	persistent_loss	0.236339424320408	0.5683259006529432	1.0	0.737006858285569	0.1603391721428107	0.5923228318749629	0.0	0.0	rescue	-0.6321403554056207	0.6321403554056207	-0.4950525442481402	0.8775022640236401	0.6411628397032321
F0465	5	persistent_loss	0.23028329772615086	0.47144794632273634	1.0	0.682120120488704	0.15070859709034579	0.5854772206481017	0.0	0.0	replication	-0.6667157430875489	0.6667157430875489	-0.46751995703662513	0.8969990408136997	0.626188570423801
F0466	2	persistent_loss	0.04563083778657917	0.5145493409366584	1.0	0.6847612285792245	0.1504531543771454	0.5467944176914966	0.0	0.11475409836065574	none	-0.3454832840405187	0.3454832840405187	-0.4916308051883994	0.5878040846666099	0.5421732468800308
F0467	2	persistent_loss	0.11490939543634987	0.4475017529000466	1.0	0.6338172001133835	0.16297003920507974	0.6506359980843552	0.0	0.09836065573770492	outcome	-0.43990577261468716	0.43990577261468716	-0.20990695962770325	0.554815168051037	0.30311788641121357
F0468	2	persistent_loss	0.14087223632376034	0.7759187196438301	1.0	0.7035975439324427	0.17103492512862767	0.529426321951554	0.18322158092701446	0.13934426229508196	reversal	-0.6350464833200697	0.6350464833200697	-0.2640140181510821	0.7759187196438301	0.3976728996132987
F0469	2	persistent_loss	0.0797417835830797	0.4516426570601543	1.0	0.7378552576748415	0.16253508373048658	0.5645377642165817	0.0	0.11475409836065574	rescue	-0.2577598099523701	0.2577598099523701	-0.44065520279691067	0.495106672126164	0.4153648885430843
F0470	2	persistent_loss	0.11539340728210734	0.5761693431053904	1.0	0.7125308695492972	0.15866091137006166	0.5723028310153444	0.0	0.1885245901639344	replication	-0.524690842137238	0.524690842137238	-0.1951034579182602	0.6400842494193454	0.27903552572439544
F0471	3	persistent_loss	0.14716100797516074	0.7663092147950504	1.0	0.6786181848532173	0.15631453809638776	0.545044904330132	0.12903117705718514	0.13114754098360656	none	-0.6191482068198897	0.6191482068198897	-0.27745828830603164	0.7663092147950504	0.457057329491213
F0472	3	persistent_loss	0.16018076269492376	0.7795302679623721	1.0	0.6729491586455578	0.15914076712798217	0.5685113119663847	0.023431451215586763	0.08743169398907104	outcome	-0.6793711902067451	0.6793711902067451	-0.29352567850073624	0.8395519529016688	0.45626061755382435
F0473	3	persistent_loss	0.05347222628593512	0.3224065803655744	1.0	0.7093736978911422	0.15406702063809763	0.5794622034746237	0.0	0.08196721311475409	reversal	-0.31212101825673816	0.31212101825673816	-0.4422389809612755	0.5308375234902311	0.47736529720429594
F0474	3	persistent_loss	0.1422694897198572	0.41348865380147576	1.0	0.6746626920106169	0.1537739175625508	0.6189878580596189	0.0	0.10382513661202186	rescue	-0.4777634363014849	0.4777634363014849	-0.3096941833821883	0.6200329260213421	0.43716092510233673
F0475	3	persistent_loss	0.149049132721623	0.8413645425689235	1.0	0.7446011079358398	0.1623377203668755	0.5711401878025555	0.02828996087477298	0.12568306010928962	replication	-0.6923154098473004	0.6923154098473004	-0.32269937924849784	0.8413645425689235	0.5146599882018953
F0476	5	persistent_loss	0.10195098690440274	0.5175862868119467	1.0	0.7012981494666591	0.15083983066351536	0.555248906163623	0.0	0.14098360655737704	none	-0.5136836469107464	0.5136836469107464	-0.4673534390881778	0.7201855050111475	0.6182345181067448
F0477	5	persistent_loss	0.18462299668579885	0.497418881590517	1.0	0.6869854591016921	0.147755342283038	0.5538047781710742	0.0	0.10819672131147541	outcome	-0.513658848984524	0.513658848984524	-0.4459953890649608	0.7371763630080683	0.5525533663222695
F0478	5	persistent_loss	0.19483576576404038	0.4616361403266511	0.8	0.7074032698987678	0.1561648959720942	0.598781095785992	0.0	0.11147540983606558	reversal	-0.5291985204804056	0.5291985204804056	-0.3636474585574984	0.724034286244446	0.4609545150434353
F0479	5	persistent_loss	0.16552438955864146	0.44768480567272095	0.8	0.7039573791863367	0.15989496919039237	0.5895876549368746	0.0	0.12459016393442623	rescue	-0.5790088710525662	0.5790088710525662	-0.31232974297585986	0.7445332606112076	0.4640795252946296
F0480	5	persistent_loss	0.12040294726288225	0.5267247950015778	1.0	0.7034634603235916	0.15427268838762126	0.5887208710828896	0.0	0.09836065573770492	replication	-0.46473980753692323	0.46473980753692323	-0.4750833144638734	0.6969098170282788	0.5765068697653966
F0481	2	persistent_loss	0.03615899880708534	0.30166272551867396	1.0	0.7820018221108413	0.16399739910063804	0.5363482275481137	0.41664047044457875	0.5819672131147541	none	-0.2655037267115886	0.2655037267115886	-0.08549493860862313	0.30166272551867396	0.19478064980628068
F0482	2	redirection	0.11867612880808492	0.4104286429292303	1.0	0.7424473125243952	0.14712709957820944	0.5488752468375131	0.3431038716672389	0.5327868852459017	outcome	-0.19067787436324468	0.19067787436324468	-0.40329094310590147	0.2917525141211454	0.4104286429292303
F0483	2	persistent_loss	0.06426047739567803	0.4366504239333292	1.0	0.699723438582629	0.16703248370672327	0.6041124473062258	0.22764424409180273	0.5327868852459017	reversal	-0.35472702422668007	0.35472702422668007	-0.2540004382945088	0.4366504239333292	0.3723899465376512
F0484	2	persistent_loss	0.12543786760459485	0.5057339052252285	1.0	0.6435860853002615	0.15606523010920034	0.5581918869456128	0.39698855064750105	0.5081967213114754	rescue	-0.3802960376206337	0.3802960376206337	-0.3155579141262661	0.5057339052252285	0.3496146754185196
F0485	2	persistent_loss	0.07303136292317436	0.7766105094758288	1.0	0.6673534583457044	0.15229825405151462	0.6190405022210705	0.8739700935867933	0.48360655737704916	replication	-0.7035791465526544	0.7035791465526544	-0.2748041844979246	0.7766105094758288	0.5255583237058455
F0486	3	redirection	0.002755361852822824	0.1578421431156001	1.0	0.6559574270076689	0.16072826115171832	0.5696875374990248	0.43422286697737	0.5245901639344263	none	-0.049459646139433044	0.049459646139433044	-0.22203040484878536	0.15508678126277728	0.1578421431156001
F0487	3	persistent_loss	0.008517141047210491	0.09247509968241009	1.0	0.7415550065115101	0.15641702196196894	0.5897833007407258	0.2715141638320929	0.5136612021857924	outcome	-0.04106356541904373	0.04106356541904373	-0.13025106609538853	0.09247509968241009	0.0839579586351996
F0488	3	persistent_loss	0.10294499328068485	0.6429538052101706	1.0	0.7145685160802034	0.15485431602707606	0.5732630766439555	0.546085508806437	0.48633879781420764	reversal	-0.5400088119294858	0.5400088119294858	-0.24291520939017952	0.6429538052101706	0.40401326890564887
F0489	3	persistent_loss	0.0600000348357691	0.47556512796625583	1.0	0.7503974503636485	0.15194375280215255	0.6088462551714736	0.3363387260221963	0.546448087431694	rescue	-0.3271850386567545	0.3271850386567545	-0.4042314894388204	0.47556512796625583	0.41556509313048673
F0490	3	persistent_loss	0.050075197061437315	0.5096086607604307	1.0	0.706652361642119	0.14056038678660457	0.6199516057395451	0.42384546981706595	0.546448087431694	replication	-0.45953346369899334	0.45953346369899334	-0.1628638788407207	0.5096086607604307	0.3145940162185547
F0491	5	persistent_loss	0.10423226948995445	0.7103475021196402	1.0	0.7482913108786902	0.16005966443551048	0.5635530370413768	0.21678144055090387	0.5606557377049181	none	-0.6061152326296857	0.6061152326296857	-0.20734723522350731	0.7103475021196402	0.3300188372232557
F0492	5	persistent_loss	0.10339596626196407	0.5248146926677743	1.0	0.7248028261156374	0.15195503112986844	0.6079518968154969	0.15456536765687345	0.45901639344262296	outcome	-0.4214187264058102	0.4214187264058102	-0.22116094538462355	0.5248146926677743	0.3064270779331971
F0493	5	persistent_loss	0.019624622906466493	0.308516914373305	1.0	0.7223138265869983	0.16109929839971796	0.6056491081198118	0.09617037078522184	0.5508196721311476	reversal	-0.16886236950020003	0.16886236950020003	-0.2899384967073869	0.308516914373305	0.2888922914668385
F0494	5	persistent_loss	0.03503064626197183	0.3614998365146031	1.0	0.6904993296903256	0.16027974912074858	0.6105077729502999	0.5797957364269429	0.49836065573770494	rescue	-0.2314215134664157	0.2314215134664157	-0.3202092750333859	0.3614998365146031	0.32646919025263127
F0495	5	persistent_loss	0.08441971237059975	0.5970814866762217	1.0	0.6801938633206185	0.1584883386788691	0.5723148035534342	0.23114312412819982	0.5049180327868853	replication	-0.512661774305622	0.512661774305622	-0.19014028279975564	0.5970814866762217	0.36196289514077185
F0496	2	persistent_loss	0.18285277410166734	0.8872090383457318	1.0	0.16271689758167204	0.6018815490915671	0.93870603556118	0.1837499808949078	0.0	none	-0.6427005477452364	0.6427005477452364	-0.5367487587699417	0.8872090383457318	0.7043562642440645
F0497	2	persistent_loss	0.21156029587336567	0.8578967641673838	1.0	0.17699519681232223	0.6232148949056882	0.9337238605827028	0.09097869670353198	0.0	outcome	-0.6725733761423709	0.6725733761423709	-0.49740486701263575	0.9009077940279173	0.6893474981545517
F0498	2	persistent_loss	0.21823603610582032	0.7785959802114953	1.0	0.14546423490521831	0.6864951229737214	0.9392209237614358	0.0	0.0	reversal	-0.6806421139047362	0.6806421139047362	-0.4915694612588649	0.9016671299035858	0.6834310937977655
F0499	2	persistent_loss	0.09754757287645921	0.8021530741270783	1.0	0.14313178699233037	0.6733226676315959	0.9354972933262471	0.029319456918193043	0.0	rescue	-0.6012676675887589	0.6012676675887589	-0.5832588450383865	0.8562179587237067	0.7586703858472474
F0500	2	persistent_loss	0.10826216723351656	0.7902911673877148	1.0	0.1619155528104433	0.6662582789947765	0.9399410455273219	0.023334572841871126	0.0	replication	-0.6072272488747322	0.6072272488747322	-0.5786287141182728	0.8595193148568057	0.7512571476232891
F0501	3	persistent_loss	0.10945469943433228	0.8483047631406339	1.0	0.1635731544470144	0.6431724362273519	0.941036011647625	0.09425610239275395	0.0	none	-0.5989583058488134	0.5989583058488134	-0.5934315668626025	0.862766409265909	0.7533117098315767
F0502	3	persistent_loss	0.12892018428540086	0.8365176031084184	1.0	0.1524134181270352	0.631054680131797	0.9405177366746389	0.0879065489906018	0.0	outcome	-0.6121734449834759	0.6121734449834759	-0.5787846365957185	0.8726314812512718	0.7437112969658709
F0503	3	persistent_loss	0.20347177739205313	0.7751323042585188	1.0	0.15095175793049592	0.6117036666340212	0.9373840852517491	0.037130018258278996	0.0	reversal	-0.6600342232798102	0.6600342232798102	-0.5170301152254305	0.8959911325972342	0.692519355205181
F0504	3	persistent_loss	0.12850159038602837	0.7992853736873202	1.0	0.16039236562712322	0.6581641661363457	0.9320985641950523	0.038624286422913046	0.0	rescue	-0.6007484298433432	0.6007484298433432	-0.5791119363080867	0.8603242893358777	0.7318226989498493
F0505	3	persistent_loss	0.11183253733369136	0.7725579563700188	1.0	0.1654889561165854	0.6830333616775236	0.9391429133886708	0.0	0.0	replication	-0.5927947441255244	0.5927947441255244	-0.5948485238366333	0.8582428687685206	0.7464103314348293
F0506	5	persistent_loss	0.14321603310638187	0.8435997139129855	1.0	0.15134958809400417	0.6799066110416679	0.9338612902106612	0.040769089586645046	0.0	none	-0.6212516617101429	0.6212516617101429	-0.5710694947995881	0.8779257922573592	0.7347097591509774
F0507	5	persistent_loss	0.21073029172231328	0.7623929677124593	1.0	0.14817416721334617	0.6331746364153934	0.9375759988155946	0.0	0.0	outcome	-0.6646472499446223	0.6646472499446223	-0.5243202921662489	0.9045399148641136	0.6938096231418003
F0508	5	persistent_loss	0.17129894066131013	0.8481734528490318	1.0	0.15221557250233342	0.6521108935699018	0.934083524489515	0.05857619423243132	0.0	reversal	-0.6557835668588654	0.6557835668588654	-0.5389842221721399	0.8950916662970296	0.7237927256357195
F0509	5	persistent_loss	0.13557654145926146	0.8067700943950674	1.0	0.14585549142843676	0.6572086295474087	0.9352982175034714	0.030226590263525588	0.0	rescue	-0.6265973711066523	0.6265973711066523	-0.5700255295291857	0.8801957673374888	0.7446192258782274
F0510	5	persistent_loss	0.19556434685746749	0.84180419609411	1.0	0.16074520787925536	0.6591425868618971	0.9323612364094661	0.04304807010871736	0.0	replication	-0.6645230642490857	0.6645230642490857	-0.522341555715364	0.8991192645518261	0.7035549176943586
F0511	2	redirection	0.019350275373733128	0.6932555646374324	1.0	0.15407469999673656	0.7470992471491482	0.9353966918121964	0.018858864241436124	0.12295081967213115	none	-0.4145143987868466	0.4145143987868466	-0.5905222198802635	0.6739052892636993	0.6932555646374324
F0512	2	redirection	0.09991081773191068	0.7507203705004701	1.0	0.164507984450469	0.6858161143343587	0.9451503489803087	0.16274416976841977	0.10655737704918032	outcome	-0.3637106340032785	0.3637106340032785	-0.657455312223973	0.6508095527685595	0.7507203705004701
F0513	2	redirection	0.053505124065647	0.700965833308189	1.0	0.16110019031902323	0.6407117930110172	0.9378825513612599	0.2551907594283972	0.13114754098360656	reversal	-0.38475760456369223	0.38475760456369223	-0.5908786112726508	0.647460709242542	0.700965833308189
F0514	2	persistent_loss	0.20712400234388317	0.8103989393869971	1.0	0.15567918770510406	0.6267703060137874	0.9384909054866558	0.21353576548051478	0.11475409836065574	rescue	-0.603274937043114	0.603274937043114	-0.4271702043899358	0.8103989393869971	0.5687787980633692
F0515	2	redirection	0.14900784753833518	0.684594178981478	1.0	0.151561882976302	0.6214893536416178	0.9354378292196701	0.22848914060641234	0.13114754098360656	replication	-0.24333489768251548	0.24333489768251548	-0.6527241001682355	0.5355863314431428	0.684594178981478
F0516	3	persistent_loss	0.05191933881198885	0.7944384597287552	1.0	0.1551258280742932	0.6982903061259763	0.9313243898858147	0.23413666665789634	0.10382513661202186	none	-0.5588544912291261	0.5588544912291261	-0.5491979126816698	0.7944384597287552	0.7425191209167663
F0517	3	persistent_loss	0.195189996566279	0.8695195799692864	1.0	0.15068213462341362	0.6318042083767146	0.9374784870064546	0.4698510538991154	0.1092896174863388	outcome	-0.6534820041031604	0.6534820041031604	-0.4793699553622647	0.8695195799692864	0.6743295834030074
F0518	3	persistent_loss	0.09090082088805074	0.788125269051219	1.0	0.1605949293018166	0.6590934202178722	0.9348924345752416	0.07714639867565287	0.1092896174863388	reversal	-0.5627155509173463	0.5627155509173463	-0.5546380315390239	0.802855179276711	0.7119543583886603
F0519	3	persistent_loss	0.1270528198745705	0.7897544745751168	1.0	0.13864472949658233	0.6533762371507352	0.9357323435947033	0.1398559386569418	0.13114754098360656	rescue	-0.5556103309395298	0.5556103309395298	-0.5196830796635638	0.7897544745751168	0.6627016547005463
F0520	3	persistent_loss	0.19072780506122067	0.8520589377588007	1.0	0.16590625716105256	0.6832785939386182	0.9363268749847105	0.225382725984149	0.13114754098360656	replication	-0.66133113269758	0.66133113269758	-0.41569323424653815	0.8520589377588007	0.6044750062545381
F0521	5	persistent_loss	0.19992077694313692	0.8709891925110836	1.0	0.1527216366367786	0.6312123398004239	0.942614521623834	0.13109477427497884	0.1540983606557377	none	-0.6665433800001671	0.6665433800001671	-0.4672330009562264	0.8709891925110836	0.6710684155679467
F0522	5	persistent_loss	0.19646985837789877	0.9042369551989454	1.0	0.1641311284544944	0.627960802954512	0.9381341111503416	0.29662932841002676	0.10491803278688525	outcome	-0.7077670968210467	0.7077670968210467	-0.42531209318553076	0.9042369551989454	0.6222087028380148
F0523	5	persistent_loss	0.220169133487499	0.8933565699293651	1.0	0.15153678954804262	0.6127910534979197	0.9370996309689459	0.24088330274340075	0.09180327868852459	reversal	-0.6731874364418661	0.6731874364418661	-0.4720995916711574	0.8933565699293651	0.6561246105656393
F0524	5	persistent_loss	0.2163959429023109	0.8833555105884509	1.0	0.16129184579953157	0.6070948423299222	0.9288806627808277	0.3185174233781354	0.12459016393442623	rescue	-0.66695956768614	0.66695956768614	-0.47401650671241957	0.8833555105884509	0.6587919575798518
F0525	5	persistent_loss	0.16538767337455818	0.8594353963963283	1.0	0.1578753655266324	0.6705802216370191	0.9402897162734579	0.16976402696035775	0.1180327868852459	replication	-0.6384006576246899	0.6384006576246899	-0.5000185266466555	0.8594353963963283	0.6940477230217701
F0526	2	persistent_loss	0.05837814974366318	0.5606689785205458	1.0	0.15619548812129594	0.61222639548049	0.9346526156608995	0.9997529378938207	0.5327868852459017	none	-0.5022908287768826	0.5022908287768826	-0.2584576962604467	0.5606689785205458	0.41953630444278284
F0527	2	activation	0.12284420678405304	0.1534366761928081	1.0	0.14596590983678137	0.6706376521631464	0.9295542416987944	0.21507096670175452	0.5573770491803278	outcome	0.1534366761928081	-0.1534366761928081	-0.21194952274534398	-0.08383650397805265	0.030592469408755055
F0528	2	redirection	0.12877300741300227	0.3166062040664906	1.0	0.15547683824757433	0.673232374593912	0.9370959926553819	0.3360226863215384	0.5409836065573771	reversal	0.18783319665348833	-0.18783319665348833	-0.39667928734239233	-0.07610329988626205	0.3166062040664906
F0529	2	redirection	0.11148192082260727	0.31434585602271603	1.0	0.14633646860966434	0.6983095783876291	0.9238898182539229	0.426078228996308	0.5163934426229508	rescue	-0.16042804823463885	0.16042804823463885	-0.180034461813415	0.20286393520010876	0.31434585602271603
F0530	2	persistent_loss	0.045467536663137076	0.8566093135759117	1.0	0.1639975512358035	0.6070103346413028	0.9387959230410449	1.0	0.5163934426229508	replication	-0.8111417769127747	0.8111417769127747	-0.175228950807371	0.8566093135759117	0.4809418063324099
F0531	3	persistent_loss	0.07779174606061323	0.7349992666296159	1.0	0.15119707767482735	0.6357431012817499	0.9331306786884805	0.6201272723175483	0.5300546448087432	none	-0.572707054814236	0.572707054814236	-0.43720671391107535	0.7349992666296159	0.6572075205690027
F0532	3	persistent_loss	0.022494872361827678	0.6058410457202046	1.0	0.15501724950775173	0.6234179080132091	0.9374346064467014	0.6688051355101173	0.546448087431694	outcome	-0.4702080611496458	0.4702080611496458	-0.43533841754621533	0.6058410457202046	0.5833461733583769
F0533	3	persistent_loss	0.023055323301697017	0.4243926761036553	1.0	0.15395263106750154	0.6334213331957593	0.9365383137132876	0.24925431066224324	0.4918032786885246	reversal	-0.29167463773730995	0.29167463773730995	-0.35011400633543593	0.4243926761036553	0.40133735280195826
F0534	3	persistent_loss	0.04951504954641889	0.32010265342228755	1.0	0.1491298532005513	0.6995010179001996	0.9373847790055474	0.9707439946944382	0.5409836065573771	rescue	-0.27058760387586867	0.27058760387586867	-0.08304233415968794	0.32010265342228755	0.13745953122458182
F0535	3	persistent_loss	0.10126213581762722	0.7017525654719547	1.0	0.160290281781352	0.7430744367590056	0.9408481340939571	0.6713912844784999	0.5136612021857924	replication	-0.6004904296543275	0.6004904296543275	-0.3464506677394737	0.7017525654719547	0.5503136973439527
F0536	5	persistent_loss	0.0666847202730021	0.7053780590980472	1.0	0.1519721765095246	0.6823945393754387	0.9354937942538029	0.5788370105769685	0.5016393442622951	none	-0.5331767491825105	0.5331767491825105	-0.5080270835766071	0.7053780590980472	0.6386933388250451
F0537	5	persistent_loss	0.02308725920549204	0.6164473351612051	0.8	0.16121283744148976	0.6174201691125144	0.9324314247895487	0.4305870470796357	0.5311475409836065	outcome	-0.4595859589989905	0.4595859589989905	-0.42859479295792857	0.6164473351612051	0.593360075955713
F0538	5	persistent_loss	0.13359743840197158	0.7710290130630019	1.0	0.14778337768228061	0.6393089963638651	0.9354461014455844	0.8222261756133028	0.5114754098360655	reversal	-0.6374315746610303	0.6374315746610303	-0.3277698390657564	0.7710290130630019	0.4906546539354976
F0539	5	redirection	0.07974505748929694	0.6077225594139278	1.0	0.15520989339459262	0.693362204901904	0.9342428546993875	0.33772098209010315	0.5245901639344263	rescue	-0.30688517288984535	0.30688517288984535	-0.5487775832620551	0.5279775019246309	0.6077225594139278
F0540	5	persistent_loss	0.11178202147392324	0.7290775072004966	1.0	0.16213256421446162	0.6492685873967731	0.9360478136706086	0.645661455971828	0.5081967213114754	replication	-0.6172954857265733	0.6172954857265733	-0.27465592362123664	0.7290775072004966	0.42913957436229755
F0541	2	redirection	0.6228717718703312	0.9717101962699668	1.0	0.16505701216158644	0.15243175848236298	0.9330336768711042	0.5993743955900033	0.0	none	-0.010185379443206724	0.010185379443206724	-0.8916303003413237	0.3488384243996357	0.9717101962699668
F0542	2	redirection	0.6325384996327523	0.9814590750133539	1.0	0.14725465435411852	0.13997658393259227	0.9308741735592234	0.7720585553952356	0.0	outcome	-0.0072065724549225905	0.0072065724549225905	-0.8997475053631987	0.34892057538060167	0.9814590750133539
F0543	2	redirection	0.6051037835379669	0.9861994363789175	1.0	0.15989483866529594	0.1604121822200222	0.9433323353362953	0.6732218215121446	0.0	reversal	-0.03741288431005974	0.03741288431005974	-0.8955868995136388	0.38109565284095054	0.9861994363789175
F0544	2	redirection	0.6581173325112601	0.9789511025226237	1.0	0.14499776317032598	0.15475566872581484	0.9392992933061672	0.6636961298123513	0.0	rescue	0.02495095018313247	-0.02495095018313247	-0.9056830589793327	0.3208337700113636	0.9789511025226237
F0545	2	redirection	0.5736651963387529	0.9855014608307561	1.0	0.1487358999604537	0.15956194828786413	0.9384018554609679	0.6596019407390412	0.0	replication	-0.0689003106768886	0.0689003106768886	-0.8848860156639592	0.4118362644920032	0.9855014608307561
F0546	3	redirection	0.5858717434166552	0.9744959503488436	1.0	0.15165096245419438	0.16761342607122592	0.939694594089439	0.5737159682086796	0.0	none	-0.05581541060759595	0.05581541060759595	-0.89463687464328	0.4000219340781774	0.9858936774948326
F0547	3	redirection	0.5979768329292903	0.9865376435203322	1.0	0.15859026781053187	0.15573746205631336	0.9409338602026309	0.6419256745513594	0.0	outcome	-0.04853201513524086	0.04853201513524086	-0.8946227211387165	0.3885608105910419	0.9865376435203322
F0548	3	redirection	0.6025175296275561	0.9861047597496538	1.0	0.15884985935226512	0.1494978822331538	0.9334181783475978	0.7433949982019337	0.0	reversal	-0.039902007532194896	0.039902007532194896	-0.8981133386193888	0.3835872301220977	0.9861047597496538
F0549	3	redirection	0.6109954388697284	0.9858997943001974	1.0	0.16138883583769817	0.15453259351130513	0.9315301216023948	0.6550645219613526	0.0	rescue	-0.026720977362294354	0.026720977362294354	-0.9031876974230347	0.37490435543046896	0.9858997943001974
F0550	3	redirection	0.5898604341955314	0.9868881574937869	1.0	0.1551443525313286	0.1546446439190628	0.935635715956833	0.6423102799131085	0.0	replication	-0.05580363225325039	0.05580363225325039	-0.8914701807251513	0.3970277232982556	0.9868881574937869
F0551	5	redirection	0.6045259165625418	0.9934145391869038	1.0	0.15821471095460693	0.15230677142380725	0.9368724327335574	0.6184394253905727	0.0	none	-0.04330173758738507	0.04330173758738507	-0.9021398606738478	0.388888622624362	0.9934145391869038
F0552	5	redirection	0.5875116836345315	0.9900330374411583	1.0	0.15634146327726184	0.1563382085546901	0.9350008415607657	0.6528478538205288	0.0	outcome	-0.05798919000759969	0.05798919000759969	-0.8969149148236882	0.4025213538066268	0.9900330374411583
F0553	5	redirection	0.5967510896578283	0.9876081560718495	1.0	0.1586594042816249	0.14294646722768423	0.938779673642343	0.6066072291129438	0.0	reversal	-0.04923593218165602	0.04923593218165602	-0.8894519975649762	0.39085706641402124	0.9876081560718495
F0554	5	redirection	0.5975623222591291	0.9897385507248238	1.0	0.15098836756124168	0.1573537176154394	0.9303168615937798	0.6169462748217163	0.0	rescue	-0.043737317107957696	0.043737317107957696	-0.9018019235535802	0.3921762284656946	0.9897385507248238
F0555	5	redirection	0.6045322108618975	0.9911269033271397	1.0	0.15031813884843184	0.14654912065210632	0.9345471193376804	0.6279436039102669	0.0	replication	-0.0501240927201828	0.0501240927201828	-0.8859745280526368	0.38659469246524225	0.9911269033271397
F0556	2	redirection	0.5832887803940023	0.8963247086054503	1.0	0.15561663275366228	0.15819323879316236	0.9357246713285738	0.8281597319296956	0.1557377049180328	none	-0.017272361802462687	0.017272361802462687	-0.7939815435990248	0.31303592821144793	0.8963247086054503
F0557	2	redirection	0.5335590457725423	0.898392278005501	1.0	0.15213899678130063	0.13948959237517686	0.9328146681116177	0.9067205735246496	0.16393442622950818	outcome	-0.06986727624940026	0.06986727624940026	-0.7883777528971914	0.36483323223295866	0.898392278005501
F0558	2	redirection	0.5103041763845335	0.8376193108315519	1.0	0.16768800023295652	0.16607718417798895	0.9335461369085403	0.7700296871786133	0.09836065573770492	reversal	-0.0339184919497396	0.0339184919497396	-0.7395182640575693	0.3273151344470184	0.8376193108315519
F0559	2	redirection	0.6546369345026632	0.8419565051154465	1.0	0.15638597677390997	0.1633597413289312	0.9292317615061069	0.9148357622670762	0.11475409836065574	rescue	0.09005644080374076	-0.09005644080374076	-0.7583826541043741	0.1873195706127832	0.8419565051154465
F0560	2	redirection	0.5961017803291218	0.8583134001789653	1.0	0.16691898999580776	0.16801185623000936	0.929346167619671	0.6353445400609794	0.05737704918032787	replication	0.059550599334154526	-0.059550599334154526	-0.8265220494511951	0.2622116198498436	0.8583134001789653
F0561	3	redirection	0.4746326958188098	0.946608099257443	1.0	0.15545557326160345	0.1535176792438303	0.9281721215562102	0.8717320461012918	0.1092896174863388	none	-0.14426451573190457	0.14426451573190457	-0.8409892058940215	0.47197540343863326	0.946608099257443
F0562	3	redirection	0.5116956143286933	0.8845394314199723	1.0	0.15634233761496133	0.16227718649864686	0.9361214412488202	0.7063680771290654	0.11475409836065574	outcome	-0.08744822645992087	0.08744822645992087	-0.7579788166574711	0.372843817091279	0.8845394314199723
F0563	3	redirection	0.43761543866620173	0.9133736760793009	1.0	0.15890041541628094	0.14990149740049963	0.9320951773623624	0.8885163722202316	0.1366120218579235	reversal	-0.1762563668654677	0.1762563668654677	-0.7796534745440385	0.47575823741309914	0.9133736760793009
F0564	3	redirection	0.5457072945421271	0.9002603174933131	1.0	0.15279078402720161	0.1625637121480079	0.9440026547166036	0.8246141295292709	0.11475409836065574	rescue	-0.053520110916345384	0.053520110916345384	-0.805006965139987	0.35455302295118607	0.9002603174933131
F0565	3	redirection	0.5995065619060324	0.8906117138425286	1.0	0.15474448193650953	0.15491226253958423	0.9337223759193986	0.6047402878755702	0.12021857923497267	replication	0.03246028413928479	-0.03246028413928479	-0.8331186325477983	0.2911051519364962	0.8906117138425286
F0566	5	redirection	0.5686455170502918	0.9434950765686662	1.0	0.1536408619343353	0.1571053070096799	0.9340849192044072	0.7359752271862512	0.13442622950819672	none	-0.047275635294431156	0.047275635294431156	-0.8527074388887799	0.37484955951837445	0.9434950765686662
F0567	5	redirection	0.6556718811399211	0.9629444976318057	1.0	0.15489012255120416	0.16300075955735394	0.9396043025014955	0.8870303888543316	0.1180327868852459	outcome	0.035606228491257476	-0.035606228491257476	-0.8964452245887035	0.3072726164918845	0.9629444976318057
F0568	5	redirection	0.597125270690817	0.9372631161413293	1.0	0.15885963219010105	0.1563583396965811	0.9372781867226408	0.722171171244939	0.11475409836065574	reversal	-0.01738971267593806	0.01738971267593806	-0.8496432019744835	0.34013784545051234	0.9372631161413293
F0569	5	redirection	0.6167071784657836	0.9649854026410762	1.0	0.14761165580453467	0.1573977008042315	0.9395047241973333	0.8771726655254979	0.12786885245901639	rescue	-0.009581909394404025	0.009581909394404025	-0.8887989688423825	0.3482782241752927	0.9649854026410762
F0570	5	redirection	0.6254508086333155	0.9084156396976709	1.0	0.15686996036088346	0.15858479328283046	0.9337098874907064	0.57563953064237	0.09836065573770492	replication	0.01615865967066634	-0.01615865967066634	-0.8332747309040631	0.3024832131257651	0.9279340217590806
F0571	2	redirection	0.4110070201361719	0.8479622698505084	1.0	0.15142681386983117	0.15639740295297183	0.9292532522541332	1.0	0.5163934426229508	none	-0.18356753091589936	0.18356753091589936	-0.7697197951529061	0.43695524971433647	0.8479622698505084
F0572	2	redirection	0.11821344388916039	0.5279085260292083	1.0	0.13948774042296846	0.15818540158848948	0.9306123111506874	1.0	0.5163934426229508	outcome	-0.3148380844520703	0.3148380844520703	-0.35237528061953605	0.40969508214004796	0.5279085260292083
F0573	2	delay	0.0354259153641441	0.07948225078988952	1.0	0.15024652261583818	0.160599914905669	0.9355406179925284	0.959654425877742	0.5491803278688525	reversal	-0.04405633542574542	0.04405633542574542	0.07948225078988952	-0.0026968997127640297	0.03962980795264541
F0574	2	redirection	0.39644091483075405	0.7614859846983268	1.0	0.15098384275947618	0.16816441710487173	0.9356701113204272	1.0	0.5327868852459017	rescue	-0.20256816935425678	0.20256816935425678	-0.6359258325199773	0.3650450698675728	0.7614859846983268
F0575	2	redirection	0.20211589835671473	0.5510075832569853	1.0	0.14911071329852985	0.1426594391617271	0.938938068132387	0.9900992945297042	0.5491803278688525	replication	-0.20408241426589796	0.20408241426589796	-0.4977761658031903	0.34889168490027056	0.5510075832569853
F0576	3	redirection	0.43528559833128594	0.6349804429950135	1.0	0.15553839365829517	0.16970923885696676	0.937000997711458	1.0	0.5628415300546448	none	-0.06239722555302262	0.06239722555302262	-0.5360437658460938	0.1996948446637276	0.6349804429950135
F0577	3	redirection	0.4346225774399544	0.7821787259273429	1.0	0.1508741855759914	0.15255656825355404	0.9379307482563533	1.0	0.546448087431694	outcome	-0.13855305362009587	0.13855305362009587	-0.7187743959385475	0.3475561484873885	0.7821787259273429
F0578	3	redirection	0.17237968233720896	0.385450730373163	1.0	0.15237776907511752	0.1497815696280467	0.9382785778831811	0.9599372346157853	0.5409836065573771	reversal	-0.18475137033542288	0.18475137033542288	-0.2347123681743547	0.21307104803595406	0.385450730373163
F0579	3	redirection	0.4239015980107011	0.8072578089350374	1.0	0.15659270913096487	0.15536698909758673	0.9411022495817561	1.0	0.5519125683060109	rescue	-0.13475660424656238	0.13475660424656238	-0.7350132637300038	0.3833562109243363	0.8072578089350374
F0580	3	redirection	0.35843972205775965	0.5684117562846944	1.0	0.14842685287940538	0.14684387426132023	0.9336085402501524	1.0	0.5573770491803278	replication	-0.09852122097313278	0.09852122097313278	-0.4520103508210116	0.2099720342269348	0.5684117562846944
F0581	5	redirection	0.3638447120086927	0.7094561724551168	1.0	0.1585077547617063	0.15559757547983455	0.9357368533389605	1.0	0.5475409836065573	none	-0.10217369125394025	0.10217369125394025	-0.6763513896996645	0.34561146044642416	0.7094561724551168
F0582	5	redirection	0.4114115575932824	0.5675198457053362	1.0	0.16438384398061406	0.14670536055408448	0.9360455115745516	0.9382495468463659	0.5081967213114754	outcome	0.06541597733966464	-0.06541597733966464	-0.5843770020935158	0.15610828811205382	0.5675198457053362
F0583	5	redirection	0.3432897423691166	0.7869829852566332	1.0	0.15486871858110277	0.14864079392345397	0.9366354570278234	1.0	0.5606557377049181	reversal	-0.21735726219738583	0.21735726219738583	-0.6626705926674645	0.44369324288751666	0.7869829852566332
F0584	5	redirection	0.46740172803305213	0.7902774566535258	1.0	0.15243301501870923	0.15719934278421957	0.9373816961025841	1.0	0.521311475409836	rescue	-0.09404474429716295	0.09404474429716295	-0.6994082568562923	0.32287572862047365	0.7902774566535258
F0585	5	redirection	0.36540928487947905	0.7507512175688038	1.0	0.16275330257054185	0.15669075127781903	0.9346458283307394	0.9436593826315463	0.5180327868852459	replication	-0.18247905107147605	0.18247905107147605	-0.6220985721679473	0.38534193268932476	0.7507512175688038
F0586	2	redirection	0.611110444487202	0.916176874819554	1.0	0.7586315330386794	0.15609092710183495	0.5472466404716996	0.11305244883315801	0.0	none	0.30506643033235203	-0.30506643033235203	-0.9536043501326069	0.06287383077385658	0.916176874819554
F0587	2	redirection	0.5483159463115319	0.9004399711824098	1.0	0.7510292630011718	0.17274437874021145	0.6252664802148592	0.020878825599296102	0.0	outcome	0.35212402487087796	-0.35212402487087796	-0.9479772813637392	0.011459911765381432	0.9004399711824098
F0588	2	redirection	0.5997896068527544	0.9107779245505618	1.0	0.7781266714454531	0.15429653028301593	0.6047495875472535	0.004022039396189836	0.0	reversal	0.3109883176978075	-0.3109883176978075	-0.926865882057256	0.04002488900408246	0.9107779245505618
F0589	2	redirection	0.6524018492810291	0.9317451956230078	1.0	0.7127862912559645	0.1533171618928672	0.6572902021904505	0.1365712392032955	0.0	rescue	0.27934334634197877	-0.27934334634197877	-0.9461645992015406	0.08004672126451341	0.9317451956230078
F0590	2	redirection	0.6367735052376877	0.9234847533148464	1.0	0.6625915963861595	0.16236464781772106	0.583640905195355	0.10852356559300957	0.0	replication	0.28671124807715864	-0.28671124807715864	-0.9427682036605874	0.07496481839129003	0.9234847533148464
F0591	3	redirection	0.5648090473723031	0.907119964267042	1.0	0.7444293824209572	0.14192381270023216	0.5720395826939255	0.024996675843075744	0.0	none	0.34231091689473897	-0.34231091689473897	-0.9344393905949594	0.010720510647085249	0.907119964267042
F0592	3	redirection	0.6846507010868712	0.9407467251092075	1.0	0.750238947990237	0.1453626892604026	0.652397604916747	0.1140991355645723	0.0	outcome	0.2560960240223364	-0.2560960240223364	-0.9453454809233234	0.1051763694765952	0.9407467251092075
F0593	3	redirection	0.48354658787328336	0.8656661277997834	1.0	0.6954705421160574	0.15078746479793226	0.5397018855490787	0.044756804677523965	0.0	reversal	0.3935482650285593	-0.3935482650285593	-0.9296997984863846	-0.03547860580022824	0.8770948529018426
F0594	3	redirection	0.5987189842844757	0.9186733684743824	1.0	0.7325837983608912	0.1467942028072037	0.5459210717275852	0.1066188828224015	0.0	rescue	0.31995438418990674	-0.31995438418990674	-0.9529282482925197	0.045948842878520545	0.9186733684743824
F0595	3	redirection	0.5669607130136437	0.9092114650071957	1.0	0.7288565565752065	0.1462433660048752	0.5054482462477781	0.05266649330907802	0.0	replication	0.34225075199355204	-0.34225075199355204	-0.9597185225500191	0.028176494790274034	0.9092114650071957
F0596	5	redirection	0.6126677368762684	0.9255033880373523	1.0	0.7145038442803897	0.15021159869193246	0.5767457560904523	0.09953829110354917	0.0	none	0.3128356511610839	-0.3128356511610839	-0.9502686977583181	0.0516097358983202	0.9255033880373523
F0597	5	redirection	0.6765250154763314	0.9421551231047789	1.0	0.7329055006415875	0.1484204061559197	0.5754881529906599	0.09149667466871103	0.0	outcome	0.2656301076284476	-0.2656301076284476	-0.9519234284163598	0.09906228895900246	0.9421551231047789
F0598	5	redirection	0.6179868402018776	0.92712293040764	1.0	0.7265354576185992	0.16484292053933233	0.5992067918787998	0.05820339147088305	0.0	reversal	0.30913609020576255	-0.30913609020576255	-0.9535885594726892	0.057056744479990956	0.92712293040764
F0599	5	redirection	0.6343932336942535	0.9305190196023473	1.0	0.7175734237469666	0.16709835190708083	0.5689406940700676	0.08845107625879478	0.0	rescue	0.29612578590809385	-0.29612578590809385	-0.9665130727549139	0.07826223521318923	0.9305190196023473
F0600	5	redirection	0.6229627834871216	0.9276576051877525	1.0	0.6618673874137647	0.1625928574543815	0.5798903791728824	0.17837638626242425	0.0	replication	0.30469482170063095	-0.30469482170063095	-0.9571685844608017	0.06211016406491244	0.9276576051877525
F0601	2	redirection	0.29939822307555913	0.6307587342855808	1.0	0.7255516283820482	0.15551013313785422	0.6158836177214291	0.08043537884931207	0.1557377049180328	none	0.3313605112100217	-0.3313605112100217	-0.6728626933407313	-0.0695455726331262	0.6307587342855808
F0602	2	redirection	0.33626447160008877	0.7444653925662753	1.0	0.6633160355295371	0.14907845005738826	0.539388818464819	0.16353786508158052	0.07377049180327869	outcome	0.40820092096618654	-0.40820092096618654	-0.8556190304291956	-0.06887877861679942	0.7444653925662753
F0603	2	redirection	0.5994925262783619	0.8516650435967692	1.0	0.7284544375357382	0.1470584893790645	0.5980512887878542	0.05656291520896728	0.08196721311475409	reversal	0.25217251731840723	-0.25217251731840723	-0.8708697527845181	0.08134076555138472	0.8516650435967692
F0604	2	redirection	0.6319098528780013	0.8684477711151753	1.0	0.6606874544533939	0.16264471636875674	0.5320437725995077	0.3132603786297814	0.11475409836065574	rescue	0.2365379182371741	-0.2365379182371741	-0.845876603507465	0.08068075241485362	0.8684477711151753
F0605	2	redirection	0.4307397843172664	0.7917368810089855	1.0	0.7118507485363255	0.1427813982094489	0.6052419518802907	0.31778103547802905	0.1557377049180328	replication	0.36099709669171914	-0.36099709669171914	-0.8310866765625491	-0.059109801793608335	0.7917368810089855
F0606	3	redirection	0.5652468000978944	0.8704297990827966	1.0	0.6718008107284521	0.15959158877464225	0.6223956508848475	0.34364523383691914	0.09289617486338798	none	0.3051829989849022	-0.3051829989849022	-0.9091233325487128	0.05154806492260952	0.8704297990827966
F0607	3	redirection	0.6176862124825	0.8887904981469802	1.0	0.7142739127952266	0.16199174176355022	0.5759485336293478	0.3288675900021537	0.09836065573770492	outcome	0.27110428566448014	-0.27110428566448014	-0.8873228163960623	0.06556847404666624	0.8887904981469802
F0608	3	redirection	0.6086220757552014	0.8669020437735364	1.0	0.7448874072386108	0.15525675169461964	0.5257358680770476	0.3495390900745051	0.16939890710382513	reversal	0.258279968018335	-0.258279968018335	-0.8675387932464628	0.08281439893723053	0.8669020437735364
F0609	3	redirection	0.45434352870903594	0.8296638651178445	1.0	0.7134795881494944	0.15794296916133876	0.5758873153170697	0.028193227147698674	0.08196721311475409	rescue	0.3846354469313812	-0.3846354469313812	-0.8783538116776646	-0.05558545163621971	0.8389789756404171
F0610	3	redirection	0.636249785197631	0.8974945175535021	1.0	0.693308431342236	0.15181421847175955	0.5160482841603491	0.1800701118127177	0.1092896174863388	replication	0.26124473235587115	-0.26124473235587115	-0.9298412706088292	0.10234670891600549	0.8974945175535021
F0611	5	redirection	0.6358742739385003	0.8894441543007977	1.0	0.7074960402285716	0.15047108235043768	0.5557566142479848	0.1817823228569665	0.10819672131147541	none	0.25356988036229744	-0.25356988036229744	-0.9106877028751014	0.09972749207949459	0.8894441543007977
F0612	5	redirection	0.5805662237162983	0.8861542849690369	1.0	0.7249427348980221	0.15412269044515906	0.6070021936771648	0.06987927565073615	0.13442622950819672	outcome	0.30558806125273863	-0.30558806125273863	-0.9431591372850331	0.06520720989209614	0.8861542849690369
F0613	5	redirection	0.43312696405140955	0.8362943312279161	1.0	0.6709896469751674	0.15280431699938518	0.6002242156173254	0.08047514337220474	0.14098360655737704	reversal	0.40316736717650653	-0.40316736717650653	-0.8941669618049629	-0.06123600915814305	0.8362943312279161
F0614	5	redirection	0.5601053757975474	0.8768352506505501	1.0	0.7567303138207947	0.1520625033056624	0.5877872757260487	0.0716418306936103	0.09836065573770492	rescue	0.3167298748530027	-0.3167298748530027	-0.9058101937863658	0.02456234593333676	0.8768352506505501
F0615	5	redirection	0.5269389383225138	0.8533571593908524	1.0	0.6813071679564734	0.15607691106546473	0.6068734193803703	0.1029573141097534	0.09836065573770492	replication	0.3264182210683386	-0.3264182210683386	-0.8836989429984171	0.010810661237393814	0.8533571593908524
F0616	2	redirection	0.651797954994386	0.7505660225707168	1.0	0.7307938671770604	0.1436051491543448	0.5963108413091551	0.6365086223009835	0.5245901639344263	none	0.09237866517558922	-0.09237866517558922	-0.7862732746002459	0.0987680675763308	0.7505660225707168
F0617	2	redirection	0.2791288057680683	0.516246056629643	1.0	0.7988502717075485	0.16294148581560192	0.6349305074502486	0.7278200724372159	0.5245901639344263	outcome	0.23711725086157462	-0.23711725086157462	-0.5756720112352735	-0.09940452510466206	0.516246056629643
F0618	2	redirection	0.5096271675417297	0.6444532258956124	1.0	0.7347594128896866	0.14841485896079637	0.5046137682919646	0.4145892472305692	0.5081967213114754	reversal	0.10948175886929874	-0.10948175886929874	-0.6901793828694545	0.1348260583538827	0.6444532258956124
F0619	2	redirection	0.0022302985367680245	0.1269494459040223	1.0	0.7187516363577308	0.1555921844269116	0.570997947445461	0.39526191101881814	0.5327868852459017	rescue	0.12471914736725427	-0.12471914736725427	-0.18425584744456078	-0.05449779401605742	0.1269494459040223
F0620	2	redirection	0.4431441591392241	0.5975431883488164	1.0	0.6470805100781988	0.16321282809081913	0.6113484309989318	0.7983370980890027	0.5081967213114754	replication	0.15439902920959223	-0.15439902920959223	-0.6373950000115985	0.0019456124647217001	0.5975431883488164
F0621	3	redirection	0.4611569095107393	0.6099301832186038	1.0	0.7134408195444657	0.152928924446471	0.5666996141461889	0.8197924882302334	0.4918032786885246	none	0.1487732737078645	-0.1487732737078645	-0.6124522369271724	0.042054106935371094	0.6099301832186038
F0622	3	redirection	0.26719597053633504	0.5289970129008265	1.0	0.6843095098214577	0.15724195467625557	0.5946382883490453	0.5966190483548476	0.48633879781420764	outcome	-0.09729724958116898	0.09729724958116898	-0.5150443438101125	0.2618010423644914	0.5289970129008265
F0623	3	redirection	0.41739603076723086	0.6895487898960011	1.0	0.7236025196423153	0.15335073666436327	0.5931160900644891	0.6268878520077916	0.48633879781420764	reversal	0.27215275912877024	-0.27215275912877024	-0.6673351189358694	-0.049953586976929	0.6895487898960011
F0624	3	redirection	0.22466244637145233	0.5560603839813405	1.0	0.7300660982757231	0.1547253271813035	0.6192805671522409	0.4925667432270716	0.5081967213114754	rescue	0.33139793760988817	-0.33139793760988817	-0.6573008253237357	-0.1461387670305588	0.5560603839813405
F0625	3	redirection	0.07921364437488651	0.2567914718624293	1.0	0.6966046101907724	0.15364057225063826	0.5196884398226769	0.29816296056796365	0.5683060109289617	replication	0.17757782748754278	-0.17757782748754278	-0.20067671474273205	-0.13601881507218253	0.2567914718624293
F0626	5	redirection	0.44935783085532754	0.7029942047170188	1.0	0.6673011540127969	0.16014169571690248	0.5899141649344223	0.8424452036586798	0.521311475409836	none	0.25363637386169124	-0.25363637386169124	-0.8168804056385052	-0.004151362799883766	0.7029942047170188
F0627	5	redirection	0.139942627167347	0.4388415988283054	1.0	0.7069466044428814	0.14701248283676732	0.5473264976977614	0.34555415633269115	0.5442622950819672	outcome	0.2988989716609584	-0.2988989716609584	-0.5249208388158474	-0.15212116122303176	0.4388415988283054
F0628	5	redirection	0.4214648450214584	0.5501876152978107	1.0	0.7058864326951658	0.156051735092084	0.605406168583215	0.7083683028980335	0.5442622950819672	reversal	0.12872277027635226	-0.12872277027635226	-0.5724224353384532	0.03914363058556308	0.5501876152978107
F0629	5	redirection	0.3910817344335035	0.6652421198092464	0.8	0.7072161769032463	0.15147645020163578	0.5893407404899851	0.5855435845607275	0.5442622950819672	rescue	0.2741603853757429	-0.2741603853757429	-0.7735994920749131	-0.003497029475267676	0.6652421198092464
F0630	5	redirection	0.5859190440661333	0.7517934434540464	1.0	0.6795875402291014	0.15805663028064873	0.5745597084490028	0.3933481690924816	0.5016393442622951	replication	0.16587439938791318	-0.16587439938791318	-0.7803036451519407	0.10268611706022218	0.7517934434540464
F0631	2	redirection	0.6563465781039712	0.9805263066369055	1.0	0.14398273788881294	0.6402056517929284	0.9362050017589494	0.4607812524992907	0.0	none	0.031697586086038	-0.031697586086038	-0.9253848105125627	0.32417972853293425	0.9805263066369055
F0632	2	redirection	0.6894612646808862	0.9789765826948525	1.0	0.15195740182714396	0.6720835938857688	0.9343579084468526	0.3664918644317725	0.0	outcome	0.0717829656842392	-0.0717829656842392	-0.939476186568533	0.2895153180139664	0.9789765826948525
F0633	2	redirection	0.6827411139432021	0.9764625027088435	1.0	0.15395467947900202	0.6269656232672721	0.9417496941719267	0.5270047954392659	0.0	reversal	0.07385245358847764	-0.07385245358847764	-0.9474861976402703	0.29372138876564136	0.9764625027088435
F0634	2	redirection	0.6855674307396327	0.9776497193799798	1.0	0.15214120337644002	0.6530472055972353	0.9396517556526912	0.44429155281194566	0.0	rescue	0.06505211023474164	-0.06505211023474164	-0.9325588940664722	0.2920822886403471	0.9776497193799798
F0635	2	redirection	0.6972291278156608	0.9770957261523127	1.0	0.1571063993033251	0.7048672823702886	0.9355459655087857	0.3539962796841669	0.0	replication	0.08593009058709959	-0.08593009058709959	-0.9508859462484244	0.2798665983366518	0.9770957261523127
F0636	3	redirection	0.68069310279954	0.9775385350808538	1.0	0.16049589231537242	0.7598216740950411	0.9327844494874374	0.3636965411081027	0.0	none	0.0682694468829867	-0.0682694468829867	-0.9466059421364853	0.29684543228131377	0.9775385350808538
F0637	3	redirection	0.691167910411856	0.9771308591244396	1.0	0.16100926774807664	0.5871236600113289	0.934839917148811	0.4395751471113173	0.0	outcome	0.07346125758807581	-0.07346125758807581	-0.9418738513520629	0.2859629487125837	0.9771308591244396
F0638	3	redirection	0.680650589020102	0.9857328767006299	1.0	0.1584673461150842	0.6300990492050007	0.9368259676211392	0.5897745949155524	0.0	reversal	0.06272312683392585	-0.06272312683392585	-0.9485150213589162	0.30508228768052786	0.9857328767006299
F0639	3	redirection	0.6841637090379307	0.9822582808064734	1.0	0.15702099585489604	0.667537371925319	0.9391266420797129	0.36799036870272994	0.0	rescue	0.06976681104937162	-0.06976681104937162	-0.9516573823556813	0.29809457176854265	0.9822582808064734
F0640	3	redirection	0.7021160428012627	0.9812219749797539	1.0	0.15673863966954574	0.6723773786974069	0.9372776326880965	0.3828749789359934	0.0	replication	0.08682665787006343	-0.08682665787006343	-0.9510207744164916	0.2791059321784913	0.9812219749797539
F0641	5	redirection	0.6815100787821666	0.9851856751647606	1.0	0.1480442015787557	0.6022504970232172	0.9378253457022702	0.4674769172314315	0.0	none	0.06441193849116997	-0.06441193849116997	-0.9509256271333703	0.303675596382594	0.9851856751647606
F0642	5	redirection	0.68481426157483	0.9843568445457892	1.0	0.14805104916980288	0.6455317619280034	0.9334926521551956	0.45692137206076344	0.0	outcome	0.06491534130346002	-0.06491534130346002	-0.9460751645002164	0.29954258297095915	0.9843568445457892
F0643	5	redirection	0.6788454248427933	0.9852947483333833	1.0	0.1641182509334854	0.6220288296733478	0.9382929328835499	0.4887322313361959	0.0	reversal	0.061328117559818596	-0.061328117559818596	-0.9504145328786865	0.3064493234905899	0.9852947483333833
F0644	5	redirection	0.6851408184780786	0.983975059519954	1.0	0.15803296592455113	0.6503601391982784	0.935731468617347	0.40558230386821437	0.0	rescue	0.06550824905020011	-0.06550824905020011	-0.9471802323617696	0.2988342410418754	0.983975059519954
F0645	5	redirection	0.696195135418424	0.9821932617152647	1.0	0.15677063633967003	0.6900888999711547	0.9362070992447696	0.45078833555471665	0.0	replication	0.0786659644316596	-0.0786659644316596	-0.9477766913355881	0.2859981262968406	0.9821932617152647
F0646	2	redirection	0.560503628233694	0.8840335937527488	1.0	0.13436356112587305	0.6291839859488226	0.9427380569151278	0.5952091911597981	0.09016393442622951	none	0.019568683077745598	-0.019568683077745598	-0.8548194303411539	0.3235299655190548	0.8840335937527488
F0647	2	redirection	0.6657935654138545	0.9285242223055922	1.0	0.15258089469352554	0.7153716243967948	0.9346071011065076	0.6835814980230622	0.09836065573770492	outcome	0.08418953882614932	-0.08418953882614932	-0.8949731630403669	0.26273065689173764	0.9285242223055922
F0648	2	redirection	0.6047571322492071	0.9430522788409691	1.0	0.15226310836319765	0.6145566422861035	0.9436387581905841	0.6135746761156029	0.13114754098360656	reversal	0.010828772631079257	-0.010828772631079257	-0.8888458459376116	0.3382951465917619	0.9430522788409691
F0649	2	redirection	0.6819084012156044	0.889248805831652	1.0	0.15947660913274897	0.6710551824240842	0.931655055170247	0.7654448593528533	0.13934426229508196	rescue	0.1207652712648819	-0.1207652712648819	-0.8691609086598004	0.20734040461604766	0.889248805831652
F0650	2	redirection	0.6202543690000446	0.9388953519563803	1.0	0.14893595257829206	0.6286924464286887	0.9391864862855686	0.590937906283576	0.14754098360655737	replication	0.02116858216386427	-0.02116858216386427	-0.8741373480145445	0.31864098295633575	0.9388953519563803
F0651	3	redirection	0.6453287618453662	0.9511394277419037	1.0	0.15997587596685856	0.6338424240883334	0.9300044157113199	0.7428526881740916	0.10382513661202186	none	0.04743061001113523	-0.04743061001113523	-0.9131157305847009	0.30581066589653755	0.9511394277419037
F0652	3	redirection	0.6630635583170104	0.9475049041062866	1.0	0.15931748421741782	0.6323291833796364	0.9392867554808356	0.5279738163073456	0.14754098360655737	outcome	0.05580040815393775	-0.05580040815393775	-0.8968600030968609	0.2844413457892763	0.9475049041062866
F0653	3	redirection	0.6313795344590708	0.939767461489296	1.0	0.15198937124417422	0.6340878512530006	0.9421517473000469	0.6826296429395899	0.09836065573770492	reversal	0.02725016529449786	-0.02725016529449786	-0.8843052823164861	0.3083879270302252	0.939767461489296
F0654	3	redirection	0.6466302685378928	0.9341203821800241	1.0	0.15331709671528104	0.6338177390647395	0.9424358572556676	0.40673952982252337	0.08743169398907104	rescue	0.05556663783105832	-0.05556663783105832	-0.8945812768903764	0.28749011364213123	0.9341203821800241
F0655	3	redirection	0.5836180734194736	0.9328738275928715	1.0	0.16462261498792374	0.5998137586001435	0.9329135010119357	0.5112115165643691	0.12568306010928962	replication	-0.012619749733789723	0.012619749733789723	-0.8742669654127994	0.3492557541733979	0.9328738275928715
F0656	5	redirection	0.6613236354193419	0.9636757919633543	1.0	0.14657351060008908	0.6427383594346445	0.9364564285718122	0.5508313842900383	0.12459016393442623	none	0.04244669683645986	-0.04244669683645986	-0.9036999461571213	0.30235215654401243	0.9636757919633543
F0657	5	redirection	0.6667512617153715	0.9639970402357492	1.0	0.15518632795502965	0.6268401940885717	0.9331669048961059	0.6591495982874154	0.14426229508196722	outcome	0.05300743209974797	-0.05300743209974797	-0.9180758251956919	0.29724577852037765	0.9639970402357492
F0658	5	redirection	0.723404460637842	0.962131772055711	1.0	0.1566059947763664	0.6298206561724939	0.9335557145378822	0.45827675177290317	0.10163934426229508	reversal	0.12377974768379145	-0.12377974768379145	-0.9422778508761249	0.23872731141786901	0.962131772055711
F0659	5	redirection	0.6449665367918884	0.9635924490581621	1.0	0.1596079890310273	0.6464974614453222	0.9367014599277982	0.6136357805934324	0.11475409836065574	rescue	0.03182842114399254	-0.03182842114399254	-0.9131541576954325	0.31862591226627374	0.9635924490581621
F0660	5	redirection	0.5969540262868667	0.9627326927071468	1.0	0.16446687900993756	0.6492785454444399	0.9347741558115563	0.5162588290855168	0.12459016393442623	replication	-0.01969953732798049	0.01969953732798049	-0.8891638900091018	0.3657786664202802	0.9627326927071468
F0661	2	redirection	0.47725883249470485	0.7613081776408543	1.0	0.1608984746912356	0.6888622688220273	0.9392007640553339	0.8438577668055299	0.5163934426229508	none	-0.0691268409280491	0.0691268409280491	-0.7884069338172603	0.2840493451461495	0.7613081776408543
F0662	2	redirection	0.5563774982276668	0.7483232876112021	1.0	0.13766498230459603	0.6771734466886583	0.9398071225728655	1.0	0.6147540983606558	outcome	-0.003781348076897958	0.003781348076897958	-0.7158707478186995	0.19194578938353532	0.7483232876112021
F0663	2	redirection	0.469388233953293	0.6162734124283182	1.0	0.14898142182843482	0.6367975811485856	0.9372706637164153	0.873383774873422	0.5737704918032787	reversal	0.007024642143550503	-0.007024642143550503	-0.5473955585057665	0.14688517847502527	0.6162734124283182
F0664	2	redirection	0.24583732190686242	0.7079720513732045	1.0	0.14944055379337912	0.59762491318997	0.9388548064576234	1.0	0.39344262295081966	rescue	-0.2624036621138822	0.2624036621138822	-0.6223648614355214	0.4621347294663421	0.7079720513732045
F0665	2	redirection	0.5911726315772958	0.7949592047692937	1.0	0.17239168359758672	0.6998722113107719	0.9319747924627152	1.0	0.5	replication	0.01459753795958761	-0.01459753795958761	-0.7688587081484228	0.2037865731919979	0.7949592047692937
F0666	3	redirection	0.5356355402114157	0.7822257748796675	1.0	0.15656062582519406	0.5985672449090262	0.9297989998723785	0.8585478724684898	0.5027322404371585	none	0.01165546169838034	-0.01165546169838034	-0.7929588068418434	0.24659023466825183	0.7822257748796675
F0667	3	redirection	0.3845724608607301	0.7066760903954353	1.0	0.14806871429554314	0.6901010334193294	0.934899425351799	0.8068649422520333	0.5027322404371585	outcome	-0.10357447831446887	0.10357447831446887	-0.606754276052343	0.3221036295347052	0.7066760903954353
F0668	3	redirection	0.25953296196793285	0.523849839616366	1.0	0.16913171025331164	0.6459710674639265	0.9358632950206649	0.5535989839634203	0.5683060109289617	reversal	-0.15295191408702152	0.15295191408702152	-0.411591229725251	0.26431687764843315	0.523849839616366
F0669	3	redirection	0.516988569934359	0.686679451005273	1.0	0.16935016821666443	0.6156834698564857	0.9388981065842831	0.8801717849071138	0.5136612021857924	rescue	-0.020321882143214523	0.020321882143214523	-0.5980037424909536	0.16969088107091385	0.686679451005273
F0670	3	redirection	0.17905769496234825	0.34805911817465246	1.0	0.15589010759748004	0.629510769865532	0.9380086498825526	0.439337491738939	0.5081967213114754	replication	-0.060117557568494275	0.060117557568494275	-0.32024737708014606	0.1690014232123042	0.34805911817465246
F0671	5	redirection	0.6449933983818812	0.8334124618087474	1.0	0.15847662024355783	0.6666795058291923	0.9345360126563637	0.5879968129372766	0.5245901639344263	none	0.04487237884320553	-0.04487237884320553	-0.7898814365483674	0.18841906342686626	0.8334124618087474
F0672	5	redirection	0.5884776555643825	0.7603040678779175	1.0	0.15435218655594457	0.6436901670114827	0.9352203909632262	0.7374697502431227	0.5377049180327869	outcome	0.0802286279647879	-0.0802286279647879	-0.7371505761387894	0.17182641231353504	0.7603040678779175
F0673	5	redirection	0.20218699008672114	0.4479077192161499	0.8	0.1521058563672452	0.6325456244944951	0.9327711242193971	0.29062819793630634	0.5704918032786885	reversal	-0.1289704756172772	0.1289704756172772	-0.3893436357002582	0.24572072912942877	0.4479077192161499
F0674	5	redirection	0.5760828867336847	0.7893816830610785	1.0	0.15700224453325884	0.6661356113621985	0.9353390740660256	0.8890826728443825	0.521311475409836	rescue	0.011527979883262637	-0.011527979883262637	-0.752585453277048	0.21329879632739385	0.7893816830610785
F0675	5	redirection	0.4296052628318028	0.8097561474256587	1.0	0.14779313240382957	0.6616061718504387	0.945398373244091	1.0	0.5278688524590164	replication	-0.06225530491730447	0.06225530491730447	-0.7889434386851704	0.38015088459385593	0.8097561474256587
