packet_id	variant	predicted_biological_mode	predicted_top_mode	predicted_artifact_class	predicted_identifiability	predicted_event_support_code	predicted_e0_reason_code	ambiguity_returned	collapsed_ladder_overstatement	predicted_v_tag
F0001	full_ted	activation	activation	none	identifiable	E0	E0_not_estimable	False	False	none
F0002	full_ted	activation	activation	none	identifiable	E0	E0_not_estimable	False	False	outcome
F0003	full_ted	activation	activation	none	identifiable	E0	E0_not_estimable	False	False	reversal
F0004	full_ted	activation	activation	none	identifiable	E0	E0_not_estimable	False	False	rescue
F0005	full_ted	activation	activation	none	identifiable	E0	E0_not_estimable	False	False	replication
F0006	full_ted	activation	activation	none	identifiable	E1		False	False	none
F0007	full_ted	activation	activation	none	identifiable	E1		False	False	outcome
F0008	full_ted	activation	activation	none	identifiable	E1		False	False	reversal
F0009	full_ted	activation	activation	none	identifiable	E1		False	False	rescue
F0010	full_ted	activation	activation	none	identifiable	E1		False	False	replication
F0011	full_ted	activation	activation	none	identifiable	E2		False	False	none
F0012	full_ted	activation	activation	none	identifiable	E2		False	False	outcome
F0013	full_ted	activation	activation	none	identifiable	E2		False	False	reversal
F0014	full_ted	activation	activation	none	identifiable	E2		False	False	rescue
F0015	full_ted	activation	activation	none	identifiable	E2		False	False	replication
F0016	full_ted	ambiguous	activation	none	ambiguous	E0	E0_not_estimable	True	False	none
F0017	full_ted	ambiguous	activation	none	ambiguous	E0	E0_not_estimable	True	False	outcome
F0018	full_ted	ambiguous	activation	none	ambiguous	E0	E0_not_estimable	True	False	reversal
F0019	full_ted	ambiguous	activation	none	ambiguous	E0	E0_not_estimable	True	False	rescue
F0020	full_ted	ambiguous	activation	none	ambiguous	E0	E0_not_estimable	True	False	replication
F0021	full_ted	ambiguous	activation	none	ambiguous	E1		True	False	none
F0022	full_ted	ambiguous	activation	none	ambiguous	E1		True	False	outcome
F0023	full_ted	ambiguous	activation	none	ambiguous	E1		True	False	reversal
F0024	full_ted	ambiguous	activation	none	ambiguous	E1		True	False	rescue
F0025	full_ted	ambiguous	activation	none	ambiguous	E1		True	False	replication
F0026	full_ted	ambiguous	activation	none	ambiguous	E1		True	False	none
F0027	full_ted	ambiguous	activation	none	ambiguous	E1		True	False	outcome
F0028	full_ted	ambiguous	activation	none	ambiguous	E1		True	False	reversal
F0029	full_ted	ambiguous	activation	none	ambiguous	E1		True	False	rescue
F0030	full_ted	ambiguous	activation	none	ambiguous	E1		True	False	replication
F0031	full_ted	ambiguous	activation	none	not_identifiable	E0	E0_not_estimable	True	False	none
F0032	full_ted	ambiguous	activation	none	not_identifiable	E0	E0_not_estimable	True	False	outcome
F0033	full_ted	ambiguous	activation	none	not_identifiable	E0	E0_not_estimable	True	False	reversal
F0034	full_ted	ambiguous	activation	none	not_identifiable	E0	E0_not_estimable	True	False	rescue
F0035	full_ted	ambiguous	activation	none	not_identifiable	E0	E0_not_estimable	True	False	replication
F0036	full_ted	ambiguous	activation	none	not_identifiable	E0	E0_not_identifiable	True	False	none
F0037	full_ted	ambiguous	activation	none	not_identifiable	E0	E0_not_identifiable	True	False	outcome
F0038	full_ted	ambiguous	activation	none	not_identifiable	E0	E0_not_identifiable	True	False	reversal
F0039	full_ted	ambiguous	activation	none	not_identifiable	E0	E0_not_identifiable	True	False	rescue
F0040	full_ted	ambiguous	activation	none	not_identifiable	E0	E0_not_identifiable	True	False	replication
F0041	full_ted	ambiguous	activation	none	not_identifiable	E0	E0_not_identifiable	True	False	none
F0042	full_ted	ambiguous	activation	none	not_identifiable	E0	E0_not_identifiable	True	False	outcome
F0043	full_ted	ambiguous	activation	none	not_identifiable	E0	E0_not_identifiable	True	False	reversal
F0044	full_ted	ambiguous	activation	none	not_identifiable	E0	E0_not_identifiable	True	False	rescue
F0045	full_ted	ambiguous	activation	none	not_identifiable	E0	E0_not_identifiable	True	False	replication
F0046	full_ted	ambiguous	activation	composition	identifiable	E0	E0_not_estimable	True	False	none
F0047	full_ted	ambiguous	activation	composition	identifiable	E0	E0_not_estimable	True	False	outcome
F0048	full_ted	ambiguous	activation	composition	identifiable	E0	E0_not_estimable	True	False	reversal
F0049	full_ted	ambiguous	activation	composition	identifiable	E0	E0_not_estimable	True	False	rescue
F0050	full_ted	ambiguous	activation	composition	identifiable	E0	E0_not_estimable	True	False	replication
F0051	full_ted	ambiguous	activation	composition	identifiable	E0	E0_artifact_dominated	True	False	none
F0052	full_ted	ambiguous	activation	composition	identifiable	E0	E0_artifact_dominated	True	False	outcome
F0053	full_ted	ambiguous	activation	composition	identifiable	E0	E0_artifact_dominated	True	False	reversal
F0054	full_ted	ambiguous	activation	composition	identifiable	E0	E0_artifact_dominated	True	False	rescue
F0055	full_ted	ambiguous	activation	composition	identifiable	E0	E0_artifact_dominated	True	False	replication
F0056	full_ted	ambiguous	activation	composition	identifiable	E0	E0_artifact_dominated	True	False	none
F0057	full_ted	ambiguous	activation	composition	identifiable	E0	E0_artifact_dominated	True	False	outcome
F0058	full_ted	ambiguous	activation	composition	identifiable	E0	E0_artifact_dominated	True	False	reversal
F0059	full_ted	ambiguous	activation	composition	identifiable	E0	E0_artifact_dominated	True	False	rescue
F0060	full_ted	ambiguous	activation	composition	identifiable	E0	E0_artifact_dominated	True	False	replication
F0061	full_ted	ambiguous	activation	composition	ambiguous	E0	E0_not_estimable	True	False	none
F0062	full_ted	ambiguous	activation	composition	ambiguous	E0	E0_not_estimable	True	False	outcome
F0063	full_ted	ambiguous	activation	composition	ambiguous	E0	E0_not_estimable	True	False	reversal
F0064	full_ted	ambiguous	activation	composition	ambiguous	E0	E0_not_estimable	True	False	rescue
F0065	full_ted	ambiguous	activation	composition	ambiguous	E0	E0_not_estimable	True	False	replication
F0066	full_ted	ambiguous	activation	composition	ambiguous	E0	E0_artifact_dominated	True	False	none
F0067	full_ted	ambiguous	activation	composition	ambiguous	E0	E0_artifact_dominated	True	False	outcome
F0068	full_ted	ambiguous	activation	composition	ambiguous	E0	E0_artifact_dominated	True	False	reversal
F0069	full_ted	ambiguous	activation	composition	ambiguous	E0	E0_artifact_dominated	True	False	rescue
F0070	full_ted	ambiguous	activation	composition	ambiguous	E0	E0_artifact_dominated	True	False	replication
F0071	full_ted	ambiguous	activation	composition	ambiguous	E0	E0_artifact_dominated	True	False	none
F0072	full_ted	ambiguous	activation	composition	ambiguous	E0	E0_artifact_dominated	True	False	outcome
F0073	full_ted	ambiguous	activation	composition	ambiguous	E0	E0_artifact_dominated	True	False	reversal
F0074	full_ted	ambiguous	activation	composition	ambiguous	E0	E0_artifact_dominated	True	False	rescue
F0075	full_ted	ambiguous	activation	composition	ambiguous	E0	E0_artifact_dominated	True	False	replication
F0076	full_ted	ambiguous	activation	composition	not_identifiable	E0	E0_not_estimable	True	False	none
F0077	full_ted	ambiguous	activation	composition	not_identifiable	E0	E0_not_estimable	True	False	outcome
F0078	full_ted	ambiguous	activation	composition	not_identifiable	E0	E0_not_estimable	True	False	reversal
F0079	full_ted	ambiguous	activation	composition	not_identifiable	E0	E0_not_estimable	True	False	rescue
F0080	full_ted	ambiguous	activation	composition	not_identifiable	E0	E0_not_estimable	True	False	replication
F0081	full_ted	ambiguous	activation	composition	not_identifiable	E0	E0_not_identifiable	True	False	none
F0082	full_ted	ambiguous	activation	composition	not_identifiable	E0	E0_not_identifiable	True	False	outcome
F0083	full_ted	ambiguous	activation	composition	not_identifiable	E0	E0_not_identifiable	True	False	reversal
F0084	full_ted	ambiguous	activation	composition	not_identifiable	E0	E0_not_identifiable	True	False	rescue
F0085	full_ted	ambiguous	activation	composition	not_identifiable	E0	E0_not_identifiable	True	False	replication
F0086	full_ted	ambiguous	activation	composition	not_identifiable	E0	E0_not_identifiable	True	False	none
F0087	full_ted	ambiguous	activation	composition	not_identifiable	E0	E0_not_identifiable	True	False	outcome
F0088	full_ted	ambiguous	activation	composition	not_identifiable	E0	E0_not_identifiable	True	False	reversal
F0089	full_ted	ambiguous	activation	composition	not_identifiable	E0	E0_not_identifiable	True	False	rescue
F0090	full_ted	ambiguous	activation	composition	not_identifiable	E0	E0_not_identifiable	True	False	replication
F0091	full_ted	ambiguous	activation	stress	identifiable	E0	E0_not_estimable	True	False	none
F0092	full_ted	ambiguous	activation	stress	identifiable	E0	E0_not_estimable	True	False	outcome
F0093	full_ted	ambiguous	activation	stress	identifiable	E0	E0_not_estimable	True	False	reversal
F0094	full_ted	ambiguous	activation	stress	identifiable	E0	E0_not_estimable	True	False	rescue
F0095	full_ted	ambiguous	activation	stress	identifiable	E0	E0_not_estimable	True	False	replication
F0096	full_ted	ambiguous	activation	stress	identifiable	E0	E0_artifact_dominated	True	False	none
F0097	full_ted	ambiguous	activation	stress	identifiable	E0	E0_artifact_dominated	True	False	outcome
F0098	full_ted	ambiguous	activation	stress	identifiable	E0	E0_artifact_dominated	True	False	reversal
F0099	full_ted	ambiguous	activation	stress	identifiable	E0	E0_artifact_dominated	True	False	rescue
F0100	full_ted	ambiguous	activation	stress	identifiable	E0	E0_artifact_dominated	True	False	replication
F0101	full_ted	ambiguous	activation	stress	identifiable	E0	E0_artifact_dominated	True	False	none
F0102	full_ted	ambiguous	activation	stress	identifiable	E0	E0_artifact_dominated	True	False	outcome
F0103	full_ted	ambiguous	activation	stress	identifiable	E0	E0_artifact_dominated	True	False	reversal
F0104	full_ted	ambiguous	activation	stress	identifiable	E0	E0_artifact_dominated	True	False	rescue
F0105	full_ted	ambiguous	activation	stress	identifiable	E0	E0_artifact_dominated	True	False	replication
F0106	full_ted	ambiguous	activation	stress	ambiguous	E0	E0_not_estimable	True	False	none
F0107	full_ted	ambiguous	activation	stress	ambiguous	E0	E0_not_estimable	True	False	outcome
F0108	full_ted	ambiguous	activation	stress	ambiguous	E0	E0_not_estimable	True	False	reversal
F0109	full_ted	ambiguous	activation	stress	ambiguous	E0	E0_not_estimable	True	False	rescue
F0110	full_ted	ambiguous	activation	stress	ambiguous	E0	E0_not_estimable	True	False	replication
F0111	full_ted	ambiguous	activation	stress	ambiguous	E0	E0_artifact_dominated	True	False	none
F0112	full_ted	ambiguous	activation	stress	ambiguous	E0	E0_artifact_dominated	True	False	outcome
F0113	full_ted	ambiguous	activation	stress	ambiguous	E0	E0_artifact_dominated	True	False	reversal
F0114	full_ted	ambiguous	activation	stress	ambiguous	E0	E0_artifact_dominated	True	False	rescue
F0115	full_ted	ambiguous	activation	stress	ambiguous	E0	E0_artifact_dominated	True	False	replication
F0116	full_ted	ambiguous	activation	stress	ambiguous	E0	E0_artifact_dominated	True	False	none
F0117	full_ted	ambiguous	activation	stress	ambiguous	E0	E0_artifact_dominated	True	False	outcome
F0118	full_ted	ambiguous	activation	stress	ambiguous	E0	E0_artifact_dominated	True	False	reversal
F0119	full_ted	ambiguous	activation	stress	ambiguous	E0	E0_artifact_dominated	True	False	rescue
F0120	full_ted	ambiguous	activation	stress	ambiguous	E0	E0_artifact_dominated	True	False	replication
F0121	full_ted	ambiguous	activation	none	not_identifiable	E0	E0_not_estimable	True	False	none
F0122	full_ted	ambiguous	activation	stress	not_identifiable	E0	E0_not_estimable	True	False	outcome
F0123	full_ted	ambiguous	activation	none	not_identifiable	E0	E0_not_estimable	True	False	reversal
F0124	full_ted	ambiguous	activation	none	not_identifiable	E0	E0_not_estimable	True	False	rescue
F0125	full_ted	ambiguous	activation	none	not_identifiable	E0	E0_not_estimable	True	False	replication
F0126	full_ted	ambiguous	activation	stress	not_identifiable	E0	E0_not_identifiable	True	False	none
F0127	full_ted	ambiguous	activation	none	not_identifiable	E0	E0_not_identifiable	True	False	outcome
F0128	full_ted	ambiguous	activation	stress	not_identifiable	E0	E0_not_identifiable	True	False	reversal
F0129	full_ted	ambiguous	activation	none	not_identifiable	E0	E0_not_identifiable	True	False	rescue
F0130	full_ted	ambiguous	activation	stress	not_identifiable	E0	E0_not_identifiable	True	False	replication
F0131	full_ted	ambiguous	activation	stress	not_identifiable	E0	E0_not_identifiable	True	False	none
F0132	full_ted	ambiguous	activation	stress	not_identifiable	E0	E0_not_identifiable	True	False	outcome
F0133	full_ted	ambiguous	activation	none	not_identifiable	E0	E0_not_identifiable	True	False	reversal
F0134	full_ted	ambiguous	activation	stress	not_identifiable	E0	E0_not_identifiable	True	False	rescue
F0135	full_ted	ambiguous	activation	stress	not_identifiable	E0	E0_not_identifiable	True	False	replication
F0136	full_ted	ambiguous	suppression	none	ambiguous	E0	E0_not_estimable	True	False	none
F0137	full_ted	ambiguous	suppression	none	ambiguous	E0	E0_not_estimable	True	False	outcome
F0138	full_ted	ambiguous	suppression	none	ambiguous	E0	E0_not_estimable	True	False	reversal
F0139	full_ted	ambiguous	suppression	none	ambiguous	E0	E0_not_estimable	True	False	rescue
F0140	full_ted	ambiguous	suppression	none	ambiguous	E0	E0_not_estimable	True	False	replication
F0141	full_ted	ambiguous	suppression	none	ambiguous	E1		True	False	none
F0142	full_ted	ambiguous	suppression	none	ambiguous	E1		True	False	outcome
F0143	full_ted	ambiguous	suppression	none	ambiguous	E1		True	False	reversal
F0144	full_ted	ambiguous	suppression	none	ambiguous	E1		True	False	rescue
F0145	full_ted	ambiguous	suppression	none	ambiguous	E1		True	False	replication
F0146	full_ted	ambiguous	suppression	none	ambiguous	E1		True	False	none
F0147	full_ted	ambiguous	suppression	none	ambiguous	E1		True	False	outcome
F0148	full_ted	ambiguous	suppression	none	ambiguous	E1		True	False	reversal
F0149	full_ted	ambiguous	suppression	none	ambiguous	E1		True	False	rescue
F0150	full_ted	suppression	suppression	none	identifiable	E2		False	False	replication
F0151	full_ted	ambiguous	suppression	none	ambiguous	E0	E0_not_estimable	True	False	none
F0152	full_ted	ambiguous	suppression	none	ambiguous	E0	E0_not_estimable	True	False	outcome
F0153	full_ted	ambiguous	suppression	none	ambiguous	E0	E0_not_estimable	True	False	reversal
F0154	full_ted	ambiguous	suppression	none	ambiguous	E0	E0_not_estimable	True	False	rescue
F0155	full_ted	ambiguous	suppression	none	ambiguous	E0	E0_not_estimable	True	False	replication
F0156	full_ted	ambiguous	suppression	none	ambiguous	E1		True	False	none
F0157	full_ted	ambiguous	suppression	none	ambiguous	E1		True	False	outcome
F0158	full_ted	ambiguous	suppression	none	ambiguous	E1		True	False	reversal
F0159	full_ted	ambiguous	suppression	none	ambiguous	E1		True	False	rescue
F0160	full_ted	ambiguous	suppression	none	ambiguous	E1		True	False	replication
F0161	full_ted	ambiguous	suppression	none	ambiguous	E1		True	False	none
F0162	full_ted	ambiguous	suppression	none	ambiguous	E1		True	False	outcome
F0163	full_ted	ambiguous	suppression	none	ambiguous	E1		True	False	reversal
F0164	full_ted	ambiguous	suppression	none	ambiguous	E1		True	False	rescue
F0165	full_ted	ambiguous	suppression	none	ambiguous	E1		True	False	replication
F0166	full_ted	ambiguous	suppression	none	not_identifiable	E0	E0_not_estimable	True	False	none
F0167	full_ted	ambiguous	suppression	none	not_identifiable	E0	E0_not_estimable	True	False	outcome
F0168	full_ted	ambiguous	suppression	none	not_identifiable	E0	E0_not_estimable	True	False	reversal
F0169	full_ted	ambiguous	suppression	none	not_identifiable	E0	E0_not_estimable	True	False	rescue
F0170	full_ted	ambiguous	suppression	none	not_identifiable	E0	E0_not_estimable	True	False	replication
F0171	full_ted	ambiguous	suppression	none	not_identifiable	E0	E0_not_identifiable	True	False	none
F0172	full_ted	ambiguous	suppression	none	not_identifiable	E0	E0_not_identifiable	True	False	outcome
F0173	full_ted	ambiguous	suppression	none	not_identifiable	E0	E0_not_identifiable	True	False	reversal
F0174	full_ted	ambiguous	suppression	none	not_identifiable	E0	E0_not_identifiable	True	False	rescue
F0175	full_ted	ambiguous	suppression	none	not_identifiable	E0	E0_not_identifiable	True	False	replication
F0176	full_ted	ambiguous	suppression	none	not_identifiable	E0	E0_not_identifiable	True	False	none
F0177	full_ted	ambiguous	suppression	none	not_identifiable	E0	E0_not_identifiable	True	False	outcome
F0178	full_ted	ambiguous	suppression	none	not_identifiable	E0	E0_not_identifiable	True	False	reversal
F0179	full_ted	ambiguous	suppression	none	not_identifiable	E0	E0_not_identifiable	True	False	rescue
F0180	full_ted	ambiguous	suppression	none	not_identifiable	E0	E0_not_identifiable	True	False	replication
F0181	full_ted	ambiguous	suppression	composition	ambiguous	E0	E0_not_estimable	True	False	none
F0182	full_ted	ambiguous	suppression	composition	ambiguous	E0	E0_not_estimable	True	False	outcome
F0183	full_ted	ambiguous	suppression	composition	ambiguous	E0	E0_not_estimable	True	False	reversal
F0184	full_ted	ambiguous	suppression	composition	ambiguous	E0	E0_not_estimable	True	False	rescue
F0185	full_ted	ambiguous	suppression	composition	ambiguous	E0	E0_not_estimable	True	False	replication
F0186	full_ted	ambiguous	suppression	composition	ambiguous	E0	E0_artifact_dominated	True	False	none
F0187	full_ted	ambiguous	persistent_loss	composition	ambiguous	E0	E0_artifact_dominated	True	False	outcome
F0188	full_ted	ambiguous	suppression	composition	ambiguous	E0	E0_artifact_dominated	True	False	reversal
F0189	full_ted	ambiguous	suppression	composition	ambiguous	E0	E0_artifact_dominated	True	False	rescue
F0190	full_ted	ambiguous	suppression	composition	ambiguous	E0	E0_artifact_dominated	True	False	replication
F0191	full_ted	ambiguous	suppression	composition	ambiguous	E0	E0_artifact_dominated	True	False	none
F0192	full_ted	ambiguous	suppression	composition	ambiguous	E0	E0_artifact_dominated	True	False	outcome
F0193	full_ted	ambiguous	suppression	composition	ambiguous	E0	E0_artifact_dominated	True	False	reversal
F0194	full_ted	ambiguous	persistent_loss	composition	ambiguous	E0	E0_artifact_dominated	True	False	rescue
F0195	full_ted	ambiguous	suppression	composition	ambiguous	E0	E0_artifact_dominated	True	False	replication
F0196	full_ted	ambiguous	persistent_loss	composition	ambiguous	E0	E0_not_estimable	True	False	none
F0197	full_ted	ambiguous	persistent_loss	composition	ambiguous	E0	E0_not_estimable	True	False	outcome
F0198	full_ted	ambiguous	persistent_loss	composition	ambiguous	E0	E0_not_estimable	True	False	reversal
F0199	full_ted	ambiguous	persistent_loss	composition	ambiguous	E0	E0_not_estimable	True	False	rescue
F0200	full_ted	ambiguous	suppression	composition	ambiguous	E0	E0_not_estimable	True	False	replication
F0201	full_ted	ambiguous	persistent_loss	composition	ambiguous	E0	E0_artifact_dominated	True	False	none
F0202	full_ted	ambiguous	suppression	composition	ambiguous	E0	E0_artifact_dominated	True	False	outcome
F0203	full_ted	ambiguous	suppression	composition	ambiguous	E0	E0_artifact_dominated	True	False	reversal
F0204	full_ted	ambiguous	persistent_loss	composition	ambiguous	E0	E0_artifact_dominated	True	False	rescue
F0205	full_ted	ambiguous	suppression	composition	ambiguous	E0	E0_artifact_dominated	True	False	replication
F0206	full_ted	ambiguous	suppression	composition	ambiguous	E0	E0_artifact_dominated	True	False	none
F0207	full_ted	ambiguous	suppression	composition	ambiguous	E0	E0_artifact_dominated	True	False	outcome
F0208	full_ted	ambiguous	suppression	composition	ambiguous	E0	E0_artifact_dominated	True	False	reversal
F0209	full_ted	ambiguous	suppression	composition	ambiguous	E0	E0_artifact_dominated	True	False	rescue
F0210	full_ted	ambiguous	suppression	composition	ambiguous	E0	E0_artifact_dominated	True	False	replication
F0211	full_ted	ambiguous	redirection	composition	not_identifiable	E0	E0_not_estimable	True	False	none
F0212	full_ted	ambiguous	persistent_loss	composition	not_identifiable	E0	E0_not_estimable	True	False	outcome
F0213	full_ted	ambiguous	redirection	composition	not_identifiable	E0	E0_not_estimable	True	False	reversal
F0214	full_ted	ambiguous	suppression	composition	not_identifiable	E0	E0_not_estimable	True	False	rescue
F0215	full_ted	ambiguous	suppression	composition	not_identifiable	E0	E0_not_estimable	True	False	replication
F0216	full_ted	ambiguous	persistent_loss	composition	not_identifiable	E0	E0_not_identifiable	True	False	none
F0217	full_ted	ambiguous	persistent_loss	composition	not_identifiable	E0	E0_not_identifiable	True	False	outcome
F0218	full_ted	ambiguous	suppression	composition	not_identifiable	E0	E0_not_identifiable	True	False	reversal
F0219	full_ted	ambiguous	delay	composition	not_identifiable	E0	E0_not_identifiable	True	False	rescue
F0220	full_ted	ambiguous	suppression	composition	not_identifiable	E0	E0_not_identifiable	True	False	replication
F0221	full_ted	ambiguous	persistent_loss	composition	not_identifiable	E0	E0_not_identifiable	True	False	none
F0222	full_ted	ambiguous	suppression	composition	not_identifiable	E0	E0_not_identifiable	True	False	outcome
F0223	full_ted	ambiguous	persistent_loss	composition	not_identifiable	E0	E0_not_identifiable	True	False	reversal
F0224	full_ted	ambiguous	suppression	composition	not_identifiable	E0	E0_not_identifiable	True	False	rescue
F0225	full_ted	ambiguous	suppression	composition	not_identifiable	E0	E0_not_identifiable	True	False	replication
F0226	full_ted	ambiguous	persistent_loss	stress	ambiguous	E0	E0_not_estimable	True	False	none
F0227	full_ted	ambiguous	persistent_loss	stress	identifiable	E0	E0_not_estimable	True	False	outcome
F0228	full_ted	ambiguous	persistent_loss	stress	identifiable	E0	E0_not_estimable	True	False	reversal
F0229	full_ted	ambiguous	persistent_loss	stress	identifiable	E0	E0_not_estimable	True	False	rescue
F0230	full_ted	ambiguous	persistent_loss	stress	identifiable	E0	E0_not_estimable	True	False	replication
F0231	full_ted	ambiguous	persistent_loss	stress	identifiable	E0	E0_artifact_dominated	True	False	none
F0232	full_ted	ambiguous	persistent_loss	stress	ambiguous	E0	E0_artifact_dominated	True	False	outcome
F0233	full_ted	ambiguous	persistent_loss	stress	identifiable	E0	E0_artifact_dominated	True	False	reversal
F0234	full_ted	ambiguous	persistent_loss	stress	identifiable	E0	E0_artifact_dominated	True	False	rescue
F0235	full_ted	ambiguous	persistent_loss	stress	identifiable	E0	E0_artifact_dominated	True	False	replication
F0236	full_ted	ambiguous	persistent_loss	stress	identifiable	E0	E0_artifact_dominated	True	False	none
F0237	full_ted	ambiguous	persistent_loss	stress	identifiable	E0	E0_artifact_dominated	True	False	outcome
F0238	full_ted	ambiguous	persistent_loss	stress	identifiable	E0	E0_artifact_dominated	True	False	reversal
F0239	full_ted	ambiguous	persistent_loss	stress	identifiable	E0	E0_artifact_dominated	True	False	rescue
F0240	full_ted	ambiguous	persistent_loss	stress	identifiable	E0	E0_artifact_dominated	True	False	replication
F0241	full_ted	ambiguous	persistent_loss	stress	ambiguous	E0	E0_not_estimable	True	False	none
F0242	full_ted	ambiguous	persistent_loss	stress	ambiguous	E0	E0_not_estimable	True	False	outcome
F0243	full_ted	ambiguous	persistent_loss	stress	ambiguous	E0	E0_not_estimable	True	False	reversal
F0244	full_ted	ambiguous	persistent_loss	stress	ambiguous	E0	E0_not_estimable	True	False	rescue
F0245	full_ted	ambiguous	persistent_loss	stress	ambiguous	E0	E0_not_estimable	True	False	replication
F0246	full_ted	ambiguous	persistent_loss	stress	ambiguous	E0	E0_artifact_dominated	True	False	none
F0247	full_ted	ambiguous	persistent_loss	stress	ambiguous	E0	E0_artifact_dominated	True	False	outcome
F0248	full_ted	ambiguous	persistent_loss	stress	ambiguous	E0	E0_artifact_dominated	True	False	reversal
F0249	full_ted	ambiguous	persistent_loss	stress	ambiguous	E0	E0_artifact_dominated	True	False	rescue
F0250	full_ted	ambiguous	persistent_loss	stress	ambiguous	E0	E0_artifact_dominated	True	False	replication
F0251	full_ted	ambiguous	persistent_loss	stress	ambiguous	E0	E0_artifact_dominated	True	False	none
F0252	full_ted	ambiguous	persistent_loss	stress	ambiguous	E0	E0_artifact_dominated	True	False	outcome
F0253	full_ted	ambiguous	persistent_loss	stress	ambiguous	E0	E0_artifact_dominated	True	False	reversal
F0254	full_ted	ambiguous	persistent_loss	stress	ambiguous	E0	E0_artifact_dominated	True	False	rescue
F0255	full_ted	ambiguous	persistent_loss	stress	ambiguous	E0	E0_artifact_dominated	True	False	replication
F0256	full_ted	ambiguous	suppression	none	not_identifiable	E0	E0_not_estimable	True	False	none
F0257	full_ted	ambiguous	persistent_loss	stress	not_identifiable	E0	E0_not_estimable	True	False	outcome
F0258	full_ted	ambiguous	persistent_loss	none	not_identifiable	E0	E0_not_estimable	True	False	reversal
F0259	full_ted	ambiguous	redirection	stress	not_identifiable	E0	E0_not_estimable	True	False	rescue
F0260	full_ted	ambiguous	persistent_loss	none	not_identifiable	E0	E0_not_estimable	True	False	replication
F0261	full_ted	ambiguous	suppression	stress	not_identifiable	E0	E0_not_identifiable	True	False	none
F0262	full_ted	ambiguous	persistent_loss	stress	not_identifiable	E0	E0_not_identifiable	True	False	outcome
F0263	full_ted	ambiguous	persistent_loss	none	not_identifiable	E0	E0_not_identifiable	True	False	reversal
F0264	full_ted	ambiguous	persistent_loss	none	not_identifiable	E0	E0_not_identifiable	True	False	rescue
F0265	full_ted	ambiguous	persistent_loss	none	not_identifiable	E0	E0_not_identifiable	True	False	replication
F0266	full_ted	ambiguous	redirection	stress	not_identifiable	E0	E0_not_identifiable	True	False	none
F0267	full_ted	ambiguous	persistent_loss	stress	not_identifiable	E0	E0_not_identifiable	True	False	outcome
F0268	full_ted	ambiguous	persistent_loss	stress	not_identifiable	E0	E0_not_identifiable	True	False	reversal
F0269	full_ted	ambiguous	persistent_loss	stress	not_identifiable	E0	E0_not_identifiable	True	False	rescue
F0270	full_ted	ambiguous	persistent_loss	stress	not_identifiable	E0	E0_not_identifiable	True	False	replication
F0271	full_ted	delay	delay	none	identifiable	E0	E0_not_estimable	False	False	none
F0272	full_ted	delay	delay	none	identifiable	E0	E0_not_estimable	False	False	outcome
F0273	full_ted	delay	delay	none	identifiable	E0	E0_not_estimable	False	False	reversal
F0274	full_ted	delay	delay	none	identifiable	E0	E0_not_estimable	False	False	rescue
F0275	full_ted	delay	delay	none	identifiable	E0	E0_not_estimable	False	False	replication
F0276	full_ted	delay	delay	none	identifiable	E1		False	False	none
F0277	full_ted	delay	delay	none	identifiable	E1		False	False	outcome
F0278	full_ted	delay	delay	none	identifiable	E1		False	False	reversal
F0279	full_ted	delay	delay	none	identifiable	E1		False	False	rescue
F0280	full_ted	delay	delay	none	identifiable	E1		False	False	replication
F0281	full_ted	delay	delay	none	identifiable	E2		False	False	none
F0282	full_ted	delay	delay	none	identifiable	E2		False	False	outcome
F0283	full_ted	delay	delay	none	identifiable	E2		False	False	reversal
F0284	full_ted	delay	delay	none	identifiable	E2		False	False	rescue
F0285	full_ted	delay	delay	none	identifiable	E2		False	False	replication
F0286	full_ted	ambiguous	delay	none	ambiguous	E0	E0_not_estimable	True	False	none
F0287	full_ted	ambiguous	delay	none	ambiguous	E0	E0_not_estimable	True	False	outcome
F0288	full_ted	ambiguous	delay	none	ambiguous	E0	E0_not_estimable	True	False	reversal
F0289	full_ted	delay	delay	none	identifiable	E0	E0_not_estimable	False	False	rescue
F0290	full_ted	ambiguous	delay	none	ambiguous	E0	E0_not_estimable	True	False	replication
F0291	full_ted	ambiguous	delay	none	ambiguous	E1		True	False	none
F0292	full_ted	ambiguous	delay	none	ambiguous	E1		True	False	outcome
F0293	full_ted	ambiguous	delay	none	ambiguous	E1		True	False	reversal
F0294	full_ted	ambiguous	delay	none	ambiguous	E1		True	False	rescue
F0295	full_ted	ambiguous	delay	none	ambiguous	E1		True	False	replication
F0296	full_ted	ambiguous	delay	none	ambiguous	E1		True	False	none
F0297	full_ted	ambiguous	delay	none	ambiguous	E1		True	False	outcome
F0298	full_ted	ambiguous	delay	none	ambiguous	E1		True	False	reversal
F0299	full_ted	ambiguous	delay	none	ambiguous	E1		True	False	rescue
F0300	full_ted	ambiguous	delay	none	ambiguous	E1		True	False	replication
F0301	full_ted	ambiguous	delay	none	not_identifiable	E0	E0_not_estimable	True	False	none
F0302	full_ted	ambiguous	delay	none	not_identifiable	E0	E0_not_estimable	True	False	outcome
F0303	full_ted	ambiguous	delay	none	not_identifiable	E0	E0_not_estimable	True	False	reversal
F0304	full_ted	ambiguous	delay	none	not_identifiable	E0	E0_not_estimable	True	False	rescue
F0305	full_ted	ambiguous	delay	none	not_identifiable	E0	E0_not_estimable	True	False	replication
F0306	full_ted	ambiguous	delay	none	not_identifiable	E0	E0_not_identifiable	True	False	none
F0307	full_ted	ambiguous	delay	none	not_identifiable	E0	E0_not_identifiable	True	False	outcome
F0308	full_ted	ambiguous	delay	none	not_identifiable	E0	E0_not_identifiable	True	False	reversal
F0309	full_ted	ambiguous	delay	none	not_identifiable	E0	E0_not_identifiable	True	False	rescue
F0310	full_ted	ambiguous	delay	none	not_identifiable	E0	E0_not_identifiable	True	False	replication
F0311	full_ted	ambiguous	delay	none	not_identifiable	E0	E0_not_identifiable	True	False	none
F0312	full_ted	ambiguous	delay	none	not_identifiable	E0	E0_not_identifiable	True	False	outcome
F0313	full_ted	ambiguous	delay	none	not_identifiable	E0	E0_not_identifiable	True	False	reversal
F0314	full_ted	ambiguous	delay	none	not_identifiable	E0	E0_not_identifiable	True	False	rescue
F0315	full_ted	ambiguous	delay	none	not_identifiable	E0	E0_not_identifiable	True	False	replication
F0316	full_ted	ambiguous	delay	composition	identifiable	E0	E0_not_estimable	True	False	none
F0317	full_ted	ambiguous	delay	composition	identifiable	E0	E0_not_estimable	True	False	outcome
F0318	full_ted	ambiguous	delay	composition	identifiable	E0	E0_not_estimable	True	False	reversal
F0319	full_ted	ambiguous	delay	composition	identifiable	E0	E0_not_estimable	True	False	rescue
F0320	full_ted	ambiguous	delay	composition	identifiable	E0	E0_not_estimable	True	False	replication
F0321	full_ted	ambiguous	delay	composition	identifiable	E0	E0_artifact_dominated	True	False	none
F0322	full_ted	ambiguous	delay	composition	identifiable	E0	E0_artifact_dominated	True	False	outcome
F0323	full_ted	ambiguous	delay	composition	identifiable	E0	E0_artifact_dominated	True	False	reversal
F0324	full_ted	ambiguous	delay	composition	identifiable	E0	E0_artifact_dominated	True	False	rescue
F0325	full_ted	ambiguous	delay	composition	identifiable	E0	E0_artifact_dominated	True	False	replication
F0326	full_ted	ambiguous	delay	composition	identifiable	E0	E0_artifact_dominated	True	False	none
F0327	full_ted	ambiguous	delay	composition	identifiable	E0	E0_artifact_dominated	True	False	outcome
F0328	full_ted	ambiguous	delay	composition	identifiable	E0	E0_artifact_dominated	True	False	reversal
F0329	full_ted	ambiguous	delay	composition	identifiable	E0	E0_artifact_dominated	True	False	rescue
F0330	full_ted	ambiguous	delay	composition	identifiable	E0	E0_artifact_dominated	True	False	replication
F0331	full_ted	ambiguous	delay	composition	ambiguous	E0	E0_not_estimable	True	False	none
F0332	full_ted	ambiguous	delay	composition	ambiguous	E0	E0_not_estimable	True	False	outcome
F0333	full_ted	ambiguous	delay	composition	ambiguous	E0	E0_not_estimable	True	False	reversal
F0334	full_ted	ambiguous	delay	composition	ambiguous	E0	E0_not_estimable	True	False	rescue
F0335	full_ted	ambiguous	delay	composition	ambiguous	E0	E0_not_estimable	True	False	replication
F0336	full_ted	ambiguous	delay	composition	ambiguous	E0	E0_artifact_dominated	True	False	none
F0337	full_ted	ambiguous	delay	composition	ambiguous	E0	E0_artifact_dominated	True	False	outcome
F0338	full_ted	ambiguous	delay	composition	ambiguous	E0	E0_artifact_dominated	True	False	reversal
F0339	full_ted	ambiguous	delay	composition	ambiguous	E0	E0_artifact_dominated	True	False	rescue
F0340	full_ted	ambiguous	delay	composition	ambiguous	E0	E0_artifact_dominated	True	False	replication
F0341	full_ted	ambiguous	delay	composition	ambiguous	E0	E0_artifact_dominated	True	False	none
F0342	full_ted	ambiguous	delay	composition	ambiguous	E0	E0_artifact_dominated	True	False	outcome
F0343	full_ted	ambiguous	delay	composition	ambiguous	E0	E0_artifact_dominated	True	False	reversal
F0344	full_ted	ambiguous	delay	composition	ambiguous	E0	E0_artifact_dominated	True	False	rescue
F0345	full_ted	ambiguous	delay	composition	ambiguous	E0	E0_artifact_dominated	True	False	replication
F0346	full_ted	ambiguous	delay	composition	not_identifiable	E0	E0_not_estimable	True	False	none
F0347	full_ted	ambiguous	delay	composition	not_identifiable	E0	E0_not_estimable	True	False	outcome
F0348	full_ted	ambiguous	delay	composition	not_identifiable	E0	E0_not_estimable	True	False	reversal
F0349	full_ted	ambiguous	delay	composition	not_identifiable	E0	E0_not_estimable	True	False	rescue
F0350	full_ted	ambiguous	activation	composition	not_identifiable	E0	E0_not_estimable	True	False	replication
F0351	full_ted	ambiguous	activation	composition	not_identifiable	E0	E0_not_identifiable	True	False	none
F0352	full_ted	ambiguous	activation	composition	not_identifiable	E0	E0_not_identifiable	True	False	outcome
F0353	full_ted	ambiguous	delay	composition	not_identifiable	E0	E0_not_identifiable	True	False	reversal
F0354	full_ted	ambiguous	delay	composition	not_identifiable	E0	E0_not_identifiable	True	False	rescue
F0355	full_ted	ambiguous	delay	composition	not_identifiable	E0	E0_not_identifiable	True	False	replication
F0356	full_ted	ambiguous	delay	composition	not_identifiable	E0	E0_not_identifiable	True	False	none
F0357	full_ted	ambiguous	activation	composition	not_identifiable	E0	E0_not_identifiable	True	False	outcome
F0358	full_ted	ambiguous	delay	composition	not_identifiable	E0	E0_not_identifiable	True	False	reversal
F0359	full_ted	ambiguous	activation	composition	not_identifiable	E0	E0_not_identifiable	True	False	rescue
F0360	full_ted	ambiguous	delay	composition	not_identifiable	E0	E0_not_identifiable	True	False	replication
F0361	full_ted	ambiguous	delay	stress	identifiable	E0	E0_not_estimable	True	False	none
F0362	full_ted	ambiguous	delay	stress	identifiable	E0	E0_not_estimable	True	False	outcome
F0363	full_ted	ambiguous	delay	stress	identifiable	E0	E0_not_estimable	True	False	reversal
F0364	full_ted	ambiguous	delay	stress	identifiable	E0	E0_not_estimable	True	False	rescue
F0365	full_ted	ambiguous	delay	stress	identifiable	E0	E0_not_estimable	True	False	replication
F0366	full_ted	ambiguous	delay	stress	identifiable	E0	E0_artifact_dominated	True	False	none
F0367	full_ted	ambiguous	delay	stress	identifiable	E0	E0_artifact_dominated	True	False	outcome
F0368	full_ted	ambiguous	delay	stress	identifiable	E0	E0_artifact_dominated	True	False	reversal
F0369	full_ted	ambiguous	delay	stress	identifiable	E0	E0_artifact_dominated	True	False	rescue
F0370	full_ted	ambiguous	delay	stress	identifiable	E0	E0_artifact_dominated	True	False	replication
F0371	full_ted	ambiguous	delay	stress	identifiable	E0	E0_artifact_dominated	True	False	none
F0372	full_ted	ambiguous	delay	stress	identifiable	E0	E0_artifact_dominated	True	False	outcome
F0373	full_ted	ambiguous	delay	stress	identifiable	E0	E0_artifact_dominated	True	False	reversal
F0374	full_ted	ambiguous	delay	stress	identifiable	E0	E0_artifact_dominated	True	False	rescue
F0375	full_ted	ambiguous	delay	stress	identifiable	E0	E0_artifact_dominated	True	False	replication
F0376	full_ted	ambiguous	delay	stress	ambiguous	E0	E0_not_estimable	True	False	none
F0377	full_ted	ambiguous	delay	stress	ambiguous	E0	E0_not_estimable	True	False	outcome
F0378	full_ted	ambiguous	delay	stress	ambiguous	E0	E0_not_estimable	True	False	reversal
F0379	full_ted	ambiguous	delay	stress	ambiguous	E0	E0_not_estimable	True	False	rescue
F0380	full_ted	ambiguous	delay	stress	ambiguous	E0	E0_not_estimable	True	False	replication
F0381	full_ted	ambiguous	delay	stress	ambiguous	E0	E0_artifact_dominated	True	False	none
F0382	full_ted	ambiguous	delay	stress	ambiguous	E0	E0_artifact_dominated	True	False	outcome
F0383	full_ted	ambiguous	delay	stress	ambiguous	E0	E0_artifact_dominated	True	False	reversal
F0384	full_ted	ambiguous	delay	stress	ambiguous	E0	E0_artifact_dominated	True	False	rescue
F0385	full_ted	ambiguous	delay	stress	ambiguous	E0	E0_artifact_dominated	True	False	replication
F0386	full_ted	ambiguous	delay	stress	ambiguous	E0	E0_artifact_dominated	True	False	none
F0387	full_ted	ambiguous	delay	stress	ambiguous	E0	E0_artifact_dominated	True	False	outcome
F0388	full_ted	ambiguous	delay	stress	ambiguous	E0	E0_artifact_dominated	True	False	reversal
F0389	full_ted	ambiguous	delay	stress	ambiguous	E0	E0_artifact_dominated	True	False	rescue
F0390	full_ted	ambiguous	delay	stress	ambiguous	E0	E0_artifact_dominated	True	False	replication
F0391	full_ted	ambiguous	activation	stress	not_identifiable	E0	E0_not_estimable	True	False	none
F0392	full_ted	ambiguous	delay	none	not_identifiable	E0	E0_not_estimable	True	False	outcome
F0393	full_ted	ambiguous	redirection	stress	not_identifiable	E0	E0_not_estimable	True	False	reversal
F0394	full_ted	ambiguous	redirection	stress	not_identifiable	E0	E0_not_estimable	True	False	rescue
F0395	full_ted	ambiguous	delay	stress	not_identifiable	E0	E0_not_estimable	True	False	replication
F0396	full_ted	ambiguous	redirection	stress	not_identifiable	E0	E0_not_identifiable	True	False	none
F0397	full_ted	ambiguous	delay	stress	not_identifiable	E0	E0_not_identifiable	True	False	outcome
F0398	full_ted	ambiguous	delay	stress	not_identifiable	E0	E0_not_identifiable	True	False	reversal
F0399	full_ted	ambiguous	delay	stress	not_identifiable	E0	E0_not_identifiable	True	False	rescue
F0400	full_ted	ambiguous	delay	stress	not_identifiable	E0	E0_not_identifiable	True	False	replication
F0401	full_ted	ambiguous	delay	stress	not_identifiable	E0	E0_not_identifiable	True	False	none
F0402	full_ted	ambiguous	delay	stress	not_identifiable	E0	E0_not_identifiable	True	False	outcome
F0403	full_ted	ambiguous	persistent_loss	stress	not_identifiable	E0	E0_not_identifiable	True	False	reversal
F0404	full_ted	ambiguous	delay	stress	not_identifiable	E0	E0_not_identifiable	True	False	rescue
F0405	full_ted	ambiguous	delay	stress	not_identifiable	E0	E0_not_identifiable	True	False	replication
F0406	full_ted	ambiguous	persistent_loss	none	ambiguous	E0	E0_not_estimable	True	False	none
F0407	full_ted	persistent_loss	persistent_loss	none	identifiable	E0	E0_not_estimable	False	False	outcome
F0408	full_ted	ambiguous	persistent_loss	none	ambiguous	E0	E0_not_estimable	True	False	reversal
F0409	full_ted	ambiguous	persistent_loss	none	ambiguous	E0	E0_not_estimable	True	False	rescue
F0410	full_ted	ambiguous	persistent_loss	none	ambiguous	E0	E0_not_estimable	True	False	replication
F0411	full_ted	ambiguous	persistent_loss	none	ambiguous	E1		True	False	none
F0412	full_ted	ambiguous	persistent_loss	none	ambiguous	E1		True	False	outcome
F0413	full_ted	ambiguous	persistent_loss	none	ambiguous	E1		True	False	reversal
F0414	full_ted	ambiguous	persistent_loss	none	ambiguous	E1		True	False	rescue
F0415	full_ted	ambiguous	persistent_loss	none	ambiguous	E1		True	False	replication
F0416	full_ted	ambiguous	persistent_loss	none	ambiguous	E1		True	False	none
F0417	full_ted	ambiguous	persistent_loss	none	ambiguous	E1		True	False	outcome
F0418	full_ted	ambiguous	persistent_loss	none	ambiguous	E1		True	False	reversal
F0419	full_ted	persistent_loss	persistent_loss	none	identifiable	E2		False	False	rescue
F0420	full_ted	ambiguous	persistent_loss	none	ambiguous	E1		True	False	replication
F0421	full_ted	ambiguous	persistent_loss	none	ambiguous	E0	E0_not_estimable	True	False	none
F0422	full_ted	ambiguous	persistent_loss	none	ambiguous	E0	E0_not_estimable	True	False	outcome
F0423	full_ted	ambiguous	persistent_loss	none	ambiguous	E0	E0_not_estimable	True	False	reversal
F0424	full_ted	ambiguous	persistent_loss	none	ambiguous	E0	E0_not_estimable	True	False	rescue
F0425	full_ted	ambiguous	persistent_loss	none	ambiguous	E0	E0_not_estimable	True	False	replication
F0426	full_ted	ambiguous	persistent_loss	none	ambiguous	E1		True	False	none
F0427	full_ted	ambiguous	persistent_loss	none	ambiguous	E1		True	False	outcome
F0428	full_ted	ambiguous	persistent_loss	none	ambiguous	E1		True	False	reversal
F0429	full_ted	ambiguous	persistent_loss	none	ambiguous	E1		True	False	rescue
F0430	full_ted	ambiguous	persistent_loss	none	ambiguous	E1		True	False	replication
F0431	full_ted	ambiguous	persistent_loss	none	ambiguous	E1		True	False	none
F0432	full_ted	ambiguous	persistent_loss	none	ambiguous	E1		True	False	outcome
F0433	full_ted	ambiguous	persistent_loss	none	ambiguous	E1		True	False	reversal
F0434	full_ted	ambiguous	persistent_loss	none	ambiguous	E1		True	False	rescue
F0435	full_ted	ambiguous	persistent_loss	none	ambiguous	E1		True	False	replication
F0436	full_ted	ambiguous	persistent_loss	none	not_identifiable	E0	E0_not_estimable	True	False	none
F0437	full_ted	ambiguous	delay	none	not_identifiable	E0	E0_not_estimable	True	False	outcome
F0438	full_ted	ambiguous	persistent_loss	none	not_identifiable	E0	E0_not_estimable	True	False	reversal
F0439	full_ted	ambiguous	redirection	none	not_identifiable	E0	E0_not_estimable	True	False	rescue
F0440	full_ted	ambiguous	persistent_loss	none	not_identifiable	E0	E0_not_estimable	True	False	replication
F0441	full_ted	ambiguous	persistent_loss	none	not_identifiable	E0	E0_not_identifiable	True	False	none
F0442	full_ted	ambiguous	persistent_loss	none	not_identifiable	E0	E0_not_identifiable	True	False	outcome
F0443	full_ted	ambiguous	persistent_loss	none	not_identifiable	E0	E0_not_identifiable	True	False	reversal
F0444	full_ted	ambiguous	suppression	none	not_identifiable	E0	E0_not_identifiable	True	False	rescue
F0445	full_ted	ambiguous	persistent_loss	none	not_identifiable	E0	E0_not_identifiable	True	False	replication
F0446	full_ted	ambiguous	suppression	none	not_identifiable	E0	E0_not_identifiable	True	False	none
F0447	full_ted	ambiguous	suppression	none	not_identifiable	E0	E0_not_identifiable	True	False	outcome
F0448	full_ted	ambiguous	suppression	none	not_identifiable	E0	E0_not_identifiable	True	False	reversal
F0449	full_ted	ambiguous	persistent_loss	none	not_identifiable	E0	E0_not_identifiable	True	False	rescue
F0450	full_ted	ambiguous	persistent_loss	none	not_identifiable	E0	E0_not_identifiable	True	False	replication
F0451	full_ted	ambiguous	persistent_loss	composition	identifiable	E0	E0_not_estimable	True	False	none
F0452	full_ted	ambiguous	persistent_loss	composition	identifiable	E0	E0_not_estimable	True	False	outcome
F0453	full_ted	ambiguous	persistent_loss	composition	identifiable	E0	E0_not_estimable	True	False	reversal
F0454	full_ted	ambiguous	persistent_loss	composition	identifiable	E0	E0_not_estimable	True	False	rescue
F0455	full_ted	ambiguous	persistent_loss	composition	identifiable	E0	E0_not_estimable	True	False	replication
F0456	full_ted	ambiguous	persistent_loss	composition	identifiable	E0	E0_artifact_dominated	True	False	none
F0457	full_ted	ambiguous	persistent_loss	composition	identifiable	E0	E0_artifact_dominated	True	False	outcome
F0458	full_ted	ambiguous	persistent_loss	composition	identifiable	E0	E0_artifact_dominated	True	False	reversal
F0459	full_ted	ambiguous	persistent_loss	composition	identifiable	E0	E0_artifact_dominated	True	False	rescue
F0460	full_ted	ambiguous	persistent_loss	composition	identifiable	E0	E0_artifact_dominated	True	False	replication
F0461	full_ted	ambiguous	persistent_loss	composition	identifiable	E0	E0_artifact_dominated	True	False	none
F0462	full_ted	ambiguous	persistent_loss	composition	identifiable	E0	E0_artifact_dominated	True	False	outcome
F0463	full_ted	ambiguous	persistent_loss	composition	identifiable	E0	E0_artifact_dominated	True	False	reversal
F0464	full_ted	ambiguous	persistent_loss	composition	identifiable	E0	E0_artifact_dominated	True	False	rescue
F0465	full_ted	ambiguous	persistent_loss	composition	identifiable	E0	E0_artifact_dominated	True	False	replication
F0466	full_ted	ambiguous	persistent_loss	composition	ambiguous	E0	E0_not_estimable	True	False	none
F0467	full_ted	ambiguous	persistent_loss	composition	ambiguous	E0	E0_not_estimable	True	False	outcome
F0468	full_ted	ambiguous	persistent_loss	composition	ambiguous	E0	E0_not_estimable	True	False	reversal
F0469	full_ted	ambiguous	persistent_loss	composition	ambiguous	E0	E0_not_estimable	True	False	rescue
F0470	full_ted	ambiguous	persistent_loss	composition	ambiguous	E0	E0_not_estimable	True	False	replication
F0471	full_ted	ambiguous	persistent_loss	composition	ambiguous	E0	E0_artifact_dominated	True	False	none
F0472	full_ted	ambiguous	persistent_loss	composition	ambiguous	E0	E0_artifact_dominated	True	False	outcome
F0473	full_ted	ambiguous	persistent_loss	composition	ambiguous	E0	E0_artifact_dominated	True	False	reversal
F0474	full_ted	ambiguous	persistent_loss	composition	ambiguous	E0	E0_artifact_dominated	True	False	rescue
F0475	full_ted	ambiguous	persistent_loss	composition	ambiguous	E0	E0_artifact_dominated	True	False	replication
F0476	full_ted	ambiguous	persistent_loss	composition	ambiguous	E0	E0_artifact_dominated	True	False	none
F0477	full_ted	ambiguous	persistent_loss	composition	ambiguous	E0	E0_artifact_dominated	True	False	outcome
F0478	full_ted	ambiguous	persistent_loss	composition	ambiguous	E0	E0_artifact_dominated	True	False	reversal
F0479	full_ted	ambiguous	persistent_loss	composition	ambiguous	E0	E0_artifact_dominated	True	False	rescue
F0480	full_ted	ambiguous	persistent_loss	composition	ambiguous	E0	E0_artifact_dominated	True	False	replication
F0481	full_ted	ambiguous	persistent_loss	composition	not_identifiable	E0	E0_not_estimable	True	False	none
F0482	full_ted	ambiguous	redirection	composition	not_identifiable	E0	E0_not_estimable	True	False	outcome
F0483	full_ted	ambiguous	persistent_loss	composition	not_identifiable	E0	E0_not_estimable	True	False	reversal
F0484	full_ted	ambiguous	persistent_loss	composition	not_identifiable	E0	E0_not_estimable	True	False	rescue
F0485	full_ted	ambiguous	persistent_loss	composition	not_identifiable	E0	E0_not_estimable	True	False	replication
F0486	full_ted	ambiguous	redirection	composition	not_identifiable	E0	E0_not_identifiable	True	False	none
F0487	full_ted	ambiguous	persistent_loss	composition	not_identifiable	E0	E0_not_identifiable	True	False	outcome
F0488	full_ted	ambiguous	persistent_loss	composition	not_identifiable	E0	E0_not_identifiable	True	False	reversal
F0489	full_ted	ambiguous	persistent_loss	composition	not_identifiable	E0	E0_not_identifiable	True	False	rescue
F0490	full_ted	ambiguous	persistent_loss	composition	not_identifiable	E0	E0_not_identifiable	True	False	replication
F0491	full_ted	ambiguous	persistent_loss	composition	not_identifiable	E0	E0_not_identifiable	True	False	none
F0492	full_ted	ambiguous	persistent_loss	composition	not_identifiable	E0	E0_not_identifiable	True	False	outcome
F0493	full_ted	ambiguous	persistent_loss	composition	not_identifiable	E0	E0_not_identifiable	True	False	reversal
F0494	full_ted	ambiguous	persistent_loss	composition	not_identifiable	E0	E0_not_identifiable	True	False	rescue
F0495	full_ted	ambiguous	persistent_loss	composition	not_identifiable	E0	E0_not_identifiable	True	False	replication
F0496	full_ted	ambiguous	persistent_loss	stress	identifiable	E0	E0_not_estimable	True	False	none
F0497	full_ted	ambiguous	persistent_loss	stress	identifiable	E0	E0_not_estimable	True	False	outcome
F0498	full_ted	ambiguous	persistent_loss	stress	identifiable	E0	E0_not_estimable	True	False	reversal
F0499	full_ted	ambiguous	persistent_loss	stress	ambiguous	E0	E0_not_estimable	True	False	rescue
F0500	full_ted	ambiguous	persistent_loss	stress	identifiable	E0	E0_not_estimable	True	False	replication
F0501	full_ted	ambiguous	persistent_loss	stress	identifiable	E0	E0_artifact_dominated	True	False	none
F0502	full_ted	ambiguous	persistent_loss	stress	identifiable	E0	E0_artifact_dominated	True	False	outcome
F0503	full_ted	ambiguous	persistent_loss	stress	identifiable	E0	E0_artifact_dominated	True	False	reversal
F0504	full_ted	ambiguous	persistent_loss	stress	identifiable	E0	E0_artifact_dominated	True	False	rescue
F0505	full_ted	ambiguous	persistent_loss	stress	identifiable	E0	E0_artifact_dominated	True	False	replication
F0506	full_ted	ambiguous	persistent_loss	stress	identifiable	E0	E0_artifact_dominated	True	False	none
F0507	full_ted	ambiguous	persistent_loss	stress	identifiable	E0	E0_artifact_dominated	True	False	outcome
F0508	full_ted	ambiguous	persistent_loss	stress	identifiable	E0	E0_artifact_dominated	True	False	reversal
F0509	full_ted	ambiguous	persistent_loss	stress	identifiable	E0	E0_artifact_dominated	True	False	rescue
F0510	full_ted	ambiguous	persistent_loss	stress	identifiable	E0	E0_artifact_dominated	True	False	replication
F0511	full_ted	ambiguous	redirection	stress	ambiguous	E0	E0_not_estimable	True	False	none
F0512	full_ted	ambiguous	redirection	stress	ambiguous	E0	E0_not_estimable	True	False	outcome
F0513	full_ted	ambiguous	redirection	stress	ambiguous	E0	E0_not_estimable	True	False	reversal
F0514	full_ted	ambiguous	persistent_loss	stress	ambiguous	E0	E0_not_estimable	True	False	rescue
F0515	full_ted	ambiguous	redirection	stress	ambiguous	E0	E0_not_estimable	True	False	replication
F0516	full_ted	ambiguous	persistent_loss	stress	ambiguous	E0	E0_artifact_dominated	True	False	none
F0517	full_ted	ambiguous	persistent_loss	stress	ambiguous	E0	E0_artifact_dominated	True	False	outcome
F0518	full_ted	ambiguous	persistent_loss	stress	ambiguous	E0	E0_artifact_dominated	True	False	reversal
F0519	full_ted	ambiguous	persistent_loss	stress	ambiguous	E0	E0_artifact_dominated	True	False	rescue
F0520	full_ted	ambiguous	persistent_loss	stress	ambiguous	E0	E0_artifact_dominated	True	False	replication
F0521	full_ted	ambiguous	persistent_loss	stress	ambiguous	E0	E0_artifact_dominated	True	False	none
F0522	full_ted	ambiguous	persistent_loss	stress	ambiguous	E0	E0_artifact_dominated	True	False	outcome
F0523	full_ted	ambiguous	persistent_loss	stress	ambiguous	E0	E0_artifact_dominated	True	False	reversal
F0524	full_ted	ambiguous	persistent_loss	stress	ambiguous	E0	E0_artifact_dominated	True	False	rescue
F0525	full_ted	ambiguous	persistent_loss	stress	ambiguous	E0	E0_artifact_dominated	True	False	replication
F0526	full_ted	ambiguous	persistent_loss	none	not_identifiable	E0	E0_not_estimable	True	False	none
F0527	full_ted	ambiguous	activation	stress	not_identifiable	E0	E0_not_estimable	True	False	outcome
F0528	full_ted	ambiguous	redirection	stress	not_identifiable	E0	E0_not_estimable	True	False	reversal
F0529	full_ted	ambiguous	redirection	stress	not_identifiable	E0	E0_not_estimable	True	False	rescue
F0530	full_ted	ambiguous	persistent_loss	none	not_identifiable	E0	E0_not_estimable	True	False	replication
F0531	full_ted	ambiguous	persistent_loss	none	not_identifiable	E0	E0_not_identifiable	True	False	none
F0532	full_ted	ambiguous	persistent_loss	none	not_identifiable	E0	E0_not_identifiable	True	False	outcome
F0533	full_ted	ambiguous	persistent_loss	stress	not_identifiable	E0	E0_not_identifiable	True	False	reversal
F0534	full_ted	ambiguous	persistent_loss	none	not_identifiable	E0	E0_not_identifiable	True	False	rescue
F0535	full_ted	ambiguous	persistent_loss	none	not_identifiable	E0	E0_not_identifiable	True	False	replication
F0536	full_ted	ambiguous	persistent_loss	stress	not_identifiable	E0	E0_not_identifiable	True	False	none
F0537	full_ted	ambiguous	persistent_loss	stress	not_identifiable	E0	E0_not_identifiable	True	False	outcome
F0538	full_ted	ambiguous	persistent_loss	none	not_identifiable	E0	E0_not_identifiable	True	False	reversal
F0539	full_ted	ambiguous	redirection	stress	not_identifiable	E0	E0_not_identifiable	True	False	rescue
F0540	full_ted	ambiguous	persistent_loss	none	not_identifiable	E0	E0_not_identifiable	True	False	replication
F0541	full_ted	redirection	redirection	none	identifiable	E0	E0_not_estimable	False	False	none
F0542	full_ted	redirection	redirection	none	identifiable	E0	E0_not_estimable	False	False	outcome
F0543	full_ted	redirection	redirection	none	identifiable	E0	E0_not_estimable	False	False	reversal
F0544	full_ted	redirection	redirection	none	identifiable	E0	E0_not_estimable	False	False	rescue
F0545	full_ted	redirection	redirection	none	identifiable	E0	E0_not_estimable	False	False	replication
F0546	full_ted	redirection	redirection	none	identifiable	E1		False	False	none
F0547	full_ted	redirection	redirection	none	identifiable	E1		False	False	outcome
F0548	full_ted	redirection	redirection	none	identifiable	E1		False	False	reversal
F0549	full_ted	redirection	redirection	none	identifiable	E1		False	False	rescue
F0550	full_ted	redirection	redirection	none	identifiable	E1		False	False	replication
F0551	full_ted	redirection	redirection	none	identifiable	E2		False	False	none
F0552	full_ted	redirection	redirection	none	identifiable	E2		False	False	outcome
F0553	full_ted	redirection	redirection	none	identifiable	E2		False	False	reversal
F0554	full_ted	redirection	redirection	none	identifiable	E2		False	False	rescue
F0555	full_ted	redirection	redirection	none	identifiable	E2		False	False	replication
F0556	full_ted	ambiguous	redirection	none	ambiguous	E0	E0_not_estimable	True	False	none
F0557	full_ted	ambiguous	redirection	none	ambiguous	E0	E0_not_estimable	True	False	outcome
F0558	full_ted	ambiguous	redirection	none	ambiguous	E0	E0_not_estimable	True	False	reversal
F0559	full_ted	ambiguous	redirection	none	ambiguous	E0	E0_not_estimable	True	False	rescue
F0560	full_ted	redirection	redirection	none	identifiable	E0	E0_not_estimable	False	False	replication
F0561	full_ted	ambiguous	redirection	none	ambiguous	E1		True	False	none
F0562	full_ted	ambiguous	redirection	none	ambiguous	E1		True	False	outcome
F0563	full_ted	ambiguous	redirection	none	ambiguous	E1		True	False	reversal
F0564	full_ted	ambiguous	redirection	none	ambiguous	E1		True	False	rescue
F0565	full_ted	ambiguous	redirection	none	ambiguous	E1		True	False	replication
F0566	full_ted	ambiguous	redirection	none	ambiguous	E1		True	False	none
F0567	full_ted	ambiguous	redirection	none	ambiguous	E1		True	False	outcome
F0568	full_ted	ambiguous	redirection	none	ambiguous	E1		True	False	reversal
F0569	full_ted	ambiguous	redirection	none	ambiguous	E1		True	False	rescue
F0570	full_ted	ambiguous	redirection	none	ambiguous	E1		True	False	replication
F0571	full_ted	ambiguous	redirection	none	not_identifiable	E0	E0_not_estimable	True	False	none
F0572	full_ted	ambiguous	redirection	none	not_identifiable	E0	E0_not_estimable	True	False	outcome
F0573	full_ted	ambiguous	delay	none	not_identifiable	E0	E0_not_estimable	True	False	reversal
F0574	full_ted	ambiguous	redirection	none	not_identifiable	E0	E0_not_estimable	True	False	rescue
F0575	full_ted	ambiguous	redirection	none	not_identifiable	E0	E0_not_estimable	True	False	replication
F0576	full_ted	ambiguous	redirection	none	not_identifiable	E0	E0_not_identifiable	True	False	none
F0577	full_ted	ambiguous	redirection	none	not_identifiable	E0	E0_not_identifiable	True	False	outcome
F0578	full_ted	ambiguous	redirection	none	not_identifiable	E0	E0_not_identifiable	True	False	reversal
F0579	full_ted	ambiguous	redirection	none	not_identifiable	E0	E0_not_identifiable	True	False	rescue
F0580	full_ted	ambiguous	redirection	none	not_identifiable	E0	E0_not_identifiable	True	False	replication
F0581	full_ted	ambiguous	redirection	none	not_identifiable	E0	E0_not_identifiable	True	False	none
F0582	full_ted	ambiguous	redirection	none	not_identifiable	E0	E0_not_identifiable	True	False	outcome
F0583	full_ted	ambiguous	redirection	none	not_identifiable	E0	E0_not_identifiable	True	False	reversal
F0584	full_ted	ambiguous	redirection	none	not_identifiable	E0	E0_not_identifiable	True	False	rescue
F0585	full_ted	ambiguous	redirection	none	not_identifiable	E0	E0_not_identifiable	True	False	replication
F0586	full_ted	ambiguous	redirection	composition	identifiable	E0	E0_not_estimable	True	False	none
F0587	full_ted	ambiguous	redirection	composition	identifiable	E0	E0_not_estimable	True	False	outcome
F0588	full_ted	ambiguous	redirection	composition	identifiable	E0	E0_not_estimable	True	False	reversal
F0589	full_ted	ambiguous	redirection	composition	identifiable	E0	E0_not_estimable	True	False	rescue
F0590	full_ted	ambiguous	redirection	composition	identifiable	E0	E0_not_estimable	True	False	replication
F0591	full_ted	ambiguous	redirection	composition	identifiable	E0	E0_artifact_dominated	True	False	none
F0592	full_ted	ambiguous	redirection	composition	identifiable	E0	E0_artifact_dominated	True	False	outcome
F0593	full_ted	ambiguous	redirection	composition	identifiable	E0	E0_artifact_dominated	True	False	reversal
F0594	full_ted	ambiguous	redirection	composition	identifiable	E0	E0_artifact_dominated	True	False	rescue
F0595	full_ted	ambiguous	redirection	composition	identifiable	E0	E0_artifact_dominated	True	False	replication
F0596	full_ted	ambiguous	redirection	composition	identifiable	E0	E0_artifact_dominated	True	False	none
F0597	full_ted	ambiguous	redirection	composition	identifiable	E0	E0_artifact_dominated	True	False	outcome
F0598	full_ted	ambiguous	redirection	composition	identifiable	E0	E0_artifact_dominated	True	False	reversal
F0599	full_ted	ambiguous	redirection	composition	identifiable	E0	E0_artifact_dominated	True	False	rescue
F0600	full_ted	ambiguous	redirection	composition	identifiable	E0	E0_artifact_dominated	True	False	replication
F0601	full_ted	ambiguous	redirection	composition	ambiguous	E0	E0_not_estimable	True	False	none
F0602	full_ted	ambiguous	redirection	composition	ambiguous	E0	E0_not_estimable	True	False	outcome
F0603	full_ted	ambiguous	redirection	composition	ambiguous	E0	E0_not_estimable	True	False	reversal
F0604	full_ted	ambiguous	redirection	composition	ambiguous	E0	E0_not_estimable	True	False	rescue
F0605	full_ted	ambiguous	redirection	composition	ambiguous	E0	E0_not_estimable	True	False	replication
F0606	full_ted	ambiguous	redirection	composition	ambiguous	E0	E0_artifact_dominated	True	False	none
F0607	full_ted	ambiguous	redirection	composition	ambiguous	E0	E0_artifact_dominated	True	False	outcome
F0608	full_ted	ambiguous	redirection	composition	ambiguous	E0	E0_artifact_dominated	True	False	reversal
F0609	full_ted	ambiguous	redirection	composition	ambiguous	E0	E0_artifact_dominated	True	False	rescue
F0610	full_ted	ambiguous	redirection	composition	ambiguous	E0	E0_artifact_dominated	True	False	replication
F0611	full_ted	ambiguous	redirection	composition	ambiguous	E0	E0_artifact_dominated	True	False	none
F0612	full_ted	ambiguous	redirection	composition	ambiguous	E0	E0_artifact_dominated	True	False	outcome
F0613	full_ted	ambiguous	redirection	composition	ambiguous	E0	E0_artifact_dominated	True	False	reversal
F0614	full_ted	ambiguous	redirection	composition	ambiguous	E0	E0_artifact_dominated	True	False	rescue
F0615	full_ted	ambiguous	redirection	composition	ambiguous	E0	E0_artifact_dominated	True	False	replication
F0616	full_ted	ambiguous	redirection	composition	not_identifiable	E0	E0_not_estimable	True	False	none
F0617	full_ted	ambiguous	redirection	composition	not_identifiable	E0	E0_not_estimable	True	False	outcome
F0618	full_ted	ambiguous	redirection	composition	not_identifiable	E0	E0_not_estimable	True	False	reversal
F0619	full_ted	ambiguous	redirection	composition	not_identifiable	E0	E0_not_estimable	True	False	rescue
F0620	full_ted	ambiguous	redirection	composition	not_identifiable	E0	E0_not_estimable	True	False	replication
F0621	full_ted	ambiguous	redirection	composition	not_identifiable	E0	E0_not_identifiable	True	False	none
F0622	full_ted	ambiguous	redirection	composition	not_identifiable	E0	E0_not_identifiable	True	False	outcome
F0623	full_ted	ambiguous	redirection	composition	not_identifiable	E0	E0_not_identifiable	True	False	reversal
F0624	full_ted	ambiguous	redirection	composition	not_identifiable	E0	E0_not_identifiable	True	False	rescue
F0625	full_ted	ambiguous	redirection	composition	not_identifiable	E0	E0_not_identifiable	True	False	replication
F0626	full_ted	ambiguous	redirection	composition	not_identifiable	E0	E0_not_identifiable	True	False	none
F0627	full_ted	ambiguous	redirection	composition	not_identifiable	E0	E0_not_identifiable	True	False	outcome
F0628	full_ted	ambiguous	redirection	composition	not_identifiable	E0	E0_not_identifiable	True	False	reversal
F0629	full_ted	ambiguous	redirection	composition	not_identifiable	E0	E0_not_identifiable	True	False	rescue
F0630	full_ted	ambiguous	redirection	composition	not_identifiable	E0	E0_not_identifiable	True	False	replication
F0631	full_ted	ambiguous	redirection	stress	identifiable	E0	E0_not_estimable	True	False	none
F0632	full_ted	ambiguous	redirection	stress	identifiable	E0	E0_not_estimable	True	False	outcome
F0633	full_ted	ambiguous	redirection	stress	identifiable	E0	E0_not_estimable	True	False	reversal
F0634	full_ted	ambiguous	redirection	stress	identifiable	E0	E0_not_estimable	True	False	rescue
F0635	full_ted	ambiguous	redirection	stress	identifiable	E0	E0_not_estimable	True	False	replication
F0636	full_ted	ambiguous	redirection	stress	identifiable	E0	E0_artifact_dominated	True	False	none
F0637	full_ted	ambiguous	redirection	stress	identifiable	E0	E0_artifact_dominated	True	False	outcome
F0638	full_ted	redirection	redirection	none	identifiable	E1		False	False	reversal
F0639	full_ted	ambiguous	redirection	stress	identifiable	E0	E0_artifact_dominated	True	False	rescue
F0640	full_ted	ambiguous	redirection	stress	identifiable	E0	E0_artifact_dominated	True	False	replication
F0641	full_ted	ambiguous	redirection	stress	identifiable	E0	E0_artifact_dominated	True	False	none
F0642	full_ted	ambiguous	redirection	stress	identifiable	E0	E0_artifact_dominated	True	False	outcome
F0643	full_ted	ambiguous	redirection	stress	identifiable	E0	E0_artifact_dominated	True	False	reversal
F0644	full_ted	ambiguous	redirection	stress	identifiable	E0	E0_artifact_dominated	True	False	rescue
F0645	full_ted	ambiguous	redirection	stress	identifiable	E0	E0_artifact_dominated	True	False	replication
F0646	full_ted	ambiguous	redirection	none	ambiguous	E0	E0_not_estimable	True	False	none
F0647	full_ted	ambiguous	redirection	none	ambiguous	E0	E0_not_estimable	True	False	outcome
F0648	full_ted	ambiguous	redirection	none	ambiguous	E0	E0_not_estimable	True	False	reversal
F0649	full_ted	ambiguous	redirection	none	ambiguous	E0	E0_not_estimable	True	False	rescue
F0650	full_ted	ambiguous	redirection	none	ambiguous	E0	E0_not_estimable	True	False	replication
F0651	full_ted	ambiguous	redirection	none	ambiguous	E1		True	False	none
F0652	full_ted	ambiguous	redirection	stress	ambiguous	E0	E0_artifact_dominated	True	False	outcome
F0653	full_ted	ambiguous	redirection	none	ambiguous	E1		True	False	reversal
F0654	full_ted	ambiguous	redirection	stress	ambiguous	E0	E0_artifact_dominated	True	False	rescue
F0655	full_ted	ambiguous	redirection	stress	ambiguous	E0	E0_artifact_dominated	True	False	replication
F0656	full_ted	ambiguous	redirection	stress	ambiguous	E0	E0_artifact_dominated	True	False	none
F0657	full_ted	ambiguous	redirection	none	ambiguous	E1		True	False	outcome
F0658	full_ted	ambiguous	redirection	stress	ambiguous	E0	E0_artifact_dominated	True	False	reversal
F0659	full_ted	ambiguous	redirection	none	ambiguous	E1		True	False	rescue
F0660	full_ted	ambiguous	redirection	stress	ambiguous	E0	E0_artifact_dominated	True	False	replication
F0661	full_ted	ambiguous	redirection	none	not_identifiable	E0	E0_not_estimable	True	False	none
F0662	full_ted	ambiguous	redirection	none	not_identifiable	E0	E0_not_estimable	True	False	outcome
F0663	full_ted	ambiguous	redirection	none	not_identifiable	E0	E0_not_estimable	True	False	reversal
F0664	full_ted	ambiguous	redirection	none	not_identifiable	E0	E0_not_estimable	True	False	rescue
F0665	full_ted	ambiguous	redirection	none	not_identifiable	E0	E0_not_estimable	True	False	replication
F0666	full_ted	ambiguous	redirection	none	not_identifiable	E0	E0_not_identifiable	True	False	none
F0667	full_ted	ambiguous	redirection	none	not_identifiable	E0	E0_not_identifiable	True	False	outcome
F0668	full_ted	ambiguous	redirection	stress	not_identifiable	E0	E0_not_identifiable	True	False	reversal
F0669	full_ted	ambiguous	redirection	none	not_identifiable	E0	E0_not_identifiable	True	False	rescue
F0670	full_ted	ambiguous	redirection	stress	not_identifiable	E0	E0_not_identifiable	True	False	replication
F0671	full_ted	ambiguous	redirection	none	not_identifiable	E0	E0_not_identifiable	True	False	none
F0672	full_ted	ambiguous	redirection	none	not_identifiable	E0	E0_not_identifiable	True	False	outcome
F0673	full_ted	ambiguous	redirection	stress	not_identifiable	E0	E0_not_identifiable	True	False	reversal
F0674	full_ted	ambiguous	redirection	none	not_identifiable	E0	E0_not_identifiable	True	False	rescue
F0675	full_ted	ambiguous	redirection	none	not_identifiable	E0	E0_not_identifiable	True	False	replication
F0001	without_block_gate	activation	activation	none	identifiable	E1		False	False	none
F0002	without_block_gate	activation	activation	none	identifiable	E1		False	False	outcome
F0003	without_block_gate	activation	activation	none	identifiable	E1		False	False	reversal
F0004	without_block_gate	activation	activation	none	identifiable	E1		False	False	rescue
F0005	without_block_gate	activation	activation	none	identifiable	E1		False	False	replication
F0006	without_block_gate	activation	activation	none	identifiable	E1		False	False	none
F0007	without_block_gate	activation	activation	none	identifiable	E1		False	False	outcome
F0008	without_block_gate	activation	activation	none	identifiable	E1		False	False	reversal
F0009	without_block_gate	activation	activation	none	identifiable	E1		False	False	rescue
F0010	without_block_gate	activation	activation	none	identifiable	E1		False	False	replication
F0011	without_block_gate	activation	activation	none	identifiable	E2		False	False	none
F0012	without_block_gate	activation	activation	none	identifiable	E2		False	False	outcome
F0013	without_block_gate	activation	activation	none	identifiable	E2		False	False	reversal
F0014	without_block_gate	activation	activation	none	identifiable	E2		False	False	rescue
F0015	without_block_gate	activation	activation	none	identifiable	E2		False	False	replication
F0016	without_block_gate	ambiguous	activation	none	ambiguous	E1		True	False	none
F0017	without_block_gate	ambiguous	activation	none	ambiguous	E1		True	False	outcome
F0018	without_block_gate	ambiguous	activation	none	ambiguous	E1		True	False	reversal
F0019	without_block_gate	ambiguous	activation	none	ambiguous	E1		True	False	rescue
F0020	without_block_gate	ambiguous	activation	none	ambiguous	E1		True	False	replication
F0021	without_block_gate	ambiguous	activation	none	ambiguous	E1		True	False	none
F0022	without_block_gate	ambiguous	activation	none	ambiguous	E1		True	False	outcome
F0023	without_block_gate	ambiguous	activation	none	ambiguous	E1		True	False	reversal
F0024	without_block_gate	ambiguous	activation	none	ambiguous	E1		True	False	rescue
F0025	without_block_gate	ambiguous	activation	none	ambiguous	E1		True	False	replication
F0026	without_block_gate	ambiguous	activation	none	ambiguous	E1		True	False	none
F0027	without_block_gate	ambiguous	activation	none	ambiguous	E1		True	False	outcome
F0028	without_block_gate	ambiguous	activation	none	ambiguous	E1		True	False	reversal
F0029	without_block_gate	ambiguous	activation	none	ambiguous	E1		True	False	rescue
F0030	without_block_gate	ambiguous	activation	none	ambiguous	E1		True	False	replication
F0031	without_block_gate	ambiguous	activation	none	not_identifiable	E0	E0_not_identifiable	True	False	none
F0032	without_block_gate	ambiguous	activation	none	not_identifiable	E0	E0_not_identifiable	True	False	outcome
F0033	without_block_gate	ambiguous	activation	none	not_identifiable	E0	E0_not_identifiable	True	False	reversal
F0034	without_block_gate	ambiguous	activation	none	not_identifiable	E0	E0_not_identifiable	True	False	rescue
F0035	without_block_gate	ambiguous	activation	none	not_identifiable	E0	E0_not_identifiable	True	False	replication
F0036	without_block_gate	ambiguous	activation	none	not_identifiable	E0	E0_not_identifiable	True	False	none
F0037	without_block_gate	ambiguous	activation	none	not_identifiable	E0	E0_not_identifiable	True	False	outcome
F0038	without_block_gate	ambiguous	activation	none	not_identifiable	E0	E0_not_identifiable	True	False	reversal
F0039	without_block_gate	ambiguous	activation	none	not_identifiable	E0	E0_not_identifiable	True	False	rescue
F0040	without_block_gate	ambiguous	activation	none	not_identifiable	E0	E0_not_identifiable	True	False	replication
F0041	without_block_gate	ambiguous	activation	none	not_identifiable	E0	E0_not_identifiable	True	False	none
F0042	without_block_gate	ambiguous	activation	none	not_identifiable	E0	E0_not_identifiable	True	False	outcome
F0043	without_block_gate	ambiguous	activation	none	not_identifiable	E0	E0_not_identifiable	True	False	reversal
F0044	without_block_gate	ambiguous	activation	none	not_identifiable	E0	E0_not_identifiable	True	False	rescue
F0045	without_block_gate	ambiguous	activation	none	not_identifiable	E0	E0_not_identifiable	True	False	replication
F0046	without_block_gate	ambiguous	activation	composition	identifiable	E0	E0_artifact_dominated	True	False	none
F0047	without_block_gate	ambiguous	activation	composition	identifiable	E0	E0_artifact_dominated	True	False	outcome
F0048	without_block_gate	ambiguous	activation	composition	identifiable	E0	E0_artifact_dominated	True	False	reversal
F0049	without_block_gate	ambiguous	activation	composition	identifiable	E0	E0_artifact_dominated	True	False	rescue
F0050	without_block_gate	ambiguous	activation	composition	identifiable	E0	E0_artifact_dominated	True	False	replication
F0051	without_block_gate	ambiguous	activation	composition	identifiable	E0	E0_artifact_dominated	True	False	none
F0052	without_block_gate	ambiguous	activation	composition	identifiable	E0	E0_artifact_dominated	True	False	outcome
F0053	without_block_gate	ambiguous	activation	composition	identifiable	E0	E0_artifact_dominated	True	False	reversal
F0054	without_block_gate	ambiguous	activation	composition	identifiable	E0	E0_artifact_dominated	True	False	rescue
F0055	without_block_gate	ambiguous	activation	composition	identifiable	E0	E0_artifact_dominated	True	False	replication
F0056	without_block_gate	ambiguous	activation	composition	identifiable	E0	E0_artifact_dominated	True	False	none
F0057	without_block_gate	ambiguous	activation	composition	identifiable	E0	E0_artifact_dominated	True	False	outcome
F0058	without_block_gate	ambiguous	activation	composition	identifiable	E0	E0_artifact_dominated	True	False	reversal
F0059	without_block_gate	ambiguous	activation	composition	identifiable	E0	E0_artifact_dominated	True	False	rescue
F0060	without_block_gate	ambiguous	activation	composition	identifiable	E0	E0_artifact_dominated	True	False	replication
F0061	without_block_gate	ambiguous	activation	composition	ambiguous	E0	E0_artifact_dominated	True	False	none
F0062	without_block_gate	ambiguous	activation	composition	ambiguous	E0	E0_artifact_dominated	True	False	outcome
F0063	without_block_gate	ambiguous	activation	composition	ambiguous	E0	E0_artifact_dominated	True	False	reversal
F0064	without_block_gate	ambiguous	activation	composition	ambiguous	E0	E0_artifact_dominated	True	False	rescue
F0065	without_block_gate	ambiguous	activation	composition	ambiguous	E0	E0_artifact_dominated	True	False	replication
F0066	without_block_gate	ambiguous	activation	composition	ambiguous	E0	E0_artifact_dominated	True	False	none
F0067	without_block_gate	ambiguous	activation	composition	ambiguous	E0	E0_artifact_dominated	True	False	outcome
F0068	without_block_gate	ambiguous	activation	composition	ambiguous	E0	E0_artifact_dominated	True	False	reversal
F0069	without_block_gate	ambiguous	activation	composition	ambiguous	E0	E0_artifact_dominated	True	False	rescue
F0070	without_block_gate	ambiguous	activation	composition	ambiguous	E0	E0_artifact_dominated	True	False	replication
F0071	without_block_gate	ambiguous	activation	composition	ambiguous	E0	E0_artifact_dominated	True	False	none
F0072	without_block_gate	ambiguous	activation	composition	ambiguous	E0	E0_artifact_dominated	True	False	outcome
F0073	without_block_gate	ambiguous	activation	composition	ambiguous	E0	E0_artifact_dominated	True	False	reversal
F0074	without_block_gate	ambiguous	activation	composition	ambiguous	E0	E0_artifact_dominated	True	False	rescue
F0075	without_block_gate	ambiguous	activation	composition	ambiguous	E0	E0_artifact_dominated	True	False	replication
F0076	without_block_gate	ambiguous	activation	composition	not_identifiable	E0	E0_not_identifiable	True	False	none
F0077	without_block_gate	ambiguous	activation	composition	not_identifiable	E0	E0_not_identifiable	True	False	outcome
F0078	without_block_gate	ambiguous	activation	composition	not_identifiable	E0	E0_not_identifiable	True	False	reversal
F0079	without_block_gate	ambiguous	activation	composition	not_identifiable	E0	E0_not_identifiable	True	False	rescue
F0080	without_block_gate	ambiguous	activation	composition	not_identifiable	E0	E0_not_identifiable	True	False	replication
F0081	without_block_gate	ambiguous	activation	composition	not_identifiable	E0	E0_not_identifiable	True	False	none
F0082	without_block_gate	ambiguous	activation	composition	not_identifiable	E0	E0_not_identifiable	True	False	outcome
F0083	without_block_gate	ambiguous	activation	composition	not_identifiable	E0	E0_not_identifiable	True	False	reversal
F0084	without_block_gate	ambiguous	activation	composition	not_identifiable	E0	E0_not_identifiable	True	False	rescue
F0085	without_block_gate	ambiguous	activation	composition	not_identifiable	E0	E0_not_identifiable	True	False	replication
F0086	without_block_gate	ambiguous	activation	composition	not_identifiable	E0	E0_not_identifiable	True	False	none
F0087	without_block_gate	ambiguous	activation	composition	not_identifiable	E0	E0_not_identifiable	True	False	outcome
F0088	without_block_gate	ambiguous	activation	composition	not_identifiable	E0	E0_not_identifiable	True	False	reversal
F0089	without_block_gate	ambiguous	activation	composition	not_identifiable	E0	E0_not_identifiable	True	False	rescue
F0090	without_block_gate	ambiguous	activation	composition	not_identifiable	E0	E0_not_identifiable	True	False	replication
F0091	without_block_gate	ambiguous	activation	stress	identifiable	E0	E0_artifact_dominated	True	False	none
F0092	without_block_gate	ambiguous	activation	stress	identifiable	E0	E0_artifact_dominated	True	False	outcome
F0093	without_block_gate	ambiguous	activation	stress	identifiable	E0	E0_artifact_dominated	True	False	reversal
F0094	without_block_gate	ambiguous	activation	stress	identifiable	E0	E0_artifact_dominated	True	False	rescue
F0095	without_block_gate	ambiguous	activation	stress	identifiable	E0	E0_artifact_dominated	True	False	replication
F0096	without_block_gate	ambiguous	activation	stress	identifiable	E0	E0_artifact_dominated	True	False	none
F0097	without_block_gate	ambiguous	activation	stress	identifiable	E0	E0_artifact_dominated	True	False	outcome
F0098	without_block_gate	ambiguous	activation	stress	identifiable	E0	E0_artifact_dominated	True	False	reversal
F0099	without_block_gate	ambiguous	activation	stress	identifiable	E0	E0_artifact_dominated	True	False	rescue
F0100	without_block_gate	ambiguous	activation	stress	identifiable	E0	E0_artifact_dominated	True	False	replication
F0101	without_block_gate	ambiguous	activation	stress	identifiable	E0	E0_artifact_dominated	True	False	none
F0102	without_block_gate	ambiguous	activation	stress	identifiable	E0	E0_artifact_dominated	True	False	outcome
F0103	without_block_gate	ambiguous	activation	stress	identifiable	E0	E0_artifact_dominated	True	False	reversal
F0104	without_block_gate	ambiguous	activation	stress	identifiable	E0	E0_artifact_dominated	True	False	rescue
F0105	without_block_gate	ambiguous	activation	stress	identifiable	E0	E0_artifact_dominated	True	False	replication
F0106	without_block_gate	ambiguous	activation	stress	ambiguous	E0	E0_artifact_dominated	True	False	none
F0107	without_block_gate	ambiguous	activation	stress	ambiguous	E0	E0_artifact_dominated	True	False	outcome
F0108	without_block_gate	ambiguous	activation	stress	ambiguous	E0	E0_artifact_dominated	True	False	reversal
F0109	without_block_gate	ambiguous	activation	stress	ambiguous	E0	E0_artifact_dominated	True	False	rescue
F0110	without_block_gate	ambiguous	activation	stress	ambiguous	E0	E0_artifact_dominated	True	False	replication
F0111	without_block_gate	ambiguous	activation	stress	ambiguous	E0	E0_artifact_dominated	True	False	none
F0112	without_block_gate	ambiguous	activation	stress	ambiguous	E0	E0_artifact_dominated	True	False	outcome
F0113	without_block_gate	ambiguous	activation	stress	ambiguous	E0	E0_artifact_dominated	True	False	reversal
F0114	without_block_gate	ambiguous	activation	stress	ambiguous	E0	E0_artifact_dominated	True	False	rescue
F0115	without_block_gate	ambiguous	activation	stress	ambiguous	E0	E0_artifact_dominated	True	False	replication
F0116	without_block_gate	ambiguous	activation	stress	ambiguous	E0	E0_artifact_dominated	True	False	none
F0117	without_block_gate	ambiguous	activation	stress	ambiguous	E0	E0_artifact_dominated	True	False	outcome
F0118	without_block_gate	ambiguous	activation	stress	ambiguous	E0	E0_artifact_dominated	True	False	reversal
F0119	without_block_gate	ambiguous	activation	stress	ambiguous	E0	E0_artifact_dominated	True	False	rescue
F0120	without_block_gate	ambiguous	activation	stress	ambiguous	E0	E0_artifact_dominated	True	False	replication
F0121	without_block_gate	ambiguous	activation	none	not_identifiable	E0	E0_not_identifiable	True	False	none
F0122	without_block_gate	ambiguous	activation	stress	not_identifiable	E0	E0_not_identifiable	True	False	outcome
F0123	without_block_gate	ambiguous	activation	none	not_identifiable	E0	E0_not_identifiable	True	False	reversal
F0124	without_block_gate	ambiguous	activation	none	not_identifiable	E0	E0_not_identifiable	True	False	rescue
F0125	without_block_gate	ambiguous	activation	none	not_identifiable	E0	E0_not_identifiable	True	False	replication
F0126	without_block_gate	ambiguous	activation	stress	not_identifiable	E0	E0_not_identifiable	True	False	none
F0127	without_block_gate	ambiguous	activation	none	not_identifiable	E0	E0_not_identifiable	True	False	outcome
F0128	without_block_gate	ambiguous	activation	stress	not_identifiable	E0	E0_not_identifiable	True	False	reversal
F0129	without_block_gate	ambiguous	activation	none	not_identifiable	E0	E0_not_identifiable	True	False	rescue
F0130	without_block_gate	ambiguous	activation	stress	not_identifiable	E0	E0_not_identifiable	True	False	replication
F0131	without_block_gate	ambiguous	activation	stress	not_identifiable	E0	E0_not_identifiable	True	False	none
F0132	without_block_gate	ambiguous	activation	stress	not_identifiable	E0	E0_not_identifiable	True	False	outcome
F0133	without_block_gate	ambiguous	activation	none	not_identifiable	E0	E0_not_identifiable	True	False	reversal
F0134	without_block_gate	ambiguous	activation	stress	not_identifiable	E0	E0_not_identifiable	True	False	rescue
F0135	without_block_gate	ambiguous	activation	stress	not_identifiable	E0	E0_not_identifiable	True	False	replication
F0136	without_block_gate	ambiguous	suppression	none	ambiguous	E1		True	False	none
F0137	without_block_gate	ambiguous	suppression	none	ambiguous	E1		True	False	outcome
F0138	without_block_gate	ambiguous	suppression	none	ambiguous	E1		True	False	reversal
F0139	without_block_gate	ambiguous	suppression	none	ambiguous	E1		True	False	rescue
F0140	without_block_gate	ambiguous	suppression	none	ambiguous	E1		True	False	replication
F0141	without_block_gate	ambiguous	suppression	none	ambiguous	E1		True	False	none
F0142	without_block_gate	ambiguous	suppression	none	ambiguous	E1		True	False	outcome
F0143	without_block_gate	ambiguous	suppression	none	ambiguous	E1		True	False	reversal
F0144	without_block_gate	ambiguous	suppression	none	ambiguous	E1		True	False	rescue
F0145	without_block_gate	ambiguous	suppression	none	ambiguous	E1		True	False	replication
F0146	without_block_gate	ambiguous	suppression	none	ambiguous	E1		True	False	none
F0147	without_block_gate	ambiguous	suppression	none	ambiguous	E1		True	False	outcome
F0148	without_block_gate	ambiguous	suppression	none	ambiguous	E1		True	False	reversal
F0149	without_block_gate	ambiguous	suppression	none	ambiguous	E1		True	False	rescue
F0150	without_block_gate	suppression	suppression	none	identifiable	E2		False	False	replication
F0151	without_block_gate	ambiguous	suppression	none	ambiguous	E1		True	False	none
F0152	without_block_gate	ambiguous	suppression	none	ambiguous	E1		True	False	outcome
F0153	without_block_gate	ambiguous	suppression	none	ambiguous	E1		True	False	reversal
F0154	without_block_gate	ambiguous	suppression	none	ambiguous	E1		True	False	rescue
F0155	without_block_gate	ambiguous	suppression	none	ambiguous	E1		True	False	replication
F0156	without_block_gate	ambiguous	suppression	none	ambiguous	E1		True	False	none
F0157	without_block_gate	ambiguous	suppression	none	ambiguous	E1		True	False	outcome
F0158	without_block_gate	ambiguous	suppression	none	ambiguous	E1		True	False	reversal
F0159	without_block_gate	ambiguous	suppression	none	ambiguous	E1		True	False	rescue
F0160	without_block_gate	ambiguous	suppression	none	ambiguous	E1		True	False	replication
F0161	without_block_gate	ambiguous	suppression	none	ambiguous	E1		True	False	none
F0162	without_block_gate	ambiguous	suppression	none	ambiguous	E1		True	False	outcome
F0163	without_block_gate	ambiguous	suppression	none	ambiguous	E1		True	False	reversal
F0164	without_block_gate	ambiguous	suppression	none	ambiguous	E1		True	False	rescue
F0165	without_block_gate	ambiguous	suppression	none	ambiguous	E1		True	False	replication
F0166	without_block_gate	ambiguous	suppression	none	not_identifiable	E0	E0_not_identifiable	True	False	none
F0167	without_block_gate	ambiguous	suppression	none	not_identifiable	E0	E0_not_identifiable	True	False	outcome
F0168	without_block_gate	ambiguous	suppression	none	not_identifiable	E0	E0_not_identifiable	True	False	reversal
F0169	without_block_gate	ambiguous	suppression	none	not_identifiable	E0	E0_not_identifiable	True	False	rescue
F0170	without_block_gate	ambiguous	suppression	none	not_identifiable	E0	E0_not_identifiable	True	False	replication
F0171	without_block_gate	ambiguous	suppression	none	not_identifiable	E0	E0_not_identifiable	True	False	none
F0172	without_block_gate	ambiguous	suppression	none	not_identifiable	E0	E0_not_identifiable	True	False	outcome
F0173	without_block_gate	ambiguous	suppression	none	not_identifiable	E0	E0_not_identifiable	True	False	reversal
F0174	without_block_gate	ambiguous	suppression	none	not_identifiable	E0	E0_not_identifiable	True	False	rescue
F0175	without_block_gate	ambiguous	suppression	none	not_identifiable	E0	E0_not_identifiable	True	False	replication
F0176	without_block_gate	ambiguous	suppression	none	not_identifiable	E0	E0_not_identifiable	True	False	none
F0177	without_block_gate	ambiguous	suppression	none	not_identifiable	E0	E0_not_identifiable	True	False	outcome
F0178	without_block_gate	ambiguous	suppression	none	not_identifiable	E0	E0_not_identifiable	True	False	reversal
F0179	without_block_gate	ambiguous	suppression	none	not_identifiable	E0	E0_not_identifiable	True	False	rescue
F0180	without_block_gate	ambiguous	suppression	none	not_identifiable	E0	E0_not_identifiable	True	False	replication
F0181	without_block_gate	ambiguous	suppression	composition	ambiguous	E0	E0_artifact_dominated	True	False	none
F0182	without_block_gate	ambiguous	suppression	composition	ambiguous	E0	E0_artifact_dominated	True	False	outcome
F0183	without_block_gate	ambiguous	suppression	composition	ambiguous	E0	E0_artifact_dominated	True	False	reversal
F0184	without_block_gate	ambiguous	suppression	composition	ambiguous	E0	E0_artifact_dominated	True	False	rescue
F0185	without_block_gate	ambiguous	suppression	composition	ambiguous	E0	E0_artifact_dominated	True	False	replication
F0186	without_block_gate	ambiguous	suppression	composition	ambiguous	E0	E0_artifact_dominated	True	False	none
F0187	without_block_gate	ambiguous	persistent_loss	composition	ambiguous	E0	E0_artifact_dominated	True	False	outcome
F0188	without_block_gate	ambiguous	suppression	composition	ambiguous	E0	E0_artifact_dominated	True	False	reversal
F0189	without_block_gate	ambiguous	suppression	composition	ambiguous	E0	E0_artifact_dominated	True	False	rescue
F0190	without_block_gate	ambiguous	suppression	composition	ambiguous	E0	E0_artifact_dominated	True	False	replication
F0191	without_block_gate	ambiguous	suppression	composition	ambiguous	E0	E0_artifact_dominated	True	False	none
F0192	without_block_gate	ambiguous	suppression	composition	ambiguous	E0	E0_artifact_dominated	True	False	outcome
F0193	without_block_gate	ambiguous	suppression	composition	ambiguous	E0	E0_artifact_dominated	True	False	reversal
F0194	without_block_gate	ambiguous	persistent_loss	composition	ambiguous	E0	E0_artifact_dominated	True	False	rescue
F0195	without_block_gate	ambiguous	suppression	composition	ambiguous	E0	E0_artifact_dominated	True	False	replication
F0196	without_block_gate	ambiguous	persistent_loss	composition	ambiguous	E0	E0_artifact_dominated	True	False	none
F0197	without_block_gate	ambiguous	persistent_loss	composition	ambiguous	E0	E0_artifact_dominated	True	False	outcome
F0198	without_block_gate	ambiguous	persistent_loss	composition	ambiguous	E0	E0_artifact_dominated	True	False	reversal
F0199	without_block_gate	ambiguous	persistent_loss	composition	ambiguous	E0	E0_artifact_dominated	True	False	rescue
F0200	without_block_gate	ambiguous	suppression	composition	ambiguous	E0	E0_artifact_dominated	True	False	replication
F0201	without_block_gate	ambiguous	persistent_loss	composition	ambiguous	E0	E0_artifact_dominated	True	False	none
F0202	without_block_gate	ambiguous	suppression	composition	ambiguous	E0	E0_artifact_dominated	True	False	outcome
F0203	without_block_gate	ambiguous	suppression	composition	ambiguous	E0	E0_artifact_dominated	True	False	reversal
F0204	without_block_gate	ambiguous	persistent_loss	composition	ambiguous	E0	E0_artifact_dominated	True	False	rescue
F0205	without_block_gate	ambiguous	suppression	composition	ambiguous	E0	E0_artifact_dominated	True	False	replication
F0206	without_block_gate	ambiguous	suppression	composition	ambiguous	E0	E0_artifact_dominated	True	False	none
F0207	without_block_gate	ambiguous	suppression	composition	ambiguous	E0	E0_artifact_dominated	True	False	outcome
F0208	without_block_gate	ambiguous	suppression	composition	ambiguous	E0	E0_artifact_dominated	True	False	reversal
F0209	without_block_gate	ambiguous	suppression	composition	ambiguous	E0	E0_artifact_dominated	True	False	rescue
F0210	without_block_gate	ambiguous	suppression	composition	ambiguous	E0	E0_artifact_dominated	True	False	replication
F0211	without_block_gate	ambiguous	redirection	composition	not_identifiable	E0	E0_not_identifiable	True	False	none
F0212	without_block_gate	ambiguous	persistent_loss	composition	not_identifiable	E0	E0_not_identifiable	True	False	outcome
F0213	without_block_gate	ambiguous	redirection	composition	not_identifiable	E0	E0_not_identifiable	True	False	reversal
F0214	without_block_gate	ambiguous	suppression	composition	not_identifiable	E0	E0_not_identifiable	True	False	rescue
F0215	without_block_gate	ambiguous	suppression	composition	not_identifiable	E0	E0_not_identifiable	True	False	replication
F0216	without_block_gate	ambiguous	persistent_loss	composition	not_identifiable	E0	E0_not_identifiable	True	False	none
F0217	without_block_gate	ambiguous	persistent_loss	composition	not_identifiable	E0	E0_not_identifiable	True	False	outcome
F0218	without_block_gate	ambiguous	suppression	composition	not_identifiable	E0	E0_not_identifiable	True	False	reversal
F0219	without_block_gate	ambiguous	delay	composition	not_identifiable	E0	E0_not_identifiable	True	False	rescue
F0220	without_block_gate	ambiguous	suppression	composition	not_identifiable	E0	E0_not_identifiable	True	False	replication
F0221	without_block_gate	ambiguous	persistent_loss	composition	not_identifiable	E0	E0_not_identifiable	True	False	none
F0222	without_block_gate	ambiguous	suppression	composition	not_identifiable	E0	E0_not_identifiable	True	False	outcome
F0223	without_block_gate	ambiguous	persistent_loss	composition	not_identifiable	E0	E0_not_identifiable	True	False	reversal
F0224	without_block_gate	ambiguous	suppression	composition	not_identifiable	E0	E0_not_identifiable	True	False	rescue
F0225	without_block_gate	ambiguous	suppression	composition	not_identifiable	E0	E0_not_identifiable	True	False	replication
F0226	without_block_gate	ambiguous	persistent_loss	stress	ambiguous	E0	E0_artifact_dominated	True	False	none
F0227	without_block_gate	ambiguous	persistent_loss	stress	identifiable	E0	E0_artifact_dominated	True	False	outcome
F0228	without_block_gate	ambiguous	persistent_loss	stress	identifiable	E0	E0_artifact_dominated	True	False	reversal
F0229	without_block_gate	ambiguous	persistent_loss	stress	identifiable	E0	E0_artifact_dominated	True	False	rescue
F0230	without_block_gate	ambiguous	persistent_loss	stress	identifiable	E0	E0_artifact_dominated	True	False	replication
F0231	without_block_gate	ambiguous	persistent_loss	stress	identifiable	E0	E0_artifact_dominated	True	False	none
F0232	without_block_gate	ambiguous	persistent_loss	stress	ambiguous	E0	E0_artifact_dominated	True	False	outcome
F0233	without_block_gate	ambiguous	persistent_loss	stress	identifiable	E0	E0_artifact_dominated	True	False	reversal
F0234	without_block_gate	ambiguous	persistent_loss	stress	identifiable	E0	E0_artifact_dominated	True	False	rescue
F0235	without_block_gate	ambiguous	persistent_loss	stress	identifiable	E0	E0_artifact_dominated	True	False	replication
F0236	without_block_gate	ambiguous	persistent_loss	stress	identifiable	E0	E0_artifact_dominated	True	False	none
F0237	without_block_gate	ambiguous	persistent_loss	stress	identifiable	E0	E0_artifact_dominated	True	False	outcome
F0238	without_block_gate	ambiguous	persistent_loss	stress	identifiable	E0	E0_artifact_dominated	True	False	reversal
F0239	without_block_gate	ambiguous	persistent_loss	stress	identifiable	E0	E0_artifact_dominated	True	False	rescue
F0240	without_block_gate	ambiguous	persistent_loss	stress	identifiable	E0	E0_artifact_dominated	True	False	replication
F0241	without_block_gate	ambiguous	persistent_loss	stress	ambiguous	E0	E0_artifact_dominated	True	False	none
F0242	without_block_gate	ambiguous	persistent_loss	stress	ambiguous	E0	E0_artifact_dominated	True	False	outcome
F0243	without_block_gate	ambiguous	persistent_loss	stress	ambiguous	E0	E0_artifact_dominated	True	False	reversal
F0244	without_block_gate	ambiguous	persistent_loss	stress	ambiguous	E0	E0_artifact_dominated	True	False	rescue
F0245	without_block_gate	ambiguous	persistent_loss	stress	ambiguous	E0	E0_artifact_dominated	True	False	replication
F0246	without_block_gate	ambiguous	persistent_loss	stress	ambiguous	E0	E0_artifact_dominated	True	False	none
F0247	without_block_gate	ambiguous	persistent_loss	stress	ambiguous	E0	E0_artifact_dominated	True	False	outcome
F0248	without_block_gate	ambiguous	persistent_loss	stress	ambiguous	E0	E0_artifact_dominated	True	False	reversal
F0249	without_block_gate	ambiguous	persistent_loss	stress	ambiguous	E0	E0_artifact_dominated	True	False	rescue
F0250	without_block_gate	ambiguous	persistent_loss	stress	ambiguous	E0	E0_artifact_dominated	True	False	replication
F0251	without_block_gate	ambiguous	persistent_loss	stress	ambiguous	E0	E0_artifact_dominated	True	False	none
F0252	without_block_gate	ambiguous	persistent_loss	stress	ambiguous	E0	E0_artifact_dominated	True	False	outcome
F0253	without_block_gate	ambiguous	persistent_loss	stress	ambiguous	E0	E0_artifact_dominated	True	False	reversal
F0254	without_block_gate	ambiguous	persistent_loss	stress	ambiguous	E0	E0_artifact_dominated	True	False	rescue
F0255	without_block_gate	ambiguous	persistent_loss	stress	ambiguous	E0	E0_artifact_dominated	True	False	replication
F0256	without_block_gate	ambiguous	suppression	none	not_identifiable	E0	E0_not_identifiable	True	False	none
F0257	without_block_gate	ambiguous	persistent_loss	stress	not_identifiable	E0	E0_not_identifiable	True	False	outcome
F0258	without_block_gate	ambiguous	persistent_loss	none	not_identifiable	E0	E0_not_identifiable	True	False	reversal
F0259	without_block_gate	ambiguous	redirection	stress	not_identifiable	E0	E0_not_identifiable	True	False	rescue
F0260	without_block_gate	ambiguous	persistent_loss	none	not_identifiable	E0	E0_not_identifiable	True	False	replication
F0261	without_block_gate	ambiguous	suppression	stress	not_identifiable	E0	E0_not_identifiable	True	False	none
F0262	without_block_gate	ambiguous	persistent_loss	stress	not_identifiable	E0	E0_not_identifiable	True	False	outcome
F0263	without_block_gate	ambiguous	persistent_loss	none	not_identifiable	E0	E0_not_identifiable	True	False	reversal
F0264	without_block_gate	ambiguous	persistent_loss	none	not_identifiable	E0	E0_not_identifiable	True	False	rescue
F0265	without_block_gate	ambiguous	persistent_loss	none	not_identifiable	E0	E0_not_identifiable	True	False	replication
F0266	without_block_gate	ambiguous	redirection	stress	not_identifiable	E0	E0_not_identifiable	True	False	none
F0267	without_block_gate	ambiguous	persistent_loss	stress	not_identifiable	E0	E0_not_identifiable	True	False	outcome
F0268	without_block_gate	ambiguous	persistent_loss	stress	not_identifiable	E0	E0_not_identifiable	True	False	reversal
F0269	without_block_gate	ambiguous	persistent_loss	stress	not_identifiable	E0	E0_not_identifiable	True	False	rescue
F0270	without_block_gate	ambiguous	persistent_loss	stress	not_identifiable	E0	E0_not_identifiable	True	False	replication
F0271	without_block_gate	delay	delay	none	identifiable	E1		False	False	none
F0272	without_block_gate	delay	delay	none	identifiable	E1		False	False	outcome
F0273	without_block_gate	delay	delay	none	identifiable	E1		False	False	reversal
F0274	without_block_gate	delay	delay	none	identifiable	E1		False	False	rescue
F0275	without_block_gate	delay	delay	none	identifiable	E1		False	False	replication
F0276	without_block_gate	delay	delay	none	identifiable	E1		False	False	none
F0277	without_block_gate	delay	delay	none	identifiable	E1		False	False	outcome
F0278	without_block_gate	delay	delay	none	identifiable	E1		False	False	reversal
F0279	without_block_gate	delay	delay	none	identifiable	E1		False	False	rescue
F0280	without_block_gate	delay	delay	none	identifiable	E1		False	False	replication
F0281	without_block_gate	delay	delay	none	identifiable	E2		False	False	none
F0282	without_block_gate	delay	delay	none	identifiable	E2		False	False	outcome
F0283	without_block_gate	delay	delay	none	identifiable	E2		False	False	reversal
F0284	without_block_gate	delay	delay	none	identifiable	E2		False	False	rescue
F0285	without_block_gate	delay	delay	none	identifiable	E2		False	False	replication
F0286	without_block_gate	ambiguous	delay	none	ambiguous	E1		True	False	none
F0287	without_block_gate	ambiguous	delay	none	ambiguous	E1		True	False	outcome
F0288	without_block_gate	ambiguous	delay	none	ambiguous	E1		True	False	reversal
F0289	without_block_gate	delay	delay	none	identifiable	E1		False	False	rescue
F0290	without_block_gate	ambiguous	delay	none	ambiguous	E1		True	False	replication
F0291	without_block_gate	ambiguous	delay	none	ambiguous	E1		True	False	none
F0292	without_block_gate	ambiguous	delay	none	ambiguous	E1		True	False	outcome
F0293	without_block_gate	ambiguous	delay	none	ambiguous	E1		True	False	reversal
F0294	without_block_gate	ambiguous	delay	none	ambiguous	E1		True	False	rescue
F0295	without_block_gate	ambiguous	delay	none	ambiguous	E1		True	False	replication
F0296	without_block_gate	ambiguous	delay	none	ambiguous	E1		True	False	none
F0297	without_block_gate	ambiguous	delay	none	ambiguous	E1		True	False	outcome
F0298	without_block_gate	ambiguous	delay	none	ambiguous	E1		True	False	reversal
F0299	without_block_gate	ambiguous	delay	none	ambiguous	E1		True	False	rescue
F0300	without_block_gate	ambiguous	delay	none	ambiguous	E1		True	False	replication
F0301	without_block_gate	ambiguous	delay	none	not_identifiable	E0	E0_not_identifiable	True	False	none
F0302	without_block_gate	ambiguous	delay	none	not_identifiable	E0	E0_not_identifiable	True	False	outcome
F0303	without_block_gate	ambiguous	delay	none	not_identifiable	E0	E0_not_identifiable	True	False	reversal
F0304	without_block_gate	ambiguous	delay	none	not_identifiable	E0	E0_not_identifiable	True	False	rescue
F0305	without_block_gate	ambiguous	delay	none	not_identifiable	E0	E0_not_identifiable	True	False	replication
F0306	without_block_gate	ambiguous	delay	none	not_identifiable	E0	E0_not_identifiable	True	False	none
F0307	without_block_gate	ambiguous	delay	none	not_identifiable	E0	E0_not_identifiable	True	False	outcome
F0308	without_block_gate	ambiguous	delay	none	not_identifiable	E0	E0_not_identifiable	True	False	reversal
F0309	without_block_gate	ambiguous	delay	none	not_identifiable	E0	E0_not_identifiable	True	False	rescue
F0310	without_block_gate	ambiguous	delay	none	not_identifiable	E0	E0_not_identifiable	True	False	replication
F0311	without_block_gate	ambiguous	delay	none	not_identifiable	E0	E0_not_identifiable	True	False	none
F0312	without_block_gate	ambiguous	delay	none	not_identifiable	E0	E0_not_identifiable	True	False	outcome
F0313	without_block_gate	ambiguous	delay	none	not_identifiable	E0	E0_not_identifiable	True	False	reversal
F0314	without_block_gate	ambiguous	delay	none	not_identifiable	E0	E0_not_identifiable	True	False	rescue
F0315	without_block_gate	ambiguous	delay	none	not_identifiable	E0	E0_not_identifiable	True	False	replication
F0316	without_block_gate	ambiguous	delay	composition	identifiable	E0	E0_artifact_dominated	True	False	none
F0317	without_block_gate	ambiguous	delay	composition	identifiable	E0	E0_artifact_dominated	True	False	outcome
F0318	without_block_gate	ambiguous	delay	composition	identifiable	E0	E0_artifact_dominated	True	False	reversal
F0319	without_block_gate	ambiguous	delay	composition	identifiable	E0	E0_artifact_dominated	True	False	rescue
F0320	without_block_gate	ambiguous	delay	composition	identifiable	E0	E0_artifact_dominated	True	False	replication
F0321	without_block_gate	ambiguous	delay	composition	identifiable	E0	E0_artifact_dominated	True	False	none
F0322	without_block_gate	ambiguous	delay	composition	identifiable	E0	E0_artifact_dominated	True	False	outcome
F0323	without_block_gate	ambiguous	delay	composition	identifiable	E0	E0_artifact_dominated	True	False	reversal
F0324	without_block_gate	ambiguous	delay	composition	identifiable	E0	E0_artifact_dominated	True	False	rescue
F0325	without_block_gate	ambiguous	delay	composition	identifiable	E0	E0_artifact_dominated	True	False	replication
F0326	without_block_gate	ambiguous	delay	composition	identifiable	E0	E0_artifact_dominated	True	False	none
F0327	without_block_gate	ambiguous	delay	composition	identifiable	E0	E0_artifact_dominated	True	False	outcome
F0328	without_block_gate	ambiguous	delay	composition	identifiable	E0	E0_artifact_dominated	True	False	reversal
F0329	without_block_gate	ambiguous	delay	composition	identifiable	E0	E0_artifact_dominated	True	False	rescue
F0330	without_block_gate	ambiguous	delay	composition	identifiable	E0	E0_artifact_dominated	True	False	replication
F0331	without_block_gate	ambiguous	delay	composition	ambiguous	E0	E0_artifact_dominated	True	False	none
F0332	without_block_gate	ambiguous	delay	composition	ambiguous	E0	E0_artifact_dominated	True	False	outcome
F0333	without_block_gate	ambiguous	delay	composition	ambiguous	E0	E0_artifact_dominated	True	False	reversal
F0334	without_block_gate	ambiguous	delay	composition	ambiguous	E0	E0_artifact_dominated	True	False	rescue
F0335	without_block_gate	ambiguous	delay	composition	ambiguous	E0	E0_artifact_dominated	True	False	replication
F0336	without_block_gate	ambiguous	delay	composition	ambiguous	E0	E0_artifact_dominated	True	False	none
F0337	without_block_gate	ambiguous	delay	composition	ambiguous	E0	E0_artifact_dominated	True	False	outcome
F0338	without_block_gate	ambiguous	delay	composition	ambiguous	E0	E0_artifact_dominated	True	False	reversal
F0339	without_block_gate	ambiguous	delay	composition	ambiguous	E0	E0_artifact_dominated	True	False	rescue
F0340	without_block_gate	ambiguous	delay	composition	ambiguous	E0	E0_artifact_dominated	True	False	replication
F0341	without_block_gate	ambiguous	delay	composition	ambiguous	E0	E0_artifact_dominated	True	False	none
F0342	without_block_gate	ambiguous	delay	composition	ambiguous	E0	E0_artifact_dominated	True	False	outcome
F0343	without_block_gate	ambiguous	delay	composition	ambiguous	E0	E0_artifact_dominated	True	False	reversal
F0344	without_block_gate	ambiguous	delay	composition	ambiguous	E0	E0_artifact_dominated	True	False	rescue
F0345	without_block_gate	ambiguous	delay	composition	ambiguous	E0	E0_artifact_dominated	True	False	replication
F0346	without_block_gate	ambiguous	delay	composition	not_identifiable	E0	E0_not_identifiable	True	False	none
F0347	without_block_gate	ambiguous	delay	composition	not_identifiable	E0	E0_not_identifiable	True	False	outcome
F0348	without_block_gate	ambiguous	delay	composition	not_identifiable	E0	E0_not_identifiable	True	False	reversal
F0349	without_block_gate	ambiguous	delay	composition	not_identifiable	E0	E0_not_identifiable	True	False	rescue
F0350	without_block_gate	ambiguous	activation	composition	not_identifiable	E0	E0_not_identifiable	True	False	replication
F0351	without_block_gate	ambiguous	activation	composition	not_identifiable	E0	E0_not_identifiable	True	False	none
F0352	without_block_gate	ambiguous	activation	composition	not_identifiable	E0	E0_not_identifiable	True	False	outcome
F0353	without_block_gate	ambiguous	delay	composition	not_identifiable	E0	E0_not_identifiable	True	False	reversal
F0354	without_block_gate	ambiguous	delay	composition	not_identifiable	E0	E0_not_identifiable	True	False	rescue
F0355	without_block_gate	ambiguous	delay	composition	not_identifiable	E0	E0_not_identifiable	True	False	replication
F0356	without_block_gate	ambiguous	delay	composition	not_identifiable	E0	E0_not_identifiable	True	False	none
F0357	without_block_gate	ambiguous	activation	composition	not_identifiable	E0	E0_not_identifiable	True	False	outcome
F0358	without_block_gate	ambiguous	delay	composition	not_identifiable	E0	E0_not_identifiable	True	False	reversal
F0359	without_block_gate	ambiguous	activation	composition	not_identifiable	E0	E0_not_identifiable	True	False	rescue
F0360	without_block_gate	ambiguous	delay	composition	not_identifiable	E0	E0_not_identifiable	True	False	replication
F0361	without_block_gate	ambiguous	delay	stress	identifiable	E0	E0_artifact_dominated	True	False	none
F0362	without_block_gate	ambiguous	delay	stress	identifiable	E0	E0_artifact_dominated	True	False	outcome
F0363	without_block_gate	ambiguous	delay	stress	identifiable	E0	E0_artifact_dominated	True	False	reversal
F0364	without_block_gate	ambiguous	delay	stress	identifiable	E0	E0_artifact_dominated	True	False	rescue
F0365	without_block_gate	ambiguous	delay	stress	identifiable	E0	E0_artifact_dominated	True	False	replication
F0366	without_block_gate	ambiguous	delay	stress	identifiable	E0	E0_artifact_dominated	True	False	none
F0367	without_block_gate	ambiguous	delay	stress	identifiable	E0	E0_artifact_dominated	True	False	outcome
F0368	without_block_gate	ambiguous	delay	stress	identifiable	E0	E0_artifact_dominated	True	False	reversal
F0369	without_block_gate	ambiguous	delay	stress	identifiable	E0	E0_artifact_dominated	True	False	rescue
F0370	without_block_gate	ambiguous	delay	stress	identifiable	E0	E0_artifact_dominated	True	False	replication
F0371	without_block_gate	ambiguous	delay	stress	identifiable	E0	E0_artifact_dominated	True	False	none
F0372	without_block_gate	ambiguous	delay	stress	identifiable	E0	E0_artifact_dominated	True	False	outcome
F0373	without_block_gate	ambiguous	delay	stress	identifiable	E0	E0_artifact_dominated	True	False	reversal
F0374	without_block_gate	ambiguous	delay	stress	identifiable	E0	E0_artifact_dominated	True	False	rescue
F0375	without_block_gate	ambiguous	delay	stress	identifiable	E0	E0_artifact_dominated	True	False	replication
F0376	without_block_gate	ambiguous	delay	stress	ambiguous	E0	E0_artifact_dominated	True	False	none
F0377	without_block_gate	ambiguous	delay	stress	ambiguous	E0	E0_artifact_dominated	True	False	outcome
F0378	without_block_gate	ambiguous	delay	stress	ambiguous	E0	E0_artifact_dominated	True	False	reversal
F0379	without_block_gate	ambiguous	delay	stress	ambiguous	E0	E0_artifact_dominated	True	False	rescue
F0380	without_block_gate	ambiguous	delay	stress	ambiguous	E0	E0_artifact_dominated	True	False	replication
F0381	without_block_gate	ambiguous	delay	stress	ambiguous	E0	E0_artifact_dominated	True	False	none
F0382	without_block_gate	ambiguous	delay	stress	ambiguous	E0	E0_artifact_dominated	True	False	outcome
F0383	without_block_gate	ambiguous	delay	stress	ambiguous	E0	E0_artifact_dominated	True	False	reversal
F0384	without_block_gate	ambiguous	delay	stress	ambiguous	E0	E0_artifact_dominated	True	False	rescue
F0385	without_block_gate	ambiguous	delay	stress	ambiguous	E0	E0_artifact_dominated	True	False	replication
F0386	without_block_gate	ambiguous	delay	stress	ambiguous	E0	E0_artifact_dominated	True	False	none
F0387	without_block_gate	ambiguous	delay	stress	ambiguous	E0	E0_artifact_dominated	True	False	outcome
F0388	without_block_gate	ambiguous	delay	stress	ambiguous	E0	E0_artifact_dominated	True	False	reversal
F0389	without_block_gate	ambiguous	delay	stress	ambiguous	E0	E0_artifact_dominated	True	False	rescue
F0390	without_block_gate	ambiguous	delay	stress	ambiguous	E0	E0_artifact_dominated	True	False	replication
F0391	without_block_gate	ambiguous	activation	stress	not_identifiable	E0	E0_not_identifiable	True	False	none
F0392	without_block_gate	ambiguous	delay	none	not_identifiable	E0	E0_not_identifiable	True	False	outcome
F0393	without_block_gate	ambiguous	redirection	stress	not_identifiable	E0	E0_not_identifiable	True	False	reversal
F0394	without_block_gate	ambiguous	redirection	stress	not_identifiable	E0	E0_not_identifiable	True	False	rescue
F0395	without_block_gate	ambiguous	delay	stress	not_identifiable	E0	E0_not_identifiable	True	False	replication
F0396	without_block_gate	ambiguous	redirection	stress	not_identifiable	E0	E0_not_identifiable	True	False	none
F0397	without_block_gate	ambiguous	delay	stress	not_identifiable	E0	E0_not_identifiable	True	False	outcome
F0398	without_block_gate	ambiguous	delay	stress	not_identifiable	E0	E0_not_identifiable	True	False	reversal
F0399	without_block_gate	ambiguous	delay	stress	not_identifiable	E0	E0_not_identifiable	True	False	rescue
F0400	without_block_gate	ambiguous	delay	stress	not_identifiable	E0	E0_not_identifiable	True	False	replication
F0401	without_block_gate	ambiguous	delay	stress	not_identifiable	E0	E0_not_identifiable	True	False	none
F0402	without_block_gate	ambiguous	delay	stress	not_identifiable	E0	E0_not_identifiable	True	False	outcome
F0403	without_block_gate	ambiguous	persistent_loss	stress	not_identifiable	E0	E0_not_identifiable	True	False	reversal
F0404	without_block_gate	ambiguous	delay	stress	not_identifiable	E0	E0_not_identifiable	True	False	rescue
F0405	without_block_gate	ambiguous	delay	stress	not_identifiable	E0	E0_not_identifiable	True	False	replication
F0406	without_block_gate	ambiguous	persistent_loss	none	ambiguous	E1		True	False	none
F0407	without_block_gate	persistent_loss	persistent_loss	none	identifiable	E1		False	False	outcome
F0408	without_block_gate	ambiguous	persistent_loss	none	ambiguous	E1		True	False	reversal
F0409	without_block_gate	ambiguous	persistent_loss	none	ambiguous	E1		True	False	rescue
F0410	without_block_gate	ambiguous	persistent_loss	none	ambiguous	E1		True	False	replication
F0411	without_block_gate	ambiguous	persistent_loss	none	ambiguous	E1		True	False	none
F0412	without_block_gate	ambiguous	persistent_loss	none	ambiguous	E1		True	False	outcome
F0413	without_block_gate	ambiguous	persistent_loss	none	ambiguous	E1		True	False	reversal
F0414	without_block_gate	ambiguous	persistent_loss	none	ambiguous	E1		True	False	rescue
F0415	without_block_gate	ambiguous	persistent_loss	none	ambiguous	E1		True	False	replication
F0416	without_block_gate	ambiguous	persistent_loss	none	ambiguous	E1		True	False	none
F0417	without_block_gate	ambiguous	persistent_loss	none	ambiguous	E1		True	False	outcome
F0418	without_block_gate	ambiguous	persistent_loss	none	ambiguous	E1		True	False	reversal
F0419	without_block_gate	persistent_loss	persistent_loss	none	identifiable	E2		False	False	rescue
F0420	without_block_gate	ambiguous	persistent_loss	none	ambiguous	E1		True	False	replication
F0421	without_block_gate	ambiguous	persistent_loss	none	ambiguous	E1		True	False	none
F0422	without_block_gate	ambiguous	persistent_loss	none	ambiguous	E1		True	False	outcome
F0423	without_block_gate	ambiguous	persistent_loss	none	ambiguous	E1		True	False	reversal
F0424	without_block_gate	ambiguous	persistent_loss	none	ambiguous	E1		True	False	rescue
F0425	without_block_gate	ambiguous	persistent_loss	none	ambiguous	E1		True	False	replication
F0426	without_block_gate	ambiguous	persistent_loss	none	ambiguous	E1		True	False	none
F0427	without_block_gate	ambiguous	persistent_loss	none	ambiguous	E1		True	False	outcome
F0428	without_block_gate	ambiguous	persistent_loss	none	ambiguous	E1		True	False	reversal
F0429	without_block_gate	ambiguous	persistent_loss	none	ambiguous	E1		True	False	rescue
F0430	without_block_gate	ambiguous	persistent_loss	none	ambiguous	E1		True	False	replication
F0431	without_block_gate	ambiguous	persistent_loss	none	ambiguous	E1		True	False	none
F0432	without_block_gate	ambiguous	persistent_loss	none	ambiguous	E1		True	False	outcome
F0433	without_block_gate	ambiguous	persistent_loss	none	ambiguous	E1		True	False	reversal
F0434	without_block_gate	ambiguous	persistent_loss	none	ambiguous	E1		True	False	rescue
F0435	without_block_gate	ambiguous	persistent_loss	none	ambiguous	E1		True	False	replication
F0436	without_block_gate	ambiguous	persistent_loss	none	not_identifiable	E0	E0_not_identifiable	True	False	none
F0437	without_block_gate	ambiguous	delay	none	not_identifiable	E0	E0_not_identifiable	True	False	outcome
F0438	without_block_gate	ambiguous	persistent_loss	none	not_identifiable	E0	E0_not_identifiable	True	False	reversal
F0439	without_block_gate	ambiguous	redirection	none	not_identifiable	E0	E0_not_identifiable	True	False	rescue
F0440	without_block_gate	ambiguous	persistent_loss	none	not_identifiable	E0	E0_not_identifiable	True	False	replication
F0441	without_block_gate	ambiguous	persistent_loss	none	not_identifiable	E0	E0_not_identifiable	True	False	none
F0442	without_block_gate	ambiguous	persistent_loss	none	not_identifiable	E0	E0_not_identifiable	True	False	outcome
F0443	without_block_gate	ambiguous	persistent_loss	none	not_identifiable	E0	E0_not_identifiable	True	False	reversal
F0444	without_block_gate	ambiguous	suppression	none	not_identifiable	E0	E0_not_identifiable	True	False	rescue
F0445	without_block_gate	ambiguous	persistent_loss	none	not_identifiable	E0	E0_not_identifiable	True	False	replication
F0446	without_block_gate	ambiguous	suppression	none	not_identifiable	E0	E0_not_identifiable	True	False	none
F0447	without_block_gate	ambiguous	suppression	none	not_identifiable	E0	E0_not_identifiable	True	False	outcome
F0448	without_block_gate	ambiguous	suppression	none	not_identifiable	E0	E0_not_identifiable	True	False	reversal
F0449	without_block_gate	ambiguous	persistent_loss	none	not_identifiable	E0	E0_not_identifiable	True	False	rescue
F0450	without_block_gate	ambiguous	persistent_loss	none	not_identifiable	E0	E0_not_identifiable	True	False	replication
F0451	without_block_gate	ambiguous	persistent_loss	composition	identifiable	E0	E0_artifact_dominated	True	False	none
F0452	without_block_gate	ambiguous	persistent_loss	composition	identifiable	E0	E0_artifact_dominated	True	False	outcome
F0453	without_block_gate	ambiguous	persistent_loss	composition	identifiable	E0	E0_artifact_dominated	True	False	reversal
F0454	without_block_gate	ambiguous	persistent_loss	composition	identifiable	E0	E0_artifact_dominated	True	False	rescue
F0455	without_block_gate	ambiguous	persistent_loss	composition	identifiable	E0	E0_artifact_dominated	True	False	replication
F0456	without_block_gate	ambiguous	persistent_loss	composition	identifiable	E0	E0_artifact_dominated	True	False	none
F0457	without_block_gate	ambiguous	persistent_loss	composition	identifiable	E0	E0_artifact_dominated	True	False	outcome
F0458	without_block_gate	ambiguous	persistent_loss	composition	identifiable	E0	E0_artifact_dominated	True	False	reversal
F0459	without_block_gate	ambiguous	persistent_loss	composition	identifiable	E0	E0_artifact_dominated	True	False	rescue
F0460	without_block_gate	ambiguous	persistent_loss	composition	identifiable	E0	E0_artifact_dominated	True	False	replication
F0461	without_block_gate	ambiguous	persistent_loss	composition	identifiable	E0	E0_artifact_dominated	True	False	none
F0462	without_block_gate	ambiguous	persistent_loss	composition	identifiable	E0	E0_artifact_dominated	True	False	outcome
F0463	without_block_gate	ambiguous	persistent_loss	composition	identifiable	E0	E0_artifact_dominated	True	False	reversal
F0464	without_block_gate	ambiguous	persistent_loss	composition	identifiable	E0	E0_artifact_dominated	True	False	rescue
F0465	without_block_gate	ambiguous	persistent_loss	composition	identifiable	E0	E0_artifact_dominated	True	False	replication
F0466	without_block_gate	ambiguous	persistent_loss	composition	ambiguous	E0	E0_artifact_dominated	True	False	none
F0467	without_block_gate	ambiguous	persistent_loss	composition	ambiguous	E0	E0_artifact_dominated	True	False	outcome
F0468	without_block_gate	ambiguous	persistent_loss	composition	ambiguous	E0	E0_artifact_dominated	True	False	reversal
F0469	without_block_gate	ambiguous	persistent_loss	composition	ambiguous	E0	E0_artifact_dominated	True	False	rescue
F0470	without_block_gate	ambiguous	persistent_loss	composition	ambiguous	E0	E0_artifact_dominated	True	False	replication
F0471	without_block_gate	ambiguous	persistent_loss	composition	ambiguous	E0	E0_artifact_dominated	True	False	none
F0472	without_block_gate	ambiguous	persistent_loss	composition	ambiguous	E0	E0_artifact_dominated	True	False	outcome
F0473	without_block_gate	ambiguous	persistent_loss	composition	ambiguous	E0	E0_artifact_dominated	True	False	reversal
F0474	without_block_gate	ambiguous	persistent_loss	composition	ambiguous	E0	E0_artifact_dominated	True	False	rescue
F0475	without_block_gate	ambiguous	persistent_loss	composition	ambiguous	E0	E0_artifact_dominated	True	False	replication
F0476	without_block_gate	ambiguous	persistent_loss	composition	ambiguous	E0	E0_artifact_dominated	True	False	none
F0477	without_block_gate	ambiguous	persistent_loss	composition	ambiguous	E0	E0_artifact_dominated	True	False	outcome
F0478	without_block_gate	ambiguous	persistent_loss	composition	ambiguous	E0	E0_artifact_dominated	True	False	reversal
F0479	without_block_gate	ambiguous	persistent_loss	composition	ambiguous	E0	E0_artifact_dominated	True	False	rescue
F0480	without_block_gate	ambiguous	persistent_loss	composition	ambiguous	E0	E0_artifact_dominated	True	False	replication
F0481	without_block_gate	ambiguous	persistent_loss	composition	not_identifiable	E0	E0_not_identifiable	True	False	none
F0482	without_block_gate	ambiguous	redirection	composition	not_identifiable	E0	E0_not_identifiable	True	False	outcome
F0483	without_block_gate	ambiguous	persistent_loss	composition	not_identifiable	E0	E0_not_identifiable	True	False	reversal
F0484	without_block_gate	ambiguous	persistent_loss	composition	not_identifiable	E0	E0_not_identifiable	True	False	rescue
F0485	without_block_gate	ambiguous	persistent_loss	composition	not_identifiable	E0	E0_not_identifiable	True	False	replication
F0486	without_block_gate	ambiguous	redirection	composition	not_identifiable	E0	E0_not_identifiable	True	False	none
F0487	without_block_gate	ambiguous	persistent_loss	composition	not_identifiable	E0	E0_not_identifiable	True	False	outcome
F0488	without_block_gate	ambiguous	persistent_loss	composition	not_identifiable	E0	E0_not_identifiable	True	False	reversal
F0489	without_block_gate	ambiguous	persistent_loss	composition	not_identifiable	E0	E0_not_identifiable	True	False	rescue
F0490	without_block_gate	ambiguous	persistent_loss	composition	not_identifiable	E0	E0_not_identifiable	True	False	replication
F0491	without_block_gate	ambiguous	persistent_loss	composition	not_identifiable	E0	E0_not_identifiable	True	False	none
F0492	without_block_gate	ambiguous	persistent_loss	composition	not_identifiable	E0	E0_not_identifiable	True	False	outcome
F0493	without_block_gate	ambiguous	persistent_loss	composition	not_identifiable	E0	E0_not_identifiable	True	False	reversal
F0494	without_block_gate	ambiguous	persistent_loss	composition	not_identifiable	E0	E0_not_identifiable	True	False	rescue
F0495	without_block_gate	ambiguous	persistent_loss	composition	not_identifiable	E0	E0_not_identifiable	True	False	replication
F0496	without_block_gate	ambiguous	persistent_loss	stress	identifiable	E0	E0_artifact_dominated	True	False	none
F0497	without_block_gate	ambiguous	persistent_loss	stress	identifiable	E0	E0_artifact_dominated	True	False	outcome
F0498	without_block_gate	ambiguous	persistent_loss	stress	identifiable	E0	E0_artifact_dominated	True	False	reversal
F0499	without_block_gate	ambiguous	persistent_loss	stress	ambiguous	E0	E0_artifact_dominated	True	False	rescue
F0500	without_block_gate	ambiguous	persistent_loss	stress	identifiable	E0	E0_artifact_dominated	True	False	replication
F0501	without_block_gate	ambiguous	persistent_loss	stress	identifiable	E0	E0_artifact_dominated	True	False	none
F0502	without_block_gate	ambiguous	persistent_loss	stress	identifiable	E0	E0_artifact_dominated	True	False	outcome
F0503	without_block_gate	ambiguous	persistent_loss	stress	identifiable	E0	E0_artifact_dominated	True	False	reversal
F0504	without_block_gate	ambiguous	persistent_loss	stress	identifiable	E0	E0_artifact_dominated	True	False	rescue
F0505	without_block_gate	ambiguous	persistent_loss	stress	identifiable	E0	E0_artifact_dominated	True	False	replication
F0506	without_block_gate	ambiguous	persistent_loss	stress	identifiable	E0	E0_artifact_dominated	True	False	none
F0507	without_block_gate	ambiguous	persistent_loss	stress	identifiable	E0	E0_artifact_dominated	True	False	outcome
F0508	without_block_gate	ambiguous	persistent_loss	stress	identifiable	E0	E0_artifact_dominated	True	False	reversal
F0509	without_block_gate	ambiguous	persistent_loss	stress	identifiable	E0	E0_artifact_dominated	True	False	rescue
F0510	without_block_gate	ambiguous	persistent_loss	stress	identifiable	E0	E0_artifact_dominated	True	False	replication
F0511	without_block_gate	ambiguous	redirection	stress	ambiguous	E0	E0_artifact_dominated	True	False	none
F0512	without_block_gate	ambiguous	redirection	stress	ambiguous	E0	E0_artifact_dominated	True	False	outcome
F0513	without_block_gate	ambiguous	redirection	stress	ambiguous	E0	E0_artifact_dominated	True	False	reversal
F0514	without_block_gate	ambiguous	persistent_loss	stress	ambiguous	E0	E0_artifact_dominated	True	False	rescue
F0515	without_block_gate	ambiguous	redirection	stress	ambiguous	E0	E0_artifact_dominated	True	False	replication
F0516	without_block_gate	ambiguous	persistent_loss	stress	ambiguous	E0	E0_artifact_dominated	True	False	none
F0517	without_block_gate	ambiguous	persistent_loss	stress	ambiguous	E0	E0_artifact_dominated	True	False	outcome
F0518	without_block_gate	ambiguous	persistent_loss	stress	ambiguous	E0	E0_artifact_dominated	True	False	reversal
F0519	without_block_gate	ambiguous	persistent_loss	stress	ambiguous	E0	E0_artifact_dominated	True	False	rescue
F0520	without_block_gate	ambiguous	persistent_loss	stress	ambiguous	E0	E0_artifact_dominated	True	False	replication
F0521	without_block_gate	ambiguous	persistent_loss	stress	ambiguous	E0	E0_artifact_dominated	True	False	none
F0522	without_block_gate	ambiguous	persistent_loss	stress	ambiguous	E0	E0_artifact_dominated	True	False	outcome
F0523	without_block_gate	ambiguous	persistent_loss	stress	ambiguous	E0	E0_artifact_dominated	True	False	reversal
F0524	without_block_gate	ambiguous	persistent_loss	stress	ambiguous	E0	E0_artifact_dominated	True	False	rescue
F0525	without_block_gate	ambiguous	persistent_loss	stress	ambiguous	E0	E0_artifact_dominated	True	False	replication
F0526	without_block_gate	ambiguous	persistent_loss	none	not_identifiable	E0	E0_not_identifiable	True	False	none
F0527	without_block_gate	ambiguous	activation	stress	not_identifiable	E0	E0_not_identifiable	True	False	outcome
F0528	without_block_gate	ambiguous	redirection	stress	not_identifiable	E0	E0_not_identifiable	True	False	reversal
F0529	without_block_gate	ambiguous	redirection	stress	not_identifiable	E0	E0_not_identifiable	True	False	rescue
F0530	without_block_gate	ambiguous	persistent_loss	none	not_identifiable	E0	E0_not_identifiable	True	False	replication
F0531	without_block_gate	ambiguous	persistent_loss	none	not_identifiable	E0	E0_not_identifiable	True	False	none
F0532	without_block_gate	ambiguous	persistent_loss	none	not_identifiable	E0	E0_not_identifiable	True	False	outcome
F0533	without_block_gate	ambiguous	persistent_loss	stress	not_identifiable	E0	E0_not_identifiable	True	False	reversal
F0534	without_block_gate	ambiguous	persistent_loss	none	not_identifiable	E0	E0_not_identifiable	True	False	rescue
F0535	without_block_gate	ambiguous	persistent_loss	none	not_identifiable	E0	E0_not_identifiable	True	False	replication
F0536	without_block_gate	ambiguous	persistent_loss	stress	not_identifiable	E0	E0_not_identifiable	True	False	none
F0537	without_block_gate	ambiguous	persistent_loss	stress	not_identifiable	E0	E0_not_identifiable	True	False	outcome
F0538	without_block_gate	ambiguous	persistent_loss	none	not_identifiable	E0	E0_not_identifiable	True	False	reversal
F0539	without_block_gate	ambiguous	redirection	stress	not_identifiable	E0	E0_not_identifiable	True	False	rescue
F0540	without_block_gate	ambiguous	persistent_loss	none	not_identifiable	E0	E0_not_identifiable	True	False	replication
F0541	without_block_gate	redirection	redirection	none	identifiable	E1		False	False	none
F0542	without_block_gate	redirection	redirection	none	identifiable	E1		False	False	outcome
F0543	without_block_gate	redirection	redirection	none	identifiable	E1		False	False	reversal
F0544	without_block_gate	redirection	redirection	none	identifiable	E1		False	False	rescue
F0545	without_block_gate	redirection	redirection	none	identifiable	E1		False	False	replication
F0546	without_block_gate	redirection	redirection	none	identifiable	E1		False	False	none
F0547	without_block_gate	redirection	redirection	none	identifiable	E1		False	False	outcome
F0548	without_block_gate	redirection	redirection	none	identifiable	E1		False	False	reversal
F0549	without_block_gate	redirection	redirection	none	identifiable	E1		False	False	rescue
F0550	without_block_gate	redirection	redirection	none	identifiable	E1		False	False	replication
F0551	without_block_gate	redirection	redirection	none	identifiable	E2		False	False	none
F0552	without_block_gate	redirection	redirection	none	identifiable	E2		False	False	outcome
F0553	without_block_gate	redirection	redirection	none	identifiable	E2		False	False	reversal
F0554	without_block_gate	redirection	redirection	none	identifiable	E2		False	False	rescue
F0555	without_block_gate	redirection	redirection	none	identifiable	E2		False	False	replication
F0556	without_block_gate	ambiguous	redirection	none	ambiguous	E1		True	False	none
F0557	without_block_gate	ambiguous	redirection	none	ambiguous	E1		True	False	outcome
F0558	without_block_gate	ambiguous	redirection	none	ambiguous	E1		True	False	reversal
F0559	without_block_gate	ambiguous	redirection	none	ambiguous	E1		True	False	rescue
F0560	without_block_gate	redirection	redirection	none	identifiable	E1		False	False	replication
F0561	without_block_gate	ambiguous	redirection	none	ambiguous	E1		True	False	none
F0562	without_block_gate	ambiguous	redirection	none	ambiguous	E1		True	False	outcome
F0563	without_block_gate	ambiguous	redirection	none	ambiguous	E1		True	False	reversal
F0564	without_block_gate	ambiguous	redirection	none	ambiguous	E1		True	False	rescue
F0565	without_block_gate	ambiguous	redirection	none	ambiguous	E1		True	False	replication
F0566	without_block_gate	ambiguous	redirection	none	ambiguous	E1		True	False	none
F0567	without_block_gate	ambiguous	redirection	none	ambiguous	E1		True	False	outcome
F0568	without_block_gate	ambiguous	redirection	none	ambiguous	E1		True	False	reversal
F0569	without_block_gate	ambiguous	redirection	none	ambiguous	E1		True	False	rescue
F0570	without_block_gate	ambiguous	redirection	none	ambiguous	E1		True	False	replication
F0571	without_block_gate	ambiguous	redirection	none	not_identifiable	E0	E0_not_identifiable	True	False	none
F0572	without_block_gate	ambiguous	redirection	none	not_identifiable	E0	E0_not_identifiable	True	False	outcome
F0573	without_block_gate	ambiguous	delay	none	not_identifiable	E0	E0_not_identifiable	True	False	reversal
F0574	without_block_gate	ambiguous	redirection	none	not_identifiable	E0	E0_not_identifiable	True	False	rescue
F0575	without_block_gate	ambiguous	redirection	none	not_identifiable	E0	E0_not_identifiable	True	False	replication
F0576	without_block_gate	ambiguous	redirection	none	not_identifiable	E0	E0_not_identifiable	True	False	none
F0577	without_block_gate	ambiguous	redirection	none	not_identifiable	E0	E0_not_identifiable	True	False	outcome
F0578	without_block_gate	ambiguous	redirection	none	not_identifiable	E0	E0_not_identifiable	True	False	reversal
F0579	without_block_gate	ambiguous	redirection	none	not_identifiable	E0	E0_not_identifiable	True	False	rescue
F0580	without_block_gate	ambiguous	redirection	none	not_identifiable	E0	E0_not_identifiable	True	False	replication
F0581	without_block_gate	ambiguous	redirection	none	not_identifiable	E0	E0_not_identifiable	True	False	none
F0582	without_block_gate	ambiguous	redirection	none	not_identifiable	E0	E0_not_identifiable	True	False	outcome
F0583	without_block_gate	ambiguous	redirection	none	not_identifiable	E0	E0_not_identifiable	True	False	reversal
F0584	without_block_gate	ambiguous	redirection	none	not_identifiable	E0	E0_not_identifiable	True	False	rescue
F0585	without_block_gate	ambiguous	redirection	none	not_identifiable	E0	E0_not_identifiable	True	False	replication
F0586	without_block_gate	ambiguous	redirection	composition	identifiable	E0	E0_artifact_dominated	True	False	none
F0587	without_block_gate	ambiguous	redirection	composition	identifiable	E0	E0_artifact_dominated	True	False	outcome
F0588	without_block_gate	ambiguous	redirection	composition	identifiable	E0	E0_artifact_dominated	True	False	reversal
F0589	without_block_gate	ambiguous	redirection	composition	identifiable	E0	E0_artifact_dominated	True	False	rescue
F0590	without_block_gate	ambiguous	redirection	composition	identifiable	E0	E0_artifact_dominated	True	False	replication
F0591	without_block_gate	ambiguous	redirection	composition	identifiable	E0	E0_artifact_dominated	True	False	none
F0592	without_block_gate	ambiguous	redirection	composition	identifiable	E0	E0_artifact_dominated	True	False	outcome
F0593	without_block_gate	ambiguous	redirection	composition	identifiable	E0	E0_artifact_dominated	True	False	reversal
F0594	without_block_gate	ambiguous	redirection	composition	identifiable	E0	E0_artifact_dominated	True	False	rescue
F0595	without_block_gate	ambiguous	redirection	composition	identifiable	E0	E0_artifact_dominated	True	False	replication
F0596	without_block_gate	ambiguous	redirection	composition	identifiable	E0	E0_artifact_dominated	True	False	none
F0597	without_block_gate	ambiguous	redirection	composition	identifiable	E0	E0_artifact_dominated	True	False	outcome
F0598	without_block_gate	ambiguous	redirection	composition	identifiable	E0	E0_artifact_dominated	True	False	reversal
F0599	without_block_gate	ambiguous	redirection	composition	identifiable	E0	E0_artifact_dominated	True	False	rescue
F0600	without_block_gate	ambiguous	redirection	composition	identifiable	E0	E0_artifact_dominated	True	False	replication
F0601	without_block_gate	ambiguous	redirection	composition	ambiguous	E0	E0_artifact_dominated	True	False	none
F0602	without_block_gate	ambiguous	redirection	composition	ambiguous	E0	E0_artifact_dominated	True	False	outcome
F0603	without_block_gate	ambiguous	redirection	composition	ambiguous	E0	E0_artifact_dominated	True	False	reversal
F0604	without_block_gate	ambiguous	redirection	composition	ambiguous	E0	E0_artifact_dominated	True	False	rescue
F0605	without_block_gate	ambiguous	redirection	composition	ambiguous	E0	E0_artifact_dominated	True	False	replication
F0606	without_block_gate	ambiguous	redirection	composition	ambiguous	E0	E0_artifact_dominated	True	False	none
F0607	without_block_gate	ambiguous	redirection	composition	ambiguous	E0	E0_artifact_dominated	True	False	outcome
F0608	without_block_gate	ambiguous	redirection	composition	ambiguous	E0	E0_artifact_dominated	True	False	reversal
F0609	without_block_gate	ambiguous	redirection	composition	ambiguous	E0	E0_artifact_dominated	True	False	rescue
F0610	without_block_gate	ambiguous	redirection	composition	ambiguous	E0	E0_artifact_dominated	True	False	replication
F0611	without_block_gate	ambiguous	redirection	composition	ambiguous	E0	E0_artifact_dominated	True	False	none
F0612	without_block_gate	ambiguous	redirection	composition	ambiguous	E0	E0_artifact_dominated	True	False	outcome
F0613	without_block_gate	ambiguous	redirection	composition	ambiguous	E0	E0_artifact_dominated	True	False	reversal
F0614	without_block_gate	ambiguous	redirection	composition	ambiguous	E0	E0_artifact_dominated	True	False	rescue
F0615	without_block_gate	ambiguous	redirection	composition	ambiguous	E0	E0_artifact_dominated	True	False	replication
F0616	without_block_gate	ambiguous	redirection	composition	not_identifiable	E0	E0_not_identifiable	True	False	none
F0617	without_block_gate	ambiguous	redirection	composition	not_identifiable	E0	E0_not_identifiable	True	False	outcome
F0618	without_block_gate	ambiguous	redirection	composition	not_identifiable	E0	E0_not_identifiable	True	False	reversal
F0619	without_block_gate	ambiguous	redirection	composition	not_identifiable	E0	E0_not_identifiable	True	False	rescue
F0620	without_block_gate	ambiguous	redirection	composition	not_identifiable	E0	E0_not_identifiable	True	False	replication
F0621	without_block_gate	ambiguous	redirection	composition	not_identifiable	E0	E0_not_identifiable	True	False	none
F0622	without_block_gate	ambiguous	redirection	composition	not_identifiable	E0	E0_not_identifiable	True	False	outcome
F0623	without_block_gate	ambiguous	redirection	composition	not_identifiable	E0	E0_not_identifiable	True	False	reversal
F0624	without_block_gate	ambiguous	redirection	composition	not_identifiable	E0	E0_not_identifiable	True	False	rescue
F0625	without_block_gate	ambiguous	redirection	composition	not_identifiable	E0	E0_not_identifiable	True	False	replication
F0626	without_block_gate	ambiguous	redirection	composition	not_identifiable	E0	E0_not_identifiable	True	False	none
F0627	without_block_gate	ambiguous	redirection	composition	not_identifiable	E0	E0_not_identifiable	True	False	outcome
F0628	without_block_gate	ambiguous	redirection	composition	not_identifiable	E0	E0_not_identifiable	True	False	reversal
F0629	without_block_gate	ambiguous	redirection	composition	not_identifiable	E0	E0_not_identifiable	True	False	rescue
F0630	without_block_gate	ambiguous	redirection	composition	not_identifiable	E0	E0_not_identifiable	True	False	replication
F0631	without_block_gate	ambiguous	redirection	stress	identifiable	E0	E0_artifact_dominated	True	False	none
F0632	without_block_gate	ambiguous	redirection	stress	identifiable	E0	E0_artifact_dominated	True	False	outcome
F0633	without_block_gate	ambiguous	redirection	stress	identifiable	E0	E0_artifact_dominated	True	False	reversal
F0634	without_block_gate	ambiguous	redirection	stress	identifiable	E0	E0_artifact_dominated	True	False	rescue
F0635	without_block_gate	ambiguous	redirection	stress	identifiable	E0	E0_artifact_dominated	True	False	replication
F0636	without_block_gate	ambiguous	redirection	stress	identifiable	E0	E0_artifact_dominated	True	False	none
F0637	without_block_gate	ambiguous	redirection	stress	identifiable	E0	E0_artifact_dominated	True	False	outcome
F0638	without_block_gate	redirection	redirection	none	identifiable	E1		False	False	reversal
F0639	without_block_gate	ambiguous	redirection	stress	identifiable	E0	E0_artifact_dominated	True	False	rescue
F0640	without_block_gate	ambiguous	redirection	stress	identifiable	E0	E0_artifact_dominated	True	False	replication
F0641	without_block_gate	ambiguous	redirection	stress	identifiable	E0	E0_artifact_dominated	True	False	none
F0642	without_block_gate	ambiguous	redirection	stress	identifiable	E0	E0_artifact_dominated	True	False	outcome
F0643	without_block_gate	ambiguous	redirection	stress	identifiable	E0	E0_artifact_dominated	True	False	reversal
F0644	without_block_gate	ambiguous	redirection	stress	identifiable	E0	E0_artifact_dominated	True	False	rescue
F0645	without_block_gate	ambiguous	redirection	stress	identifiable	E0	E0_artifact_dominated	True	False	replication
F0646	without_block_gate	ambiguous	redirection	none	ambiguous	E1		True	False	none
F0647	without_block_gate	ambiguous	redirection	none	ambiguous	E1		True	False	outcome
F0648	without_block_gate	ambiguous	redirection	none	ambiguous	E1		True	False	reversal
F0649	without_block_gate	ambiguous	redirection	none	ambiguous	E1		True	False	rescue
F0650	without_block_gate	ambiguous	redirection	none	ambiguous	E1		True	False	replication
F0651	without_block_gate	ambiguous	redirection	none	ambiguous	E1		True	False	none
F0652	without_block_gate	ambiguous	redirection	stress	ambiguous	E0	E0_artifact_dominated	True	False	outcome
F0653	without_block_gate	ambiguous	redirection	none	ambiguous	E1		True	False	reversal
F0654	without_block_gate	ambiguous	redirection	stress	ambiguous	E0	E0_artifact_dominated	True	False	rescue
F0655	without_block_gate	ambiguous	redirection	stress	ambiguous	E0	E0_artifact_dominated	True	False	replication
F0656	without_block_gate	ambiguous	redirection	stress	ambiguous	E0	E0_artifact_dominated	True	False	none
F0657	without_block_gate	ambiguous	redirection	none	ambiguous	E1		True	False	outcome
F0658	without_block_gate	ambiguous	redirection	stress	ambiguous	E0	E0_artifact_dominated	True	False	reversal
F0659	without_block_gate	ambiguous	redirection	none	ambiguous	E1		True	False	rescue
F0660	without_block_gate	ambiguous	redirection	stress	ambiguous	E0	E0_artifact_dominated	True	False	replication
F0661	without_block_gate	ambiguous	redirection	none	not_identifiable	E0	E0_not_identifiable	True	False	none
F0662	without_block_gate	ambiguous	redirection	none	not_identifiable	E0	E0_not_identifiable	True	False	outcome
F0663	without_block_gate	ambiguous	redirection	none	not_identifiable	E0	E0_not_identifiable	True	False	reversal
F0664	without_block_gate	ambiguous	redirection	none	not_identifiable	E0	E0_not_identifiable	True	False	rescue
F0665	without_block_gate	ambiguous	redirection	none	not_identifiable	E0	E0_not_identifiable	True	False	replication
F0666	without_block_gate	ambiguous	redirection	none	not_identifiable	E0	E0_not_identifiable	True	False	none
F0667	without_block_gate	ambiguous	redirection	none	not_identifiable	E0	E0_not_identifiable	True	False	outcome
F0668	without_block_gate	ambiguous	redirection	stress	not_identifiable	E0	E0_not_identifiable	True	False	reversal
F0669	without_block_gate	ambiguous	redirection	none	not_identifiable	E0	E0_not_identifiable	True	False	rescue
F0670	without_block_gate	ambiguous	redirection	stress	not_identifiable	E0	E0_not_identifiable	True	False	replication
F0671	without_block_gate	ambiguous	redirection	none	not_identifiable	E0	E0_not_identifiable	True	False	none
F0672	without_block_gate	ambiguous	redirection	none	not_identifiable	E0	E0_not_identifiable	True	False	outcome
F0673	without_block_gate	ambiguous	redirection	stress	not_identifiable	E0	E0_not_identifiable	True	False	reversal
F0674	without_block_gate	ambiguous	redirection	none	not_identifiable	E0	E0_not_identifiable	True	False	rescue
F0675	without_block_gate	ambiguous	redirection	none	not_identifiable	E0	E0_not_identifiable	True	False	replication
F0001	without_matched_state_adjustment	activation	activation	none	identifiable	E0	E0_not_estimable	False	False	none
F0002	without_matched_state_adjustment	activation	activation	none	identifiable	E0	E0_not_estimable	False	False	outcome
F0003	without_matched_state_adjustment	activation	activation	none	identifiable	E0	E0_not_estimable	False	False	reversal
F0004	without_matched_state_adjustment	activation	activation	none	identifiable	E0	E0_not_estimable	False	False	rescue
F0005	without_matched_state_adjustment	activation	activation	none	identifiable	E0	E0_not_estimable	False	False	replication
F0006	without_matched_state_adjustment	activation	activation	none	identifiable	E1		False	False	none
F0007	without_matched_state_adjustment	activation	activation	none	identifiable	E1		False	False	outcome
F0008	without_matched_state_adjustment	activation	activation	none	identifiable	E1		False	False	reversal
F0009	without_matched_state_adjustment	activation	activation	none	identifiable	E1		False	False	rescue
F0010	without_matched_state_adjustment	activation	activation	none	identifiable	E1		False	False	replication
F0011	without_matched_state_adjustment	activation	activation	none	identifiable	E2		False	False	none
F0012	without_matched_state_adjustment	activation	activation	none	identifiable	E2		False	False	outcome
F0013	without_matched_state_adjustment	activation	activation	none	identifiable	E2		False	False	reversal
F0014	without_matched_state_adjustment	activation	activation	none	identifiable	E2		False	False	rescue
F0015	without_matched_state_adjustment	activation	activation	none	identifiable	E2		False	False	replication
F0016	without_matched_state_adjustment	ambiguous	activation	none	ambiguous	E0	E0_not_estimable	True	False	none
F0017	without_matched_state_adjustment	ambiguous	activation	none	ambiguous	E0	E0_not_estimable	True	False	outcome
F0018	without_matched_state_adjustment	ambiguous	activation	none	ambiguous	E0	E0_not_estimable	True	False	reversal
F0019	without_matched_state_adjustment	ambiguous	activation	none	ambiguous	E0	E0_not_estimable	True	False	rescue
F0020	without_matched_state_adjustment	ambiguous	activation	none	ambiguous	E0	E0_not_estimable	True	False	replication
F0021	without_matched_state_adjustment	ambiguous	activation	none	ambiguous	E1		True	False	none
F0022	without_matched_state_adjustment	ambiguous	activation	none	ambiguous	E1		True	False	outcome
F0023	without_matched_state_adjustment	ambiguous	activation	none	ambiguous	E1		True	False	reversal
F0024	without_matched_state_adjustment	ambiguous	activation	none	ambiguous	E1		True	False	rescue
F0025	without_matched_state_adjustment	ambiguous	activation	none	ambiguous	E1		True	False	replication
F0026	without_matched_state_adjustment	ambiguous	activation	none	ambiguous	E1		True	False	none
F0027	without_matched_state_adjustment	ambiguous	activation	none	ambiguous	E1		True	False	outcome
F0028	without_matched_state_adjustment	ambiguous	activation	none	ambiguous	E1		True	False	reversal
F0029	without_matched_state_adjustment	ambiguous	activation	none	ambiguous	E1		True	False	rescue
F0030	without_matched_state_adjustment	ambiguous	activation	none	ambiguous	E1		True	False	replication
F0031	without_matched_state_adjustment	ambiguous	activation	none	not_identifiable	E0	E0_not_estimable	True	False	none
F0032	without_matched_state_adjustment	ambiguous	activation	none	not_identifiable	E0	E0_not_estimable	True	False	outcome
F0033	without_matched_state_adjustment	ambiguous	activation	none	not_identifiable	E0	E0_not_estimable	True	False	reversal
F0034	without_matched_state_adjustment	ambiguous	activation	none	not_identifiable	E0	E0_not_estimable	True	False	rescue
F0035	without_matched_state_adjustment	ambiguous	activation	none	not_identifiable	E0	E0_not_estimable	True	False	replication
F0036	without_matched_state_adjustment	ambiguous	activation	none	not_identifiable	E0	E0_not_identifiable	True	False	none
F0037	without_matched_state_adjustment	ambiguous	activation	none	not_identifiable	E0	E0_not_identifiable	True	False	outcome
F0038	without_matched_state_adjustment	ambiguous	activation	none	not_identifiable	E0	E0_not_identifiable	True	False	reversal
F0039	without_matched_state_adjustment	ambiguous	activation	none	not_identifiable	E0	E0_not_identifiable	True	False	rescue
F0040	without_matched_state_adjustment	ambiguous	activation	none	not_identifiable	E0	E0_not_identifiable	True	False	replication
F0041	without_matched_state_adjustment	ambiguous	activation	none	not_identifiable	E0	E0_not_identifiable	True	False	none
F0042	without_matched_state_adjustment	ambiguous	activation	none	not_identifiable	E0	E0_not_identifiable	True	False	outcome
F0043	without_matched_state_adjustment	ambiguous	activation	none	not_identifiable	E0	E0_not_identifiable	True	False	reversal
F0044	without_matched_state_adjustment	ambiguous	activation	none	not_identifiable	E0	E0_not_identifiable	True	False	rescue
F0045	without_matched_state_adjustment	ambiguous	activation	none	not_identifiable	E0	E0_not_identifiable	True	False	replication
F0046	without_matched_state_adjustment	activation	activation	none	identifiable	E0	E0_not_estimable	False	False	none
F0047	without_matched_state_adjustment	activation	activation	none	identifiable	E0	E0_not_estimable	False	False	outcome
F0048	without_matched_state_adjustment	activation	activation	none	identifiable	E0	E0_not_estimable	False	False	reversal
F0049	without_matched_state_adjustment	activation	activation	none	identifiable	E0	E0_not_estimable	False	False	rescue
F0050	without_matched_state_adjustment	activation	activation	none	identifiable	E0	E0_not_estimable	False	False	replication
F0051	without_matched_state_adjustment	activation	activation	none	identifiable	E1		False	False	none
F0052	without_matched_state_adjustment	activation	activation	none	identifiable	E1		False	False	outcome
F0053	without_matched_state_adjustment	activation	activation	none	identifiable	E1		False	False	reversal
F0054	without_matched_state_adjustment	activation	activation	none	identifiable	E1		False	False	rescue
F0055	without_matched_state_adjustment	activation	activation	none	identifiable	E1		False	False	replication
F0056	without_matched_state_adjustment	activation	activation	none	identifiable	E2		False	False	none
F0057	without_matched_state_adjustment	activation	activation	none	identifiable	E2		False	False	outcome
F0058	without_matched_state_adjustment	activation	activation	none	identifiable	E2		False	False	reversal
F0059	without_matched_state_adjustment	activation	activation	none	identifiable	E2		False	False	rescue
F0060	without_matched_state_adjustment	activation	activation	none	identifiable	E2		False	False	replication
F0061	without_matched_state_adjustment	ambiguous	activation	none	ambiguous	E0	E0_not_estimable	True	False	none
F0062	without_matched_state_adjustment	ambiguous	activation	none	ambiguous	E0	E0_not_estimable	True	False	outcome
F0063	without_matched_state_adjustment	ambiguous	activation	none	ambiguous	E0	E0_not_estimable	True	False	reversal
F0064	without_matched_state_adjustment	ambiguous	activation	none	ambiguous	E0	E0_not_estimable	True	False	rescue
F0065	without_matched_state_adjustment	ambiguous	activation	none	ambiguous	E0	E0_not_estimable	True	False	replication
F0066	without_matched_state_adjustment	ambiguous	activation	none	ambiguous	E1		True	False	none
F0067	without_matched_state_adjustment	ambiguous	activation	none	ambiguous	E1		True	False	outcome
F0068	without_matched_state_adjustment	ambiguous	activation	none	ambiguous	E1		True	False	reversal
F0069	without_matched_state_adjustment	ambiguous	activation	none	ambiguous	E1		True	False	rescue
F0070	without_matched_state_adjustment	ambiguous	activation	none	ambiguous	E1		True	False	replication
F0071	without_matched_state_adjustment	ambiguous	activation	none	ambiguous	E1		True	False	none
F0072	without_matched_state_adjustment	ambiguous	activation	none	ambiguous	E1		True	False	outcome
F0073	without_matched_state_adjustment	ambiguous	activation	none	ambiguous	E1		True	False	reversal
F0074	without_matched_state_adjustment	ambiguous	activation	none	ambiguous	E1		True	False	rescue
F0075	without_matched_state_adjustment	ambiguous	activation	none	ambiguous	E1		True	False	replication
F0076	without_matched_state_adjustment	ambiguous	activation	none	not_identifiable	E0	E0_not_estimable	True	False	none
F0077	without_matched_state_adjustment	ambiguous	activation	none	not_identifiable	E0	E0_not_estimable	True	False	outcome
F0078	without_matched_state_adjustment	ambiguous	activation	none	not_identifiable	E0	E0_not_estimable	True	False	reversal
F0079	without_matched_state_adjustment	ambiguous	activation	none	not_identifiable	E0	E0_not_estimable	True	False	rescue
F0080	without_matched_state_adjustment	ambiguous	activation	none	not_identifiable	E0	E0_not_estimable	True	False	replication
F0081	without_matched_state_adjustment	ambiguous	activation	none	not_identifiable	E0	E0_not_identifiable	True	False	none
F0082	without_matched_state_adjustment	ambiguous	activation	none	not_identifiable	E0	E0_not_identifiable	True	False	outcome
F0083	without_matched_state_adjustment	ambiguous	activation	none	not_identifiable	E0	E0_not_identifiable	True	False	reversal
F0084	without_matched_state_adjustment	ambiguous	activation	none	not_identifiable	E0	E0_not_identifiable	True	False	rescue
F0085	without_matched_state_adjustment	ambiguous	activation	none	not_identifiable	E0	E0_not_identifiable	True	False	replication
F0086	without_matched_state_adjustment	ambiguous	activation	none	not_identifiable	E0	E0_not_identifiable	True	False	none
F0087	without_matched_state_adjustment	ambiguous	activation	none	not_identifiable	E0	E0_not_identifiable	True	False	outcome
F0088	without_matched_state_adjustment	ambiguous	activation	none	not_identifiable	E0	E0_not_identifiable	True	False	reversal
F0089	without_matched_state_adjustment	ambiguous	activation	none	not_identifiable	E0	E0_not_identifiable	True	False	rescue
F0090	without_matched_state_adjustment	ambiguous	activation	none	not_identifiable	E0	E0_not_identifiable	True	False	replication
F0091	without_matched_state_adjustment	ambiguous	activation	stress	identifiable	E0	E0_not_estimable	True	False	none
F0092	without_matched_state_adjustment	ambiguous	activation	stress	identifiable	E0	E0_not_estimable	True	False	outcome
F0093	without_matched_state_adjustment	ambiguous	activation	stress	identifiable	E0	E0_not_estimable	True	False	reversal
F0094	without_matched_state_adjustment	ambiguous	activation	stress	identifiable	E0	E0_not_estimable	True	False	rescue
F0095	without_matched_state_adjustment	ambiguous	activation	stress	identifiable	E0	E0_not_estimable	True	False	replication
F0096	without_matched_state_adjustment	ambiguous	activation	stress	identifiable	E0	E0_artifact_dominated	True	False	none
F0097	without_matched_state_adjustment	ambiguous	activation	stress	identifiable	E0	E0_artifact_dominated	True	False	outcome
F0098	without_matched_state_adjustment	ambiguous	activation	stress	identifiable	E0	E0_artifact_dominated	True	False	reversal
F0099	without_matched_state_adjustment	ambiguous	activation	stress	identifiable	E0	E0_artifact_dominated	True	False	rescue
F0100	without_matched_state_adjustment	ambiguous	activation	stress	identifiable	E0	E0_artifact_dominated	True	False	replication
F0101	without_matched_state_adjustment	ambiguous	activation	stress	identifiable	E0	E0_artifact_dominated	True	False	none
F0102	without_matched_state_adjustment	ambiguous	activation	stress	identifiable	E0	E0_artifact_dominated	True	False	outcome
F0103	without_matched_state_adjustment	ambiguous	activation	stress	identifiable	E0	E0_artifact_dominated	True	False	reversal
F0104	without_matched_state_adjustment	ambiguous	activation	stress	identifiable	E0	E0_artifact_dominated	True	False	rescue
F0105	without_matched_state_adjustment	ambiguous	activation	stress	identifiable	E0	E0_artifact_dominated	True	False	replication
F0106	without_matched_state_adjustment	ambiguous	activation	stress	ambiguous	E0	E0_not_estimable	True	False	none
F0107	without_matched_state_adjustment	ambiguous	activation	stress	ambiguous	E0	E0_not_estimable	True	False	outcome
F0108	without_matched_state_adjustment	ambiguous	activation	stress	ambiguous	E0	E0_not_estimable	True	False	reversal
F0109	without_matched_state_adjustment	ambiguous	activation	stress	ambiguous	E0	E0_not_estimable	True	False	rescue
F0110	without_matched_state_adjustment	ambiguous	activation	stress	ambiguous	E0	E0_not_estimable	True	False	replication
F0111	without_matched_state_adjustment	ambiguous	activation	stress	ambiguous	E0	E0_artifact_dominated	True	False	none
F0112	without_matched_state_adjustment	ambiguous	activation	stress	ambiguous	E0	E0_artifact_dominated	True	False	outcome
F0113	without_matched_state_adjustment	ambiguous	activation	stress	ambiguous	E0	E0_artifact_dominated	True	False	reversal
F0114	without_matched_state_adjustment	ambiguous	activation	stress	ambiguous	E0	E0_artifact_dominated	True	False	rescue
F0115	without_matched_state_adjustment	ambiguous	activation	stress	ambiguous	E0	E0_artifact_dominated	True	False	replication
F0116	without_matched_state_adjustment	ambiguous	activation	stress	ambiguous	E0	E0_artifact_dominated	True	False	none
F0117	without_matched_state_adjustment	ambiguous	activation	stress	ambiguous	E0	E0_artifact_dominated	True	False	outcome
F0118	without_matched_state_adjustment	ambiguous	activation	stress	ambiguous	E0	E0_artifact_dominated	True	False	reversal
F0119	without_matched_state_adjustment	ambiguous	activation	stress	ambiguous	E0	E0_artifact_dominated	True	False	rescue
F0120	without_matched_state_adjustment	ambiguous	activation	stress	ambiguous	E0	E0_artifact_dominated	True	False	replication
F0121	without_matched_state_adjustment	ambiguous	activation	none	not_identifiable	E0	E0_not_estimable	True	False	none
F0122	without_matched_state_adjustment	ambiguous	activation	stress	not_identifiable	E0	E0_not_estimable	True	False	outcome
F0123	without_matched_state_adjustment	ambiguous	activation	none	not_identifiable	E0	E0_not_estimable	True	False	reversal
F0124	without_matched_state_adjustment	ambiguous	activation	none	not_identifiable	E0	E0_not_estimable	True	False	rescue
F0125	without_matched_state_adjustment	ambiguous	activation	none	not_identifiable	E0	E0_not_estimable	True	False	replication
F0126	without_matched_state_adjustment	ambiguous	activation	stress	not_identifiable	E0	E0_not_identifiable	True	False	none
F0127	without_matched_state_adjustment	ambiguous	activation	none	not_identifiable	E0	E0_not_identifiable	True	False	outcome
F0128	without_matched_state_adjustment	ambiguous	activation	stress	not_identifiable	E0	E0_not_identifiable	True	False	reversal
F0129	without_matched_state_adjustment	ambiguous	activation	none	not_identifiable	E0	E0_not_identifiable	True	False	rescue
F0130	without_matched_state_adjustment	ambiguous	activation	stress	not_identifiable	E0	E0_not_identifiable	True	False	replication
F0131	without_matched_state_adjustment	ambiguous	activation	stress	not_identifiable	E0	E0_not_identifiable	True	False	none
F0132	without_matched_state_adjustment	ambiguous	activation	stress	not_identifiable	E0	E0_not_identifiable	True	False	outcome
F0133	without_matched_state_adjustment	ambiguous	activation	none	not_identifiable	E0	E0_not_identifiable	True	False	reversal
F0134	without_matched_state_adjustment	ambiguous	activation	stress	not_identifiable	E0	E0_not_identifiable	True	False	rescue
F0135	without_matched_state_adjustment	ambiguous	activation	stress	not_identifiable	E0	E0_not_identifiable	True	False	replication
F0136	without_matched_state_adjustment	ambiguous	suppression	none	ambiguous	E0	E0_not_estimable	True	False	none
F0137	without_matched_state_adjustment	ambiguous	suppression	none	ambiguous	E0	E0_not_estimable	True	False	outcome
F0138	without_matched_state_adjustment	ambiguous	suppression	none	ambiguous	E0	E0_not_estimable	True	False	reversal
F0139	without_matched_state_adjustment	ambiguous	suppression	none	ambiguous	E0	E0_not_estimable	True	False	rescue
F0140	without_matched_state_adjustment	ambiguous	suppression	none	ambiguous	E0	E0_not_estimable	True	False	replication
F0141	without_matched_state_adjustment	ambiguous	suppression	none	ambiguous	E1		True	False	none
F0142	without_matched_state_adjustment	ambiguous	suppression	none	ambiguous	E1		True	False	outcome
F0143	without_matched_state_adjustment	ambiguous	suppression	none	ambiguous	E1		True	False	reversal
F0144	without_matched_state_adjustment	ambiguous	suppression	none	ambiguous	E1		True	False	rescue
F0145	without_matched_state_adjustment	ambiguous	suppression	none	ambiguous	E1		True	False	replication
F0146	without_matched_state_adjustment	ambiguous	suppression	none	ambiguous	E1		True	False	none
F0147	without_matched_state_adjustment	ambiguous	suppression	none	ambiguous	E1		True	False	outcome
F0148	without_matched_state_adjustment	ambiguous	suppression	none	ambiguous	E1		True	False	reversal
F0149	without_matched_state_adjustment	ambiguous	suppression	none	ambiguous	E1		True	False	rescue
F0150	without_matched_state_adjustment	suppression	suppression	none	identifiable	E2		False	False	replication
F0151	without_matched_state_adjustment	ambiguous	suppression	none	ambiguous	E0	E0_not_estimable	True	False	none
F0152	without_matched_state_adjustment	ambiguous	suppression	none	ambiguous	E0	E0_not_estimable	True	False	outcome
F0153	without_matched_state_adjustment	ambiguous	suppression	none	ambiguous	E0	E0_not_estimable	True	False	reversal
F0154	without_matched_state_adjustment	ambiguous	suppression	none	ambiguous	E0	E0_not_estimable	True	False	rescue
F0155	without_matched_state_adjustment	ambiguous	suppression	none	ambiguous	E0	E0_not_estimable	True	False	replication
F0156	without_matched_state_adjustment	ambiguous	suppression	none	ambiguous	E1		True	False	none
F0157	without_matched_state_adjustment	ambiguous	suppression	none	ambiguous	E1		True	False	outcome
F0158	without_matched_state_adjustment	ambiguous	suppression	none	ambiguous	E1		True	False	reversal
F0159	without_matched_state_adjustment	ambiguous	suppression	none	ambiguous	E1		True	False	rescue
F0160	without_matched_state_adjustment	ambiguous	suppression	none	ambiguous	E1		True	False	replication
F0161	without_matched_state_adjustment	ambiguous	suppression	none	ambiguous	E1		True	False	none
F0162	without_matched_state_adjustment	ambiguous	suppression	none	ambiguous	E1		True	False	outcome
F0163	without_matched_state_adjustment	ambiguous	suppression	none	ambiguous	E1		True	False	reversal
F0164	without_matched_state_adjustment	ambiguous	suppression	none	ambiguous	E1		True	False	rescue
F0165	without_matched_state_adjustment	ambiguous	suppression	none	ambiguous	E1		True	False	replication
F0166	without_matched_state_adjustment	ambiguous	suppression	none	not_identifiable	E0	E0_not_estimable	True	False	none
F0167	without_matched_state_adjustment	ambiguous	suppression	none	not_identifiable	E0	E0_not_estimable	True	False	outcome
F0168	without_matched_state_adjustment	ambiguous	suppression	none	not_identifiable	E0	E0_not_estimable	True	False	reversal
F0169	without_matched_state_adjustment	ambiguous	suppression	none	not_identifiable	E0	E0_not_estimable	True	False	rescue
F0170	without_matched_state_adjustment	ambiguous	suppression	none	not_identifiable	E0	E0_not_estimable	True	False	replication
F0171	without_matched_state_adjustment	ambiguous	suppression	none	not_identifiable	E0	E0_not_identifiable	True	False	none
F0172	without_matched_state_adjustment	ambiguous	suppression	none	not_identifiable	E0	E0_not_identifiable	True	False	outcome
F0173	without_matched_state_adjustment	ambiguous	suppression	none	not_identifiable	E0	E0_not_identifiable	True	False	reversal
F0174	without_matched_state_adjustment	ambiguous	suppression	none	not_identifiable	E0	E0_not_identifiable	True	False	rescue
F0175	without_matched_state_adjustment	ambiguous	suppression	none	not_identifiable	E0	E0_not_identifiable	True	False	replication
F0176	without_matched_state_adjustment	ambiguous	suppression	none	not_identifiable	E0	E0_not_identifiable	True	False	none
F0177	without_matched_state_adjustment	ambiguous	suppression	none	not_identifiable	E0	E0_not_identifiable	True	False	outcome
F0178	without_matched_state_adjustment	ambiguous	suppression	none	not_identifiable	E0	E0_not_identifiable	True	False	reversal
F0179	without_matched_state_adjustment	ambiguous	suppression	none	not_identifiable	E0	E0_not_identifiable	True	False	rescue
F0180	without_matched_state_adjustment	ambiguous	suppression	none	not_identifiable	E0	E0_not_identifiable	True	False	replication
F0181	without_matched_state_adjustment	ambiguous	suppression	none	ambiguous	E0	E0_not_estimable	True	False	none
F0182	without_matched_state_adjustment	ambiguous	suppression	none	ambiguous	E0	E0_not_estimable	True	False	outcome
F0183	without_matched_state_adjustment	ambiguous	suppression	none	ambiguous	E0	E0_not_estimable	True	False	reversal
F0184	without_matched_state_adjustment	ambiguous	suppression	none	ambiguous	E0	E0_not_estimable	True	False	rescue
F0185	without_matched_state_adjustment	ambiguous	suppression	none	ambiguous	E0	E0_not_estimable	True	False	replication
F0186	without_matched_state_adjustment	ambiguous	suppression	none	ambiguous	E1		True	False	none
F0187	without_matched_state_adjustment	ambiguous	persistent_loss	none	ambiguous	E1		True	False	outcome
F0188	without_matched_state_adjustment	ambiguous	suppression	none	ambiguous	E1		True	False	reversal
F0189	without_matched_state_adjustment	ambiguous	suppression	none	ambiguous	E1		True	False	rescue
F0190	without_matched_state_adjustment	ambiguous	suppression	none	ambiguous	E1		True	False	replication
F0191	without_matched_state_adjustment	ambiguous	suppression	none	ambiguous	E1		True	False	none
F0192	without_matched_state_adjustment	ambiguous	suppression	none	ambiguous	E1		True	False	outcome
F0193	without_matched_state_adjustment	ambiguous	suppression	none	ambiguous	E1		True	False	reversal
F0194	without_matched_state_adjustment	ambiguous	persistent_loss	none	ambiguous	E1		True	False	rescue
F0195	without_matched_state_adjustment	ambiguous	suppression	none	ambiguous	E1		True	False	replication
F0196	without_matched_state_adjustment	ambiguous	persistent_loss	none	ambiguous	E0	E0_not_estimable	True	False	none
F0197	without_matched_state_adjustment	ambiguous	persistent_loss	none	ambiguous	E0	E0_not_estimable	True	False	outcome
F0198	without_matched_state_adjustment	ambiguous	persistent_loss	none	ambiguous	E0	E0_not_estimable	True	False	reversal
F0199	without_matched_state_adjustment	ambiguous	persistent_loss	none	ambiguous	E0	E0_not_estimable	True	False	rescue
F0200	without_matched_state_adjustment	ambiguous	suppression	none	ambiguous	E0	E0_not_estimable	True	False	replication
F0201	without_matched_state_adjustment	ambiguous	persistent_loss	none	ambiguous	E1		True	False	none
F0202	without_matched_state_adjustment	ambiguous	suppression	none	ambiguous	E1		True	False	outcome
F0203	without_matched_state_adjustment	ambiguous	suppression	none	ambiguous	E0	E0_not_supported	True	False	reversal
F0204	without_matched_state_adjustment	ambiguous	persistent_loss	none	ambiguous	E1		True	False	rescue
F0205	without_matched_state_adjustment	ambiguous	suppression	none	ambiguous	E1		True	False	replication
F0206	without_matched_state_adjustment	ambiguous	suppression	none	ambiguous	E1		True	False	none
F0207	without_matched_state_adjustment	ambiguous	suppression	none	ambiguous	E1		True	False	outcome
F0208	without_matched_state_adjustment	ambiguous	suppression	none	ambiguous	E1		True	False	reversal
F0209	without_matched_state_adjustment	ambiguous	suppression	none	ambiguous	E1		True	False	rescue
F0210	without_matched_state_adjustment	ambiguous	suppression	none	ambiguous	E1		True	False	replication
F0211	without_matched_state_adjustment	ambiguous	redirection	none	not_identifiable	E0	E0_not_estimable	True	False	none
F0212	without_matched_state_adjustment	ambiguous	persistent_loss	none	not_identifiable	E0	E0_not_estimable	True	False	outcome
F0213	without_matched_state_adjustment	ambiguous	redirection	none	not_identifiable	E0	E0_not_estimable	True	False	reversal
F0214	without_matched_state_adjustment	ambiguous	suppression	none	not_identifiable	E0	E0_not_estimable	True	False	rescue
F0215	without_matched_state_adjustment	ambiguous	suppression	none	not_identifiable	E0	E0_not_estimable	True	False	replication
F0216	without_matched_state_adjustment	ambiguous	persistent_loss	none	not_identifiable	E0	E0_not_identifiable	True	False	none
F0217	without_matched_state_adjustment	ambiguous	persistent_loss	none	not_identifiable	E0	E0_not_identifiable	True	False	outcome
F0218	without_matched_state_adjustment	ambiguous	suppression	none	not_identifiable	E0	E0_not_identifiable	True	False	reversal
F0219	without_matched_state_adjustment	ambiguous	delay	none	not_identifiable	E0	E0_not_identifiable	True	False	rescue
F0220	without_matched_state_adjustment	ambiguous	suppression	none	not_identifiable	E0	E0_not_identifiable	True	False	replication
F0221	without_matched_state_adjustment	ambiguous	persistent_loss	none	not_identifiable	E0	E0_not_identifiable	True	False	none
F0222	without_matched_state_adjustment	ambiguous	suppression	none	not_identifiable	E0	E0_not_identifiable	True	False	outcome
F0223	without_matched_state_adjustment	ambiguous	persistent_loss	none	not_identifiable	E0	E0_not_identifiable	True	False	reversal
F0224	without_matched_state_adjustment	ambiguous	suppression	none	not_identifiable	E0	E0_not_identifiable	True	False	rescue
F0225	without_matched_state_adjustment	ambiguous	suppression	none	not_identifiable	E0	E0_not_identifiable	True	False	replication
F0226	without_matched_state_adjustment	ambiguous	persistent_loss	stress	ambiguous	E0	E0_not_estimable	True	False	none
F0227	without_matched_state_adjustment	ambiguous	persistent_loss	stress	identifiable	E0	E0_not_estimable	True	False	outcome
F0228	without_matched_state_adjustment	ambiguous	persistent_loss	stress	identifiable	E0	E0_not_estimable	True	False	reversal
F0229	without_matched_state_adjustment	ambiguous	persistent_loss	stress	identifiable	E0	E0_not_estimable	True	False	rescue
F0230	without_matched_state_adjustment	ambiguous	persistent_loss	stress	identifiable	E0	E0_not_estimable	True	False	replication
F0231	without_matched_state_adjustment	ambiguous	persistent_loss	stress	identifiable	E0	E0_artifact_dominated	True	False	none
F0232	without_matched_state_adjustment	ambiguous	persistent_loss	stress	ambiguous	E0	E0_artifact_dominated	True	False	outcome
F0233	without_matched_state_adjustment	ambiguous	persistent_loss	stress	identifiable	E0	E0_artifact_dominated	True	False	reversal
F0234	without_matched_state_adjustment	ambiguous	persistent_loss	stress	identifiable	E0	E0_artifact_dominated	True	False	rescue
F0235	without_matched_state_adjustment	ambiguous	persistent_loss	stress	identifiable	E0	E0_artifact_dominated	True	False	replication
F0236	without_matched_state_adjustment	ambiguous	persistent_loss	stress	identifiable	E0	E0_artifact_dominated	True	False	none
F0237	without_matched_state_adjustment	ambiguous	persistent_loss	stress	identifiable	E0	E0_artifact_dominated	True	False	outcome
F0238	without_matched_state_adjustment	ambiguous	persistent_loss	stress	identifiable	E0	E0_artifact_dominated	True	False	reversal
F0239	without_matched_state_adjustment	ambiguous	persistent_loss	stress	identifiable	E0	E0_artifact_dominated	True	False	rescue
F0240	without_matched_state_adjustment	ambiguous	persistent_loss	stress	identifiable	E0	E0_artifact_dominated	True	False	replication
F0241	without_matched_state_adjustment	ambiguous	persistent_loss	stress	ambiguous	E0	E0_not_estimable	True	False	none
F0242	without_matched_state_adjustment	ambiguous	persistent_loss	stress	ambiguous	E0	E0_not_estimable	True	False	outcome
F0243	without_matched_state_adjustment	ambiguous	persistent_loss	stress	ambiguous	E0	E0_not_estimable	True	False	reversal
F0244	without_matched_state_adjustment	ambiguous	persistent_loss	stress	ambiguous	E0	E0_not_estimable	True	False	rescue
F0245	without_matched_state_adjustment	ambiguous	persistent_loss	stress	ambiguous	E0	E0_not_estimable	True	False	replication
F0246	without_matched_state_adjustment	ambiguous	persistent_loss	stress	ambiguous	E0	E0_artifact_dominated	True	False	none
F0247	without_matched_state_adjustment	ambiguous	persistent_loss	stress	ambiguous	E0	E0_artifact_dominated	True	False	outcome
F0248	without_matched_state_adjustment	ambiguous	persistent_loss	stress	ambiguous	E0	E0_artifact_dominated	True	False	reversal
F0249	without_matched_state_adjustment	ambiguous	persistent_loss	stress	ambiguous	E0	E0_artifact_dominated	True	False	rescue
F0250	without_matched_state_adjustment	ambiguous	persistent_loss	stress	ambiguous	E0	E0_artifact_dominated	True	False	replication
F0251	without_matched_state_adjustment	ambiguous	persistent_loss	stress	ambiguous	E0	E0_artifact_dominated	True	False	none
F0252	without_matched_state_adjustment	ambiguous	persistent_loss	stress	ambiguous	E0	E0_artifact_dominated	True	False	outcome
F0253	without_matched_state_adjustment	ambiguous	persistent_loss	stress	ambiguous	E0	E0_artifact_dominated	True	False	reversal
F0254	without_matched_state_adjustment	ambiguous	persistent_loss	stress	ambiguous	E0	E0_artifact_dominated	True	False	rescue
F0255	without_matched_state_adjustment	ambiguous	persistent_loss	stress	ambiguous	E0	E0_artifact_dominated	True	False	replication
F0256	without_matched_state_adjustment	ambiguous	suppression	none	not_identifiable	E0	E0_not_estimable	True	False	none
F0257	without_matched_state_adjustment	ambiguous	persistent_loss	stress	not_identifiable	E0	E0_not_estimable	True	False	outcome
F0258	without_matched_state_adjustment	ambiguous	persistent_loss	none	not_identifiable	E0	E0_not_estimable	True	False	reversal
F0259	without_matched_state_adjustment	ambiguous	redirection	stress	not_identifiable	E0	E0_not_estimable	True	False	rescue
F0260	without_matched_state_adjustment	ambiguous	persistent_loss	none	not_identifiable	E0	E0_not_estimable	True	False	replication
F0261	without_matched_state_adjustment	ambiguous	suppression	stress	not_identifiable	E0	E0_not_identifiable	True	False	none
F0262	without_matched_state_adjustment	ambiguous	persistent_loss	stress	not_identifiable	E0	E0_not_identifiable	True	False	outcome
F0263	without_matched_state_adjustment	ambiguous	persistent_loss	none	not_identifiable	E0	E0_not_identifiable	True	False	reversal
F0264	without_matched_state_adjustment	ambiguous	persistent_loss	none	not_identifiable	E0	E0_not_identifiable	True	False	rescue
F0265	without_matched_state_adjustment	ambiguous	persistent_loss	none	not_identifiable	E0	E0_not_identifiable	True	False	replication
F0266	without_matched_state_adjustment	ambiguous	redirection	stress	not_identifiable	E0	E0_not_identifiable	True	False	none
F0267	without_matched_state_adjustment	ambiguous	persistent_loss	stress	not_identifiable	E0	E0_not_identifiable	True	False	outcome
F0268	without_matched_state_adjustment	ambiguous	persistent_loss	stress	not_identifiable	E0	E0_not_identifiable	True	False	reversal
F0269	without_matched_state_adjustment	ambiguous	persistent_loss	stress	not_identifiable	E0	E0_not_identifiable	True	False	rescue
F0270	without_matched_state_adjustment	ambiguous	persistent_loss	stress	not_identifiable	E0	E0_not_identifiable	True	False	replication
F0271	without_matched_state_adjustment	delay	delay	none	identifiable	E0	E0_not_estimable	False	False	none
F0272	without_matched_state_adjustment	delay	delay	none	identifiable	E0	E0_not_estimable	False	False	outcome
F0273	without_matched_state_adjustment	delay	delay	none	identifiable	E0	E0_not_estimable	False	False	reversal
F0274	without_matched_state_adjustment	delay	delay	none	identifiable	E0	E0_not_estimable	False	False	rescue
F0275	without_matched_state_adjustment	delay	delay	none	identifiable	E0	E0_not_estimable	False	False	replication
F0276	without_matched_state_adjustment	delay	delay	none	identifiable	E1		False	False	none
F0277	without_matched_state_adjustment	delay	delay	none	identifiable	E1		False	False	outcome
F0278	without_matched_state_adjustment	delay	delay	none	identifiable	E1		False	False	reversal
F0279	without_matched_state_adjustment	delay	delay	none	identifiable	E1		False	False	rescue
F0280	without_matched_state_adjustment	delay	delay	none	identifiable	E1		False	False	replication
F0281	without_matched_state_adjustment	delay	delay	none	identifiable	E2		False	False	none
F0282	without_matched_state_adjustment	delay	delay	none	identifiable	E2		False	False	outcome
F0283	without_matched_state_adjustment	delay	delay	none	identifiable	E2		False	False	reversal
F0284	without_matched_state_adjustment	delay	delay	none	identifiable	E2		False	False	rescue
F0285	without_matched_state_adjustment	delay	delay	none	identifiable	E2		False	False	replication
F0286	without_matched_state_adjustment	ambiguous	delay	none	ambiguous	E0	E0_not_estimable	True	False	none
F0287	without_matched_state_adjustment	ambiguous	delay	none	ambiguous	E0	E0_not_estimable	True	False	outcome
F0288	without_matched_state_adjustment	ambiguous	delay	none	ambiguous	E0	E0_not_estimable	True	False	reversal
F0289	without_matched_state_adjustment	delay	delay	none	identifiable	E0	E0_not_estimable	False	False	rescue
F0290	without_matched_state_adjustment	ambiguous	delay	none	ambiguous	E0	E0_not_estimable	True	False	replication
F0291	without_matched_state_adjustment	ambiguous	delay	none	ambiguous	E1		True	False	none
F0292	without_matched_state_adjustment	ambiguous	delay	none	ambiguous	E1		True	False	outcome
F0293	without_matched_state_adjustment	ambiguous	delay	none	ambiguous	E1		True	False	reversal
F0294	without_matched_state_adjustment	ambiguous	delay	none	ambiguous	E1		True	False	rescue
F0295	without_matched_state_adjustment	ambiguous	delay	none	ambiguous	E1		True	False	replication
F0296	without_matched_state_adjustment	ambiguous	delay	none	ambiguous	E1		True	False	none
F0297	without_matched_state_adjustment	ambiguous	delay	none	ambiguous	E1		True	False	outcome
F0298	without_matched_state_adjustment	ambiguous	delay	none	ambiguous	E1		True	False	reversal
F0299	without_matched_state_adjustment	ambiguous	delay	none	ambiguous	E1		True	False	rescue
F0300	without_matched_state_adjustment	ambiguous	delay	none	ambiguous	E1		True	False	replication
F0301	without_matched_state_adjustment	ambiguous	delay	none	not_identifiable	E0	E0_not_estimable	True	False	none
F0302	without_matched_state_adjustment	ambiguous	delay	none	not_identifiable	E0	E0_not_estimable	True	False	outcome
F0303	without_matched_state_adjustment	ambiguous	delay	none	not_identifiable	E0	E0_not_estimable	True	False	reversal
F0304	without_matched_state_adjustment	ambiguous	delay	none	not_identifiable	E0	E0_not_estimable	True	False	rescue
F0305	without_matched_state_adjustment	ambiguous	delay	none	not_identifiable	E0	E0_not_estimable	True	False	replication
F0306	without_matched_state_adjustment	ambiguous	delay	none	not_identifiable	E0	E0_not_identifiable	True	False	none
F0307	without_matched_state_adjustment	ambiguous	delay	none	not_identifiable	E0	E0_not_identifiable	True	False	outcome
F0308	without_matched_state_adjustment	ambiguous	delay	none	not_identifiable	E0	E0_not_identifiable	True	False	reversal
F0309	without_matched_state_adjustment	ambiguous	delay	none	not_identifiable	E0	E0_not_identifiable	True	False	rescue
F0310	without_matched_state_adjustment	ambiguous	delay	none	not_identifiable	E0	E0_not_identifiable	True	False	replication
F0311	without_matched_state_adjustment	ambiguous	delay	none	not_identifiable	E0	E0_not_identifiable	True	False	none
F0312	without_matched_state_adjustment	ambiguous	delay	none	not_identifiable	E0	E0_not_identifiable	True	False	outcome
F0313	without_matched_state_adjustment	ambiguous	delay	none	not_identifiable	E0	E0_not_identifiable	True	False	reversal
F0314	without_matched_state_adjustment	ambiguous	delay	none	not_identifiable	E0	E0_not_identifiable	True	False	rescue
F0315	without_matched_state_adjustment	ambiguous	delay	none	not_identifiable	E0	E0_not_identifiable	True	False	replication
F0316	without_matched_state_adjustment	delay	delay	none	identifiable	E0	E0_not_estimable	False	False	none
F0317	without_matched_state_adjustment	delay	delay	none	identifiable	E0	E0_not_estimable	False	False	outcome
F0318	without_matched_state_adjustment	delay	delay	none	identifiable	E0	E0_not_estimable	False	False	reversal
F0319	without_matched_state_adjustment	delay	delay	none	identifiable	E0	E0_not_estimable	False	False	rescue
F0320	without_matched_state_adjustment	delay	delay	none	identifiable	E0	E0_not_estimable	False	False	replication
F0321	without_matched_state_adjustment	delay	delay	none	identifiable	E1		False	False	none
F0322	without_matched_state_adjustment	delay	delay	none	identifiable	E1		False	False	outcome
F0323	without_matched_state_adjustment	delay	delay	none	identifiable	E1		False	False	reversal
F0324	without_matched_state_adjustment	delay	delay	none	identifiable	E1		False	False	rescue
F0325	without_matched_state_adjustment	delay	delay	none	identifiable	E1		False	False	replication
F0326	without_matched_state_adjustment	delay	delay	none	identifiable	E2		False	False	none
F0327	without_matched_state_adjustment	delay	delay	none	identifiable	E2		False	False	outcome
F0328	without_matched_state_adjustment	delay	delay	none	identifiable	E2		False	False	reversal
F0329	without_matched_state_adjustment	delay	delay	none	identifiable	E2		False	False	rescue
F0330	without_matched_state_adjustment	delay	delay	none	identifiable	E2		False	False	replication
F0331	without_matched_state_adjustment	ambiguous	delay	none	ambiguous	E0	E0_not_estimable	True	False	none
F0332	without_matched_state_adjustment	ambiguous	delay	none	ambiguous	E0	E0_not_estimable	True	False	outcome
F0333	without_matched_state_adjustment	ambiguous	delay	none	ambiguous	E0	E0_not_estimable	True	False	reversal
F0334	without_matched_state_adjustment	ambiguous	delay	none	ambiguous	E0	E0_not_estimable	True	False	rescue
F0335	without_matched_state_adjustment	ambiguous	delay	none	ambiguous	E0	E0_not_estimable	True	False	replication
F0336	without_matched_state_adjustment	ambiguous	delay	none	ambiguous	E1		True	False	none
F0337	without_matched_state_adjustment	ambiguous	delay	none	ambiguous	E1		True	False	outcome
F0338	without_matched_state_adjustment	ambiguous	delay	none	ambiguous	E1		True	False	reversal
F0339	without_matched_state_adjustment	ambiguous	delay	none	ambiguous	E1		True	False	rescue
F0340	without_matched_state_adjustment	ambiguous	delay	none	ambiguous	E1		True	False	replication
F0341	without_matched_state_adjustment	ambiguous	delay	none	ambiguous	E1		True	False	none
F0342	without_matched_state_adjustment	ambiguous	delay	none	ambiguous	E1		True	False	outcome
F0343	without_matched_state_adjustment	ambiguous	delay	none	ambiguous	E1		True	False	reversal
F0344	without_matched_state_adjustment	ambiguous	delay	none	ambiguous	E1		True	False	rescue
F0345	without_matched_state_adjustment	ambiguous	delay	none	ambiguous	E1		True	False	replication
F0346	without_matched_state_adjustment	ambiguous	delay	none	not_identifiable	E0	E0_not_estimable	True	False	none
F0347	without_matched_state_adjustment	ambiguous	delay	none	not_identifiable	E0	E0_not_estimable	True	False	outcome
F0348	without_matched_state_adjustment	ambiguous	delay	none	not_identifiable	E0	E0_not_estimable	True	False	reversal
F0349	without_matched_state_adjustment	ambiguous	delay	none	not_identifiable	E0	E0_not_estimable	True	False	rescue
F0350	without_matched_state_adjustment	ambiguous	activation	none	not_identifiable	E0	E0_not_estimable	True	False	replication
F0351	without_matched_state_adjustment	ambiguous	activation	none	not_identifiable	E0	E0_not_identifiable	True	False	none
F0352	without_matched_state_adjustment	ambiguous	activation	none	not_identifiable	E0	E0_not_identifiable	True	False	outcome
F0353	without_matched_state_adjustment	ambiguous	delay	none	not_identifiable	E0	E0_not_identifiable	True	False	reversal
F0354	without_matched_state_adjustment	ambiguous	delay	none	not_identifiable	E0	E0_not_identifiable	True	False	rescue
F0355	without_matched_state_adjustment	ambiguous	delay	none	not_identifiable	E0	E0_not_identifiable	True	False	replication
F0356	without_matched_state_adjustment	ambiguous	delay	none	not_identifiable	E0	E0_not_identifiable	True	False	none
F0357	without_matched_state_adjustment	ambiguous	activation	none	not_identifiable	E0	E0_not_identifiable	True	False	outcome
F0358	without_matched_state_adjustment	ambiguous	delay	none	not_identifiable	E0	E0_not_identifiable	True	False	reversal
F0359	without_matched_state_adjustment	ambiguous	activation	none	not_identifiable	E0	E0_not_identifiable	True	False	rescue
F0360	without_matched_state_adjustment	ambiguous	delay	none	not_identifiable	E0	E0_not_identifiable	True	False	replication
F0361	without_matched_state_adjustment	ambiguous	delay	stress	identifiable	E0	E0_not_estimable	True	False	none
F0362	without_matched_state_adjustment	ambiguous	delay	stress	identifiable	E0	E0_not_estimable	True	False	outcome
F0363	without_matched_state_adjustment	ambiguous	delay	stress	identifiable	E0	E0_not_estimable	True	False	reversal
F0364	without_matched_state_adjustment	ambiguous	delay	stress	identifiable	E0	E0_not_estimable	True	False	rescue
F0365	without_matched_state_adjustment	ambiguous	delay	stress	identifiable	E0	E0_not_estimable	True	False	replication
F0366	without_matched_state_adjustment	ambiguous	delay	stress	identifiable	E0	E0_artifact_dominated	True	False	none
F0367	without_matched_state_adjustment	ambiguous	delay	stress	identifiable	E0	E0_artifact_dominated	True	False	outcome
F0368	without_matched_state_adjustment	ambiguous	delay	stress	identifiable	E0	E0_artifact_dominated	True	False	reversal
F0369	without_matched_state_adjustment	ambiguous	delay	stress	identifiable	E0	E0_artifact_dominated	True	False	rescue
F0370	without_matched_state_adjustment	ambiguous	delay	stress	identifiable	E0	E0_artifact_dominated	True	False	replication
F0371	without_matched_state_adjustment	ambiguous	delay	stress	identifiable	E0	E0_artifact_dominated	True	False	none
F0372	without_matched_state_adjustment	ambiguous	delay	stress	identifiable	E0	E0_artifact_dominated	True	False	outcome
F0373	without_matched_state_adjustment	ambiguous	delay	stress	identifiable	E0	E0_artifact_dominated	True	False	reversal
F0374	without_matched_state_adjustment	ambiguous	delay	stress	identifiable	E0	E0_artifact_dominated	True	False	rescue
F0375	without_matched_state_adjustment	ambiguous	delay	stress	identifiable	E0	E0_artifact_dominated	True	False	replication
F0376	without_matched_state_adjustment	ambiguous	delay	stress	ambiguous	E0	E0_not_estimable	True	False	none
F0377	without_matched_state_adjustment	ambiguous	delay	stress	ambiguous	E0	E0_not_estimable	True	False	outcome
F0378	without_matched_state_adjustment	ambiguous	delay	stress	ambiguous	E0	E0_not_estimable	True	False	reversal
F0379	without_matched_state_adjustment	ambiguous	delay	stress	ambiguous	E0	E0_not_estimable	True	False	rescue
F0380	without_matched_state_adjustment	ambiguous	delay	stress	ambiguous	E0	E0_not_estimable	True	False	replication
F0381	without_matched_state_adjustment	ambiguous	delay	stress	ambiguous	E0	E0_artifact_dominated	True	False	none
F0382	without_matched_state_adjustment	ambiguous	delay	stress	ambiguous	E0	E0_artifact_dominated	True	False	outcome
F0383	without_matched_state_adjustment	ambiguous	delay	stress	ambiguous	E0	E0_artifact_dominated	True	False	reversal
F0384	without_matched_state_adjustment	ambiguous	delay	stress	ambiguous	E0	E0_artifact_dominated	True	False	rescue
F0385	without_matched_state_adjustment	ambiguous	delay	stress	ambiguous	E0	E0_artifact_dominated	True	False	replication
F0386	without_matched_state_adjustment	ambiguous	delay	stress	ambiguous	E0	E0_artifact_dominated	True	False	none
F0387	without_matched_state_adjustment	ambiguous	delay	stress	ambiguous	E0	E0_artifact_dominated	True	False	outcome
F0388	without_matched_state_adjustment	ambiguous	delay	stress	ambiguous	E0	E0_artifact_dominated	True	False	reversal
F0389	without_matched_state_adjustment	ambiguous	delay	stress	ambiguous	E0	E0_artifact_dominated	True	False	rescue
F0390	without_matched_state_adjustment	ambiguous	delay	stress	ambiguous	E0	E0_artifact_dominated	True	False	replication
F0391	without_matched_state_adjustment	ambiguous	activation	stress	not_identifiable	E0	E0_not_estimable	True	False	none
F0392	without_matched_state_adjustment	ambiguous	delay	none	not_identifiable	E0	E0_not_estimable	True	False	outcome
F0393	without_matched_state_adjustment	ambiguous	redirection	stress	not_identifiable	E0	E0_not_estimable	True	False	reversal
F0394	without_matched_state_adjustment	ambiguous	redirection	stress	not_identifiable	E0	E0_not_estimable	True	False	rescue
F0395	without_matched_state_adjustment	ambiguous	delay	stress	not_identifiable	E0	E0_not_estimable	True	False	replication
F0396	without_matched_state_adjustment	ambiguous	redirection	stress	not_identifiable	E0	E0_not_identifiable	True	False	none
F0397	without_matched_state_adjustment	ambiguous	delay	stress	not_identifiable	E0	E0_not_identifiable	True	False	outcome
F0398	without_matched_state_adjustment	ambiguous	delay	stress	not_identifiable	E0	E0_not_identifiable	True	False	reversal
F0399	without_matched_state_adjustment	ambiguous	delay	stress	not_identifiable	E0	E0_not_identifiable	True	False	rescue
F0400	without_matched_state_adjustment	ambiguous	delay	stress	not_identifiable	E0	E0_not_identifiable	True	False	replication
F0401	without_matched_state_adjustment	ambiguous	delay	stress	not_identifiable	E0	E0_not_identifiable	True	False	none
F0402	without_matched_state_adjustment	ambiguous	delay	stress	not_identifiable	E0	E0_not_identifiable	True	False	outcome
F0403	without_matched_state_adjustment	ambiguous	persistent_loss	stress	not_identifiable	E0	E0_not_identifiable	True	False	reversal
F0404	without_matched_state_adjustment	ambiguous	delay	stress	not_identifiable	E0	E0_not_identifiable	True	False	rescue
F0405	without_matched_state_adjustment	ambiguous	delay	stress	not_identifiable	E0	E0_not_identifiable	True	False	replication
F0406	without_matched_state_adjustment	ambiguous	persistent_loss	none	ambiguous	E0	E0_not_estimable	True	False	none
F0407	without_matched_state_adjustment	persistent_loss	persistent_loss	none	identifiable	E0	E0_not_estimable	False	False	outcome
F0408	without_matched_state_adjustment	ambiguous	persistent_loss	none	ambiguous	E0	E0_not_estimable	True	False	reversal
F0409	without_matched_state_adjustment	ambiguous	persistent_loss	none	ambiguous	E0	E0_not_estimable	True	False	rescue
F0410	without_matched_state_adjustment	ambiguous	persistent_loss	none	ambiguous	E0	E0_not_estimable	True	False	replication
F0411	without_matched_state_adjustment	ambiguous	persistent_loss	none	ambiguous	E1		True	False	none
F0412	without_matched_state_adjustment	ambiguous	persistent_loss	none	ambiguous	E1		True	False	outcome
F0413	without_matched_state_adjustment	ambiguous	persistent_loss	none	ambiguous	E1		True	False	reversal
F0414	without_matched_state_adjustment	ambiguous	persistent_loss	none	ambiguous	E1		True	False	rescue
F0415	without_matched_state_adjustment	ambiguous	persistent_loss	none	ambiguous	E1		True	False	replication
F0416	without_matched_state_adjustment	ambiguous	persistent_loss	none	ambiguous	E1		True	False	none
F0417	without_matched_state_adjustment	ambiguous	persistent_loss	none	ambiguous	E1		True	False	outcome
F0418	without_matched_state_adjustment	ambiguous	persistent_loss	none	ambiguous	E1		True	False	reversal
F0419	without_matched_state_adjustment	persistent_loss	persistent_loss	none	identifiable	E2		False	False	rescue
F0420	without_matched_state_adjustment	ambiguous	persistent_loss	none	ambiguous	E1		True	False	replication
F0421	without_matched_state_adjustment	ambiguous	persistent_loss	none	ambiguous	E0	E0_not_estimable	True	False	none
F0422	without_matched_state_adjustment	ambiguous	persistent_loss	none	ambiguous	E0	E0_not_estimable	True	False	outcome
F0423	without_matched_state_adjustment	ambiguous	persistent_loss	none	ambiguous	E0	E0_not_estimable	True	False	reversal
F0424	without_matched_state_adjustment	ambiguous	persistent_loss	none	ambiguous	E0	E0_not_estimable	True	False	rescue
F0425	without_matched_state_adjustment	ambiguous	persistent_loss	none	ambiguous	E0	E0_not_estimable	True	False	replication
F0426	without_matched_state_adjustment	ambiguous	persistent_loss	none	ambiguous	E1		True	False	none
F0427	without_matched_state_adjustment	ambiguous	persistent_loss	none	ambiguous	E1		True	False	outcome
F0428	without_matched_state_adjustment	ambiguous	persistent_loss	none	ambiguous	E1		True	False	reversal
F0429	without_matched_state_adjustment	ambiguous	persistent_loss	none	ambiguous	E1		True	False	rescue
F0430	without_matched_state_adjustment	ambiguous	persistent_loss	none	ambiguous	E1		True	False	replication
F0431	without_matched_state_adjustment	ambiguous	persistent_loss	none	ambiguous	E1		True	False	none
F0432	without_matched_state_adjustment	ambiguous	persistent_loss	none	ambiguous	E1		True	False	outcome
F0433	without_matched_state_adjustment	ambiguous	persistent_loss	none	ambiguous	E1		True	False	reversal
F0434	without_matched_state_adjustment	ambiguous	persistent_loss	none	ambiguous	E1		True	False	rescue
F0435	without_matched_state_adjustment	ambiguous	persistent_loss	none	ambiguous	E1		True	False	replication
F0436	without_matched_state_adjustment	ambiguous	persistent_loss	none	not_identifiable	E0	E0_not_estimable	True	False	none
F0437	without_matched_state_adjustment	ambiguous	delay	none	not_identifiable	E0	E0_not_estimable	True	False	outcome
F0438	without_matched_state_adjustment	ambiguous	persistent_loss	none	not_identifiable	E0	E0_not_estimable	True	False	reversal
F0439	without_matched_state_adjustment	ambiguous	redirection	none	not_identifiable	E0	E0_not_estimable	True	False	rescue
F0440	without_matched_state_adjustment	ambiguous	persistent_loss	none	not_identifiable	E0	E0_not_estimable	True	False	replication
F0441	without_matched_state_adjustment	ambiguous	persistent_loss	none	not_identifiable	E0	E0_not_identifiable	True	False	none
F0442	without_matched_state_adjustment	ambiguous	persistent_loss	none	not_identifiable	E0	E0_not_identifiable	True	False	outcome
F0443	without_matched_state_adjustment	ambiguous	persistent_loss	none	not_identifiable	E0	E0_not_identifiable	True	False	reversal
F0444	without_matched_state_adjustment	ambiguous	suppression	none	not_identifiable	E0	E0_not_identifiable	True	False	rescue
F0445	without_matched_state_adjustment	ambiguous	persistent_loss	none	not_identifiable	E0	E0_not_identifiable	True	False	replication
F0446	without_matched_state_adjustment	ambiguous	suppression	none	not_identifiable	E0	E0_not_identifiable	True	False	none
F0447	without_matched_state_adjustment	ambiguous	suppression	none	not_identifiable	E0	E0_not_identifiable	True	False	outcome
F0448	without_matched_state_adjustment	ambiguous	suppression	none	not_identifiable	E0	E0_not_identifiable	True	False	reversal
F0449	without_matched_state_adjustment	ambiguous	persistent_loss	none	not_identifiable	E0	E0_not_identifiable	True	False	rescue
F0450	without_matched_state_adjustment	ambiguous	persistent_loss	none	not_identifiable	E0	E0_not_identifiable	True	False	replication
F0451	without_matched_state_adjustment	persistent_loss	persistent_loss	none	identifiable	E0	E0_not_estimable	False	False	none
F0452	without_matched_state_adjustment	persistent_loss	persistent_loss	none	identifiable	E0	E0_not_estimable	False	False	outcome
F0453	without_matched_state_adjustment	persistent_loss	persistent_loss	none	identifiable	E0	E0_not_estimable	False	False	reversal
F0454	without_matched_state_adjustment	persistent_loss	persistent_loss	none	identifiable	E0	E0_not_estimable	False	False	rescue
F0455	without_matched_state_adjustment	persistent_loss	persistent_loss	none	identifiable	E0	E0_not_estimable	False	False	replication
F0456	without_matched_state_adjustment	persistent_loss	persistent_loss	none	identifiable	E1		False	False	none
F0457	without_matched_state_adjustment	persistent_loss	persistent_loss	none	identifiable	E1		False	False	outcome
F0458	without_matched_state_adjustment	persistent_loss	persistent_loss	none	identifiable	E1		False	False	reversal
F0459	without_matched_state_adjustment	persistent_loss	persistent_loss	none	identifiable	E1		False	False	rescue
F0460	without_matched_state_adjustment	persistent_loss	persistent_loss	none	identifiable	E1		False	False	replication
F0461	without_matched_state_adjustment	persistent_loss	persistent_loss	none	identifiable	E2		False	False	none
F0462	without_matched_state_adjustment	persistent_loss	persistent_loss	none	identifiable	E2		False	False	outcome
F0463	without_matched_state_adjustment	persistent_loss	persistent_loss	none	identifiable	E2		False	False	reversal
F0464	without_matched_state_adjustment	persistent_loss	persistent_loss	none	identifiable	E2		False	False	rescue
F0465	without_matched_state_adjustment	persistent_loss	persistent_loss	none	identifiable	E2		False	False	replication
F0466	without_matched_state_adjustment	ambiguous	persistent_loss	none	ambiguous	E0	E0_not_estimable	True	False	none
F0467	without_matched_state_adjustment	ambiguous	persistent_loss	none	ambiguous	E0	E0_not_estimable	True	False	outcome
F0468	without_matched_state_adjustment	ambiguous	persistent_loss	none	ambiguous	E0	E0_not_estimable	True	False	reversal
F0469	without_matched_state_adjustment	ambiguous	persistent_loss	none	ambiguous	E0	E0_not_estimable	True	False	rescue
F0470	without_matched_state_adjustment	ambiguous	persistent_loss	none	ambiguous	E0	E0_not_estimable	True	False	replication
F0471	without_matched_state_adjustment	ambiguous	persistent_loss	none	ambiguous	E1		True	False	none
F0472	without_matched_state_adjustment	ambiguous	persistent_loss	none	ambiguous	E1		True	False	outcome
F0473	without_matched_state_adjustment	ambiguous	persistent_loss	none	ambiguous	E0	E0_not_supported	True	False	reversal
F0474	without_matched_state_adjustment	ambiguous	persistent_loss	none	ambiguous	E1		True	False	rescue
F0475	without_matched_state_adjustment	ambiguous	persistent_loss	none	ambiguous	E1		True	False	replication
F0476	without_matched_state_adjustment	ambiguous	persistent_loss	none	ambiguous	E1		True	False	none
F0477	without_matched_state_adjustment	ambiguous	persistent_loss	none	ambiguous	E1		True	False	outcome
F0478	without_matched_state_adjustment	ambiguous	persistent_loss	none	ambiguous	E1		True	False	reversal
F0479	without_matched_state_adjustment	ambiguous	persistent_loss	none	ambiguous	E1		True	False	rescue
F0480	without_matched_state_adjustment	ambiguous	persistent_loss	none	ambiguous	E1		True	False	replication
F0481	without_matched_state_adjustment	ambiguous	persistent_loss	none	not_identifiable	E0	E0_not_estimable	True	False	none
F0482	without_matched_state_adjustment	ambiguous	redirection	none	not_identifiable	E0	E0_not_estimable	True	False	outcome
F0483	without_matched_state_adjustment	ambiguous	persistent_loss	none	not_identifiable	E0	E0_not_estimable	True	False	reversal
F0484	without_matched_state_adjustment	ambiguous	persistent_loss	none	not_identifiable	E0	E0_not_estimable	True	False	rescue
F0485	without_matched_state_adjustment	ambiguous	persistent_loss	none	not_identifiable	E0	E0_not_estimable	True	False	replication
F0486	without_matched_state_adjustment	ambiguous	redirection	none	not_identifiable	E0	E0_not_identifiable	True	False	none
F0487	without_matched_state_adjustment	ambiguous	persistent_loss	none	not_identifiable	E0	E0_not_identifiable	True	False	outcome
F0488	without_matched_state_adjustment	ambiguous	persistent_loss	none	not_identifiable	E0	E0_not_identifiable	True	False	reversal
F0489	without_matched_state_adjustment	ambiguous	persistent_loss	none	not_identifiable	E0	E0_not_identifiable	True	False	rescue
F0490	without_matched_state_adjustment	ambiguous	persistent_loss	none	not_identifiable	E0	E0_not_identifiable	True	False	replication
F0491	without_matched_state_adjustment	ambiguous	persistent_loss	none	not_identifiable	E0	E0_not_identifiable	True	False	none
F0492	without_matched_state_adjustment	ambiguous	persistent_loss	none	not_identifiable	E0	E0_not_identifiable	True	False	outcome
F0493	without_matched_state_adjustment	ambiguous	persistent_loss	none	not_identifiable	E0	E0_not_identifiable	True	False	reversal
F0494	without_matched_state_adjustment	ambiguous	persistent_loss	none	not_identifiable	E0	E0_not_identifiable	True	False	rescue
F0495	without_matched_state_adjustment	ambiguous	persistent_loss	none	not_identifiable	E0	E0_not_identifiable	True	False	replication
F0496	without_matched_state_adjustment	ambiguous	persistent_loss	stress	identifiable	E0	E0_not_estimable	True	False	none
F0497	without_matched_state_adjustment	ambiguous	persistent_loss	stress	identifiable	E0	E0_not_estimable	True	False	outcome
F0498	without_matched_state_adjustment	ambiguous	persistent_loss	stress	identifiable	E0	E0_not_estimable	True	False	reversal
F0499	without_matched_state_adjustment	ambiguous	persistent_loss	stress	ambiguous	E0	E0_not_estimable	True	False	rescue
F0500	without_matched_state_adjustment	ambiguous	persistent_loss	stress	identifiable	E0	E0_not_estimable	True	False	replication
F0501	without_matched_state_adjustment	ambiguous	persistent_loss	stress	identifiable	E0	E0_artifact_dominated	True	False	none
F0502	without_matched_state_adjustment	ambiguous	persistent_loss	stress	identifiable	E0	E0_artifact_dominated	True	False	outcome
F0503	without_matched_state_adjustment	ambiguous	persistent_loss	stress	identifiable	E0	E0_artifact_dominated	True	False	reversal
F0504	without_matched_state_adjustment	ambiguous	persistent_loss	stress	identifiable	E0	E0_artifact_dominated	True	False	rescue
F0505	without_matched_state_adjustment	ambiguous	persistent_loss	stress	identifiable	E0	E0_artifact_dominated	True	False	replication
F0506	without_matched_state_adjustment	ambiguous	persistent_loss	stress	identifiable	E0	E0_artifact_dominated	True	False	none
F0507	without_matched_state_adjustment	ambiguous	persistent_loss	stress	identifiable	E0	E0_artifact_dominated	True	False	outcome
F0508	without_matched_state_adjustment	ambiguous	persistent_loss	stress	identifiable	E0	E0_artifact_dominated	True	False	reversal
F0509	without_matched_state_adjustment	ambiguous	persistent_loss	stress	identifiable	E0	E0_artifact_dominated	True	False	rescue
F0510	without_matched_state_adjustment	ambiguous	persistent_loss	stress	identifiable	E0	E0_artifact_dominated	True	False	replication
F0511	without_matched_state_adjustment	ambiguous	redirection	stress	ambiguous	E0	E0_not_estimable	True	False	none
F0512	without_matched_state_adjustment	ambiguous	redirection	stress	ambiguous	E0	E0_not_estimable	True	False	outcome
F0513	without_matched_state_adjustment	ambiguous	redirection	stress	ambiguous	E0	E0_not_estimable	True	False	reversal
F0514	without_matched_state_adjustment	ambiguous	persistent_loss	stress	ambiguous	E0	E0_not_estimable	True	False	rescue
F0515	without_matched_state_adjustment	ambiguous	redirection	stress	ambiguous	E0	E0_not_estimable	True	False	replication
F0516	without_matched_state_adjustment	ambiguous	persistent_loss	stress	ambiguous	E0	E0_artifact_dominated	True	False	none
F0517	without_matched_state_adjustment	ambiguous	persistent_loss	stress	ambiguous	E0	E0_artifact_dominated	True	False	outcome
F0518	without_matched_state_adjustment	ambiguous	persistent_loss	stress	ambiguous	E0	E0_artifact_dominated	True	False	reversal
F0519	without_matched_state_adjustment	ambiguous	persistent_loss	stress	ambiguous	E0	E0_artifact_dominated	True	False	rescue
F0520	without_matched_state_adjustment	ambiguous	persistent_loss	stress	ambiguous	E0	E0_artifact_dominated	True	False	replication
F0521	without_matched_state_adjustment	ambiguous	persistent_loss	stress	ambiguous	E0	E0_artifact_dominated	True	False	none
F0522	without_matched_state_adjustment	ambiguous	persistent_loss	stress	ambiguous	E0	E0_artifact_dominated	True	False	outcome
F0523	without_matched_state_adjustment	ambiguous	persistent_loss	stress	ambiguous	E0	E0_artifact_dominated	True	False	reversal
F0524	without_matched_state_adjustment	ambiguous	persistent_loss	stress	ambiguous	E0	E0_artifact_dominated	True	False	rescue
F0525	without_matched_state_adjustment	ambiguous	persistent_loss	stress	ambiguous	E0	E0_artifact_dominated	True	False	replication
F0526	without_matched_state_adjustment	ambiguous	persistent_loss	none	not_identifiable	E0	E0_not_estimable	True	False	none
F0527	without_matched_state_adjustment	ambiguous	activation	stress	not_identifiable	E0	E0_not_estimable	True	False	outcome
F0528	without_matched_state_adjustment	ambiguous	redirection	stress	not_identifiable	E0	E0_not_estimable	True	False	reversal
F0529	without_matched_state_adjustment	ambiguous	redirection	stress	not_identifiable	E0	E0_not_estimable	True	False	rescue
F0530	without_matched_state_adjustment	ambiguous	persistent_loss	none	not_identifiable	E0	E0_not_estimable	True	False	replication
F0531	without_matched_state_adjustment	ambiguous	persistent_loss	none	not_identifiable	E0	E0_not_identifiable	True	False	none
F0532	without_matched_state_adjustment	ambiguous	persistent_loss	none	not_identifiable	E0	E0_not_identifiable	True	False	outcome
F0533	without_matched_state_adjustment	ambiguous	persistent_loss	stress	not_identifiable	E0	E0_not_identifiable	True	False	reversal
F0534	without_matched_state_adjustment	ambiguous	persistent_loss	none	not_identifiable	E0	E0_not_identifiable	True	False	rescue
F0535	without_matched_state_adjustment	ambiguous	persistent_loss	none	not_identifiable	E0	E0_not_identifiable	True	False	replication
F0536	without_matched_state_adjustment	ambiguous	persistent_loss	stress	not_identifiable	E0	E0_not_identifiable	True	False	none
F0537	without_matched_state_adjustment	ambiguous	persistent_loss	stress	not_identifiable	E0	E0_not_identifiable	True	False	outcome
F0538	without_matched_state_adjustment	ambiguous	persistent_loss	none	not_identifiable	E0	E0_not_identifiable	True	False	reversal
F0539	without_matched_state_adjustment	ambiguous	redirection	stress	not_identifiable	E0	E0_not_identifiable	True	False	rescue
F0540	without_matched_state_adjustment	ambiguous	persistent_loss	none	not_identifiable	E0	E0_not_identifiable	True	False	replication
F0541	without_matched_state_adjustment	redirection	redirection	none	identifiable	E0	E0_not_estimable	False	False	none
F0542	without_matched_state_adjustment	redirection	redirection	none	identifiable	E0	E0_not_estimable	False	False	outcome
F0543	without_matched_state_adjustment	redirection	redirection	none	identifiable	E0	E0_not_estimable	False	False	reversal
F0544	without_matched_state_adjustment	redirection	redirection	none	identifiable	E0	E0_not_estimable	False	False	rescue
F0545	without_matched_state_adjustment	redirection	redirection	none	identifiable	E0	E0_not_estimable	False	False	replication
F0546	without_matched_state_adjustment	redirection	redirection	none	identifiable	E1		False	False	none
F0547	without_matched_state_adjustment	redirection	redirection	none	identifiable	E1		False	False	outcome
F0548	without_matched_state_adjustment	redirection	redirection	none	identifiable	E1		False	False	reversal
F0549	without_matched_state_adjustment	redirection	redirection	none	identifiable	E1		False	False	rescue
F0550	without_matched_state_adjustment	redirection	redirection	none	identifiable	E1		False	False	replication
F0551	without_matched_state_adjustment	redirection	redirection	none	identifiable	E2		False	False	none
F0552	without_matched_state_adjustment	redirection	redirection	none	identifiable	E2		False	False	outcome
F0553	without_matched_state_adjustment	redirection	redirection	none	identifiable	E2		False	False	reversal
F0554	without_matched_state_adjustment	redirection	redirection	none	identifiable	E2		False	False	rescue
F0555	without_matched_state_adjustment	redirection	redirection	none	identifiable	E2		False	False	replication
F0556	without_matched_state_adjustment	ambiguous	redirection	none	ambiguous	E0	E0_not_estimable	True	False	none
F0557	without_matched_state_adjustment	ambiguous	redirection	none	ambiguous	E0	E0_not_estimable	True	False	outcome
F0558	without_matched_state_adjustment	ambiguous	redirection	none	ambiguous	E0	E0_not_estimable	True	False	reversal
F0559	without_matched_state_adjustment	ambiguous	redirection	none	ambiguous	E0	E0_not_estimable	True	False	rescue
F0560	without_matched_state_adjustment	redirection	redirection	none	identifiable	E0	E0_not_estimable	False	False	replication
F0561	without_matched_state_adjustment	ambiguous	redirection	none	ambiguous	E1		True	False	none
F0562	without_matched_state_adjustment	ambiguous	redirection	none	ambiguous	E1		True	False	outcome
F0563	without_matched_state_adjustment	ambiguous	redirection	none	ambiguous	E1		True	False	reversal
F0564	without_matched_state_adjustment	ambiguous	redirection	none	ambiguous	E1		True	False	rescue
F0565	without_matched_state_adjustment	ambiguous	redirection	none	ambiguous	E1		True	False	replication
F0566	without_matched_state_adjustment	ambiguous	redirection	none	ambiguous	E1		True	False	none
F0567	without_matched_state_adjustment	ambiguous	redirection	none	ambiguous	E1		True	False	outcome
F0568	without_matched_state_adjustment	ambiguous	redirection	none	ambiguous	E1		True	False	reversal
F0569	without_matched_state_adjustment	ambiguous	redirection	none	ambiguous	E1		True	False	rescue
F0570	without_matched_state_adjustment	ambiguous	redirection	none	ambiguous	E1		True	False	replication
F0571	without_matched_state_adjustment	ambiguous	redirection	none	not_identifiable	E0	E0_not_estimable	True	False	none
F0572	without_matched_state_adjustment	ambiguous	redirection	none	not_identifiable	E0	E0_not_estimable	True	False	outcome
F0573	without_matched_state_adjustment	ambiguous	delay	none	not_identifiable	E0	E0_not_estimable	True	False	reversal
F0574	without_matched_state_adjustment	ambiguous	redirection	none	not_identifiable	E0	E0_not_estimable	True	False	rescue
F0575	without_matched_state_adjustment	ambiguous	redirection	none	not_identifiable	E0	E0_not_estimable	True	False	replication
F0576	without_matched_state_adjustment	ambiguous	redirection	none	not_identifiable	E0	E0_not_identifiable	True	False	none
F0577	without_matched_state_adjustment	ambiguous	redirection	none	not_identifiable	E0	E0_not_identifiable	True	False	outcome
F0578	without_matched_state_adjustment	ambiguous	redirection	none	not_identifiable	E0	E0_not_identifiable	True	False	reversal
F0579	without_matched_state_adjustment	ambiguous	redirection	none	not_identifiable	E0	E0_not_identifiable	True	False	rescue
F0580	without_matched_state_adjustment	ambiguous	redirection	none	not_identifiable	E0	E0_not_identifiable	True	False	replication
F0581	without_matched_state_adjustment	ambiguous	redirection	none	not_identifiable	E0	E0_not_identifiable	True	False	none
F0582	without_matched_state_adjustment	ambiguous	redirection	none	not_identifiable	E0	E0_not_identifiable	True	False	outcome
F0583	without_matched_state_adjustment	ambiguous	redirection	none	not_identifiable	E0	E0_not_identifiable	True	False	reversal
F0584	without_matched_state_adjustment	ambiguous	redirection	none	not_identifiable	E0	E0_not_identifiable	True	False	rescue
F0585	without_matched_state_adjustment	ambiguous	redirection	none	not_identifiable	E0	E0_not_identifiable	True	False	replication
F0586	without_matched_state_adjustment	redirection	redirection	none	identifiable	E0	E0_not_estimable	False	False	none
F0587	without_matched_state_adjustment	redirection	redirection	none	identifiable	E0	E0_not_estimable	False	False	outcome
F0588	without_matched_state_adjustment	redirection	redirection	none	identifiable	E0	E0_not_estimable	False	False	reversal
F0589	without_matched_state_adjustment	redirection	redirection	none	identifiable	E0	E0_not_estimable	False	False	rescue
F0590	without_matched_state_adjustment	redirection	redirection	none	identifiable	E0	E0_not_estimable	False	False	replication
F0591	without_matched_state_adjustment	redirection	redirection	none	identifiable	E1		False	False	none
F0592	without_matched_state_adjustment	redirection	redirection	none	identifiable	E1		False	False	outcome
F0593	without_matched_state_adjustment	redirection	redirection	none	identifiable	E1		False	False	reversal
F0594	without_matched_state_adjustment	redirection	redirection	none	identifiable	E1		False	False	rescue
F0595	without_matched_state_adjustment	redirection	redirection	none	identifiable	E1		False	False	replication
F0596	without_matched_state_adjustment	redirection	redirection	none	identifiable	E2		False	False	none
F0597	without_matched_state_adjustment	redirection	redirection	none	identifiable	E2		False	False	outcome
F0598	without_matched_state_adjustment	redirection	redirection	none	identifiable	E2		False	False	reversal
F0599	without_matched_state_adjustment	redirection	redirection	none	identifiable	E2		False	False	rescue
F0600	without_matched_state_adjustment	redirection	redirection	none	identifiable	E2		False	False	replication
F0601	without_matched_state_adjustment	ambiguous	redirection	none	ambiguous	E0	E0_not_estimable	True	False	none
F0602	without_matched_state_adjustment	ambiguous	redirection	none	ambiguous	E0	E0_not_estimable	True	False	outcome
F0603	without_matched_state_adjustment	ambiguous	redirection	none	ambiguous	E0	E0_not_estimable	True	False	reversal
F0604	without_matched_state_adjustment	ambiguous	redirection	none	ambiguous	E0	E0_not_estimable	True	False	rescue
F0605	without_matched_state_adjustment	ambiguous	redirection	none	ambiguous	E0	E0_not_estimable	True	False	replication
F0606	without_matched_state_adjustment	ambiguous	redirection	none	ambiguous	E1		True	False	none
F0607	without_matched_state_adjustment	ambiguous	redirection	none	ambiguous	E1		True	False	outcome
F0608	without_matched_state_adjustment	ambiguous	redirection	none	ambiguous	E1		True	False	reversal
F0609	without_matched_state_adjustment	ambiguous	redirection	none	ambiguous	E1		True	False	rescue
F0610	without_matched_state_adjustment	ambiguous	redirection	none	ambiguous	E1		True	False	replication
F0611	without_matched_state_adjustment	ambiguous	redirection	none	ambiguous	E1		True	False	none
F0612	without_matched_state_adjustment	ambiguous	redirection	none	ambiguous	E1		True	False	outcome
F0613	without_matched_state_adjustment	ambiguous	redirection	none	ambiguous	E1		True	False	reversal
F0614	without_matched_state_adjustment	ambiguous	redirection	none	ambiguous	E1		True	False	rescue
F0615	without_matched_state_adjustment	ambiguous	redirection	none	ambiguous	E1		True	False	replication
F0616	without_matched_state_adjustment	ambiguous	redirection	none	not_identifiable	E0	E0_not_estimable	True	False	none
F0617	without_matched_state_adjustment	ambiguous	redirection	none	not_identifiable	E0	E0_not_estimable	True	False	outcome
F0618	without_matched_state_adjustment	ambiguous	redirection	none	not_identifiable	E0	E0_not_estimable	True	False	reversal
F0619	without_matched_state_adjustment	ambiguous	redirection	none	not_identifiable	E0	E0_not_estimable	True	False	rescue
F0620	without_matched_state_adjustment	ambiguous	redirection	none	not_identifiable	E0	E0_not_estimable	True	False	replication
F0621	without_matched_state_adjustment	ambiguous	redirection	none	not_identifiable	E0	E0_not_identifiable	True	False	none
F0622	without_matched_state_adjustment	ambiguous	redirection	none	not_identifiable	E0	E0_not_identifiable	True	False	outcome
F0623	without_matched_state_adjustment	ambiguous	redirection	none	not_identifiable	E0	E0_not_identifiable	True	False	reversal
F0624	without_matched_state_adjustment	ambiguous	redirection	none	not_identifiable	E0	E0_not_identifiable	True	False	rescue
F0625	without_matched_state_adjustment	ambiguous	redirection	none	not_identifiable	E0	E0_not_identifiable	True	False	replication
F0626	without_matched_state_adjustment	ambiguous	redirection	none	not_identifiable	E0	E0_not_identifiable	True	False	none
F0627	without_matched_state_adjustment	ambiguous	redirection	none	not_identifiable	E0	E0_not_identifiable	True	False	outcome
F0628	without_matched_state_adjustment	ambiguous	redirection	none	not_identifiable	E0	E0_not_identifiable	True	False	reversal
F0629	without_matched_state_adjustment	ambiguous	redirection	none	not_identifiable	E0	E0_not_identifiable	True	False	rescue
F0630	without_matched_state_adjustment	ambiguous	redirection	none	not_identifiable	E0	E0_not_identifiable	True	False	replication
F0631	without_matched_state_adjustment	ambiguous	redirection	stress	identifiable	E0	E0_not_estimable	True	False	none
F0632	without_matched_state_adjustment	ambiguous	redirection	stress	identifiable	E0	E0_not_estimable	True	False	outcome
F0633	without_matched_state_adjustment	ambiguous	redirection	stress	identifiable	E0	E0_not_estimable	True	False	reversal
F0634	without_matched_state_adjustment	ambiguous	redirection	stress	identifiable	E0	E0_not_estimable	True	False	rescue
F0635	without_matched_state_adjustment	ambiguous	redirection	stress	identifiable	E0	E0_not_estimable	True	False	replication
F0636	without_matched_state_adjustment	ambiguous	redirection	stress	identifiable	E0	E0_artifact_dominated	True	False	none
F0637	without_matched_state_adjustment	ambiguous	redirection	stress	identifiable	E0	E0_artifact_dominated	True	False	outcome
F0638	without_matched_state_adjustment	redirection	redirection	none	identifiable	E1		False	False	reversal
F0639	without_matched_state_adjustment	ambiguous	redirection	stress	identifiable	E0	E0_artifact_dominated	True	False	rescue
F0640	without_matched_state_adjustment	ambiguous	redirection	stress	identifiable	E0	E0_artifact_dominated	True	False	replication
F0641	without_matched_state_adjustment	ambiguous	redirection	stress	identifiable	E0	E0_artifact_dominated	True	False	none
F0642	without_matched_state_adjustment	ambiguous	redirection	stress	identifiable	E0	E0_artifact_dominated	True	False	outcome
F0643	without_matched_state_adjustment	ambiguous	redirection	stress	identifiable	E0	E0_artifact_dominated	True	False	reversal
F0644	without_matched_state_adjustment	ambiguous	redirection	stress	identifiable	E0	E0_artifact_dominated	True	False	rescue
F0645	without_matched_state_adjustment	ambiguous	redirection	stress	identifiable	E0	E0_artifact_dominated	True	False	replication
F0646	without_matched_state_adjustment	ambiguous	redirection	none	ambiguous	E0	E0_not_estimable	True	False	none
F0647	without_matched_state_adjustment	ambiguous	redirection	none	ambiguous	E0	E0_not_estimable	True	False	outcome
F0648	without_matched_state_adjustment	ambiguous	redirection	none	ambiguous	E0	E0_not_estimable	True	False	reversal
F0649	without_matched_state_adjustment	ambiguous	redirection	none	ambiguous	E0	E0_not_estimable	True	False	rescue
F0650	without_matched_state_adjustment	ambiguous	redirection	none	ambiguous	E0	E0_not_estimable	True	False	replication
F0651	without_matched_state_adjustment	ambiguous	redirection	none	ambiguous	E1		True	False	none
F0652	without_matched_state_adjustment	ambiguous	redirection	stress	ambiguous	E0	E0_artifact_dominated	True	False	outcome
F0653	without_matched_state_adjustment	ambiguous	redirection	none	ambiguous	E1		True	False	reversal
F0654	without_matched_state_adjustment	ambiguous	redirection	stress	ambiguous	E0	E0_artifact_dominated	True	False	rescue
F0655	without_matched_state_adjustment	ambiguous	redirection	stress	ambiguous	E0	E0_artifact_dominated	True	False	replication
F0656	without_matched_state_adjustment	ambiguous	redirection	stress	ambiguous	E0	E0_artifact_dominated	True	False	none
F0657	without_matched_state_adjustment	ambiguous	redirection	none	ambiguous	E1		True	False	outcome
F0658	without_matched_state_adjustment	ambiguous	redirection	stress	ambiguous	E0	E0_artifact_dominated	True	False	reversal
F0659	without_matched_state_adjustment	ambiguous	redirection	none	ambiguous	E1		True	False	rescue
F0660	without_matched_state_adjustment	ambiguous	redirection	stress	ambiguous	E0	E0_artifact_dominated	True	False	replication
F0661	without_matched_state_adjustment	ambiguous	redirection	none	not_identifiable	E0	E0_not_estimable	True	False	none
F0662	without_matched_state_adjustment	ambiguous	redirection	none	not_identifiable	E0	E0_not_estimable	True	False	outcome
F0663	without_matched_state_adjustment	ambiguous	redirection	none	not_identifiable	E0	E0_not_estimable	True	False	reversal
F0664	without_matched_state_adjustment	ambiguous	redirection	none	not_identifiable	E0	E0_not_estimable	True	False	rescue
F0665	without_matched_state_adjustment	ambiguous	redirection	none	not_identifiable	E0	E0_not_estimable	True	False	replication
F0666	without_matched_state_adjustment	ambiguous	redirection	none	not_identifiable	E0	E0_not_identifiable	True	False	none
F0667	without_matched_state_adjustment	ambiguous	redirection	none	not_identifiable	E0	E0_not_identifiable	True	False	outcome
F0668	without_matched_state_adjustment	ambiguous	redirection	stress	not_identifiable	E0	E0_not_identifiable	True	False	reversal
F0669	without_matched_state_adjustment	ambiguous	redirection	none	not_identifiable	E0	E0_not_identifiable	True	False	rescue
F0670	without_matched_state_adjustment	ambiguous	redirection	stress	not_identifiable	E0	E0_not_identifiable	True	False	replication
F0671	without_matched_state_adjustment	ambiguous	redirection	none	not_identifiable	E0	E0_not_identifiable	True	False	none
F0672	without_matched_state_adjustment	ambiguous	redirection	none	not_identifiable	E0	E0_not_identifiable	True	False	outcome
F0673	without_matched_state_adjustment	ambiguous	redirection	stress	not_identifiable	E0	E0_not_identifiable	True	False	reversal
F0674	without_matched_state_adjustment	ambiguous	redirection	none	not_identifiable	E0	E0_not_identifiable	True	False	rescue
F0675	without_matched_state_adjustment	ambiguous	redirection	none	not_identifiable	E0	E0_not_identifiable	True	False	replication
F0001	without_negative_controls	activation	activation	none	identifiable	E0	E0_not_estimable	False	False	none
F0002	without_negative_controls	activation	activation	none	identifiable	E0	E0_not_estimable	False	False	outcome
F0003	without_negative_controls	activation	activation	none	identifiable	E0	E0_not_estimable	False	False	reversal
F0004	without_negative_controls	activation	activation	none	identifiable	E0	E0_not_estimable	False	False	rescue
F0005	without_negative_controls	activation	activation	none	identifiable	E0	E0_not_estimable	False	False	replication
F0006	without_negative_controls	activation	activation	none	identifiable	E1		False	False	none
F0007	without_negative_controls	activation	activation	none	identifiable	E1		False	False	outcome
F0008	without_negative_controls	activation	activation	none	identifiable	E1		False	False	reversal
F0009	without_negative_controls	activation	activation	none	identifiable	E1		False	False	rescue
F0010	without_negative_controls	activation	activation	none	identifiable	E1		False	False	replication
F0011	without_negative_controls	activation	activation	none	identifiable	E2		False	False	none
F0012	without_negative_controls	activation	activation	none	identifiable	E2		False	False	outcome
F0013	without_negative_controls	activation	activation	none	identifiable	E2		False	False	reversal
F0014	without_negative_controls	activation	activation	none	identifiable	E2		False	False	rescue
F0015	without_negative_controls	activation	activation	none	identifiable	E2		False	False	replication
F0016	without_negative_controls	ambiguous	activation	none	ambiguous	E0	E0_not_estimable	True	False	none
F0017	without_negative_controls	ambiguous	activation	none	ambiguous	E0	E0_not_estimable	True	False	outcome
F0018	without_negative_controls	ambiguous	activation	none	ambiguous	E0	E0_not_estimable	True	False	reversal
F0019	without_negative_controls	ambiguous	activation	none	ambiguous	E0	E0_not_estimable	True	False	rescue
F0020	without_negative_controls	ambiguous	activation	none	ambiguous	E0	E0_not_estimable	True	False	replication
F0021	without_negative_controls	ambiguous	activation	none	ambiguous	E1		True	False	none
F0022	without_negative_controls	ambiguous	activation	none	ambiguous	E1		True	False	outcome
F0023	without_negative_controls	ambiguous	activation	none	ambiguous	E1		True	False	reversal
F0024	without_negative_controls	ambiguous	activation	none	ambiguous	E1		True	False	rescue
F0025	without_negative_controls	ambiguous	activation	none	ambiguous	E1		True	False	replication
F0026	without_negative_controls	ambiguous	activation	none	ambiguous	E1		True	False	none
F0027	without_negative_controls	ambiguous	activation	none	ambiguous	E1		True	False	outcome
F0028	without_negative_controls	ambiguous	activation	none	ambiguous	E1		True	False	reversal
F0029	without_negative_controls	ambiguous	activation	none	ambiguous	E1		True	False	rescue
F0030	without_negative_controls	ambiguous	activation	none	ambiguous	E1		True	False	replication
F0031	without_negative_controls	ambiguous	activation	none	not_identifiable	E0	E0_not_estimable	True	False	none
F0032	without_negative_controls	ambiguous	activation	none	not_identifiable	E0	E0_not_estimable	True	False	outcome
F0033	without_negative_controls	ambiguous	activation	none	not_identifiable	E0	E0_not_estimable	True	False	reversal
F0034	without_negative_controls	ambiguous	activation	none	not_identifiable	E0	E0_not_estimable	True	False	rescue
F0035	without_negative_controls	ambiguous	activation	none	not_identifiable	E0	E0_not_estimable	True	False	replication
F0036	without_negative_controls	ambiguous	activation	none	not_identifiable	E0	E0_not_identifiable	True	False	none
F0037	without_negative_controls	ambiguous	activation	none	not_identifiable	E0	E0_not_identifiable	True	False	outcome
F0038	without_negative_controls	ambiguous	activation	none	not_identifiable	E0	E0_not_identifiable	True	False	reversal
F0039	without_negative_controls	ambiguous	activation	none	not_identifiable	E0	E0_not_identifiable	True	False	rescue
F0040	without_negative_controls	ambiguous	activation	none	not_identifiable	E0	E0_not_identifiable	True	False	replication
F0041	without_negative_controls	ambiguous	activation	none	not_identifiable	E0	E0_not_identifiable	True	False	none
F0042	without_negative_controls	ambiguous	activation	none	not_identifiable	E0	E0_not_identifiable	True	False	outcome
F0043	without_negative_controls	ambiguous	activation	none	not_identifiable	E0	E0_not_identifiable	True	False	reversal
F0044	without_negative_controls	ambiguous	activation	none	not_identifiable	E0	E0_not_identifiable	True	False	rescue
F0045	without_negative_controls	ambiguous	activation	none	not_identifiable	E0	E0_not_identifiable	True	False	replication
F0046	without_negative_controls	ambiguous	activation	composition	identifiable	E0	E0_not_estimable	True	False	none
F0047	without_negative_controls	ambiguous	activation	composition	identifiable	E0	E0_not_estimable	True	False	outcome
F0048	without_negative_controls	ambiguous	activation	composition	identifiable	E0	E0_not_estimable	True	False	reversal
F0049	without_negative_controls	ambiguous	activation	composition	identifiable	E0	E0_not_estimable	True	False	rescue
F0050	without_negative_controls	ambiguous	activation	composition	identifiable	E0	E0_not_estimable	True	False	replication
F0051	without_negative_controls	ambiguous	activation	composition	identifiable	E0	E0_artifact_dominated	True	False	none
F0052	without_negative_controls	ambiguous	activation	composition	identifiable	E0	E0_artifact_dominated	True	False	outcome
F0053	without_negative_controls	ambiguous	activation	composition	identifiable	E0	E0_artifact_dominated	True	False	reversal
F0054	without_negative_controls	ambiguous	activation	composition	identifiable	E0	E0_artifact_dominated	True	False	rescue
F0055	without_negative_controls	ambiguous	activation	composition	identifiable	E0	E0_artifact_dominated	True	False	replication
F0056	without_negative_controls	ambiguous	activation	composition	identifiable	E0	E0_artifact_dominated	True	False	none
F0057	without_negative_controls	ambiguous	activation	composition	identifiable	E0	E0_artifact_dominated	True	False	outcome
F0058	without_negative_controls	ambiguous	activation	composition	identifiable	E0	E0_artifact_dominated	True	False	reversal
F0059	without_negative_controls	ambiguous	activation	composition	identifiable	E0	E0_artifact_dominated	True	False	rescue
F0060	without_negative_controls	ambiguous	activation	composition	identifiable	E0	E0_artifact_dominated	True	False	replication
F0061	without_negative_controls	ambiguous	activation	composition	ambiguous	E0	E0_not_estimable	True	False	none
F0062	without_negative_controls	ambiguous	activation	composition	ambiguous	E0	E0_not_estimable	True	False	outcome
F0063	without_negative_controls	ambiguous	activation	composition	ambiguous	E0	E0_not_estimable	True	False	reversal
F0064	without_negative_controls	ambiguous	activation	composition	ambiguous	E0	E0_not_estimable	True	False	rescue
F0065	without_negative_controls	ambiguous	activation	composition	ambiguous	E0	E0_not_estimable	True	False	replication
F0066	without_negative_controls	ambiguous	activation	composition	ambiguous	E0	E0_artifact_dominated	True	False	none
F0067	without_negative_controls	ambiguous	activation	composition	ambiguous	E0	E0_artifact_dominated	True	False	outcome
F0068	without_negative_controls	ambiguous	activation	composition	ambiguous	E0	E0_artifact_dominated	True	False	reversal
F0069	without_negative_controls	ambiguous	activation	composition	ambiguous	E0	E0_artifact_dominated	True	False	rescue
F0070	without_negative_controls	ambiguous	activation	composition	ambiguous	E0	E0_artifact_dominated	True	False	replication
F0071	without_negative_controls	ambiguous	activation	composition	ambiguous	E0	E0_artifact_dominated	True	False	none
F0072	without_negative_controls	ambiguous	activation	composition	ambiguous	E0	E0_artifact_dominated	True	False	outcome
F0073	without_negative_controls	ambiguous	activation	composition	ambiguous	E0	E0_artifact_dominated	True	False	reversal
F0074	without_negative_controls	ambiguous	activation	composition	ambiguous	E0	E0_artifact_dominated	True	False	rescue
F0075	without_negative_controls	ambiguous	activation	composition	ambiguous	E0	E0_artifact_dominated	True	False	replication
F0076	without_negative_controls	ambiguous	activation	composition	not_identifiable	E0	E0_not_estimable	True	False	none
F0077	without_negative_controls	ambiguous	activation	composition	not_identifiable	E0	E0_not_estimable	True	False	outcome
F0078	without_negative_controls	ambiguous	activation	composition	not_identifiable	E0	E0_not_estimable	True	False	reversal
F0079	without_negative_controls	ambiguous	activation	composition	not_identifiable	E0	E0_not_estimable	True	False	rescue
F0080	without_negative_controls	ambiguous	activation	composition	not_identifiable	E0	E0_not_estimable	True	False	replication
F0081	without_negative_controls	ambiguous	activation	composition	not_identifiable	E0	E0_not_identifiable	True	False	none
F0082	without_negative_controls	ambiguous	activation	composition	not_identifiable	E0	E0_not_identifiable	True	False	outcome
F0083	without_negative_controls	ambiguous	activation	composition	not_identifiable	E0	E0_not_identifiable	True	False	reversal
F0084	without_negative_controls	ambiguous	activation	composition	not_identifiable	E0	E0_not_identifiable	True	False	rescue
F0085	without_negative_controls	ambiguous	activation	composition	not_identifiable	E0	E0_not_identifiable	True	False	replication
F0086	without_negative_controls	ambiguous	activation	composition	not_identifiable	E0	E0_not_identifiable	True	False	none
F0087	without_negative_controls	ambiguous	activation	composition	not_identifiable	E0	E0_not_identifiable	True	False	outcome
F0088	without_negative_controls	ambiguous	activation	composition	not_identifiable	E0	E0_not_identifiable	True	False	reversal
F0089	without_negative_controls	ambiguous	activation	composition	not_identifiable	E0	E0_not_identifiable	True	False	rescue
F0090	without_negative_controls	ambiguous	activation	composition	not_identifiable	E0	E0_not_identifiable	True	False	replication
F0091	without_negative_controls	activation	activation	none	identifiable	E0	E0_not_estimable	False	False	none
F0092	without_negative_controls	activation	activation	none	identifiable	E0	E0_not_estimable	False	False	outcome
F0093	without_negative_controls	activation	activation	none	identifiable	E0	E0_not_estimable	False	False	reversal
F0094	without_negative_controls	activation	activation	none	identifiable	E0	E0_not_estimable	False	False	rescue
F0095	without_negative_controls	activation	activation	none	identifiable	E0	E0_not_estimable	False	False	replication
F0096	without_negative_controls	activation	activation	none	identifiable	E1		False	False	none
F0097	without_negative_controls	activation	activation	none	identifiable	E1		False	False	outcome
F0098	without_negative_controls	activation	activation	none	identifiable	E1		False	False	reversal
F0099	without_negative_controls	activation	activation	none	identifiable	E1		False	False	rescue
F0100	without_negative_controls	activation	activation	none	identifiable	E1		False	False	replication
F0101	without_negative_controls	activation	activation	none	identifiable	E2		False	False	none
F0102	without_negative_controls	activation	activation	none	identifiable	E2		False	False	outcome
F0103	without_negative_controls	activation	activation	none	identifiable	E2		False	False	reversal
F0104	without_negative_controls	activation	activation	none	identifiable	E2		False	False	rescue
F0105	without_negative_controls	activation	activation	none	identifiable	E2		False	False	replication
F0106	without_negative_controls	ambiguous	activation	none	ambiguous	E0	E0_not_estimable	True	False	none
F0107	without_negative_controls	ambiguous	activation	none	ambiguous	E0	E0_not_estimable	True	False	outcome
F0108	without_negative_controls	ambiguous	activation	none	ambiguous	E0	E0_not_estimable	True	False	reversal
F0109	without_negative_controls	ambiguous	activation	none	ambiguous	E0	E0_not_estimable	True	False	rescue
F0110	without_negative_controls	ambiguous	activation	none	ambiguous	E0	E0_not_estimable	True	False	replication
F0111	without_negative_controls	ambiguous	activation	none	ambiguous	E1		True	False	none
F0112	without_negative_controls	ambiguous	activation	none	ambiguous	E1		True	False	outcome
F0113	without_negative_controls	ambiguous	activation	none	ambiguous	E1		True	False	reversal
F0114	without_negative_controls	ambiguous	activation	none	ambiguous	E1		True	False	rescue
F0115	without_negative_controls	ambiguous	activation	none	ambiguous	E1		True	False	replication
F0116	without_negative_controls	ambiguous	activation	none	ambiguous	E1		True	False	none
F0117	without_negative_controls	ambiguous	activation	none	ambiguous	E1		True	False	outcome
F0118	without_negative_controls	ambiguous	activation	none	ambiguous	E1		True	False	reversal
F0119	without_negative_controls	ambiguous	activation	none	ambiguous	E1		True	False	rescue
F0120	without_negative_controls	ambiguous	activation	none	ambiguous	E1		True	False	replication
F0121	without_negative_controls	ambiguous	activation	none	not_identifiable	E0	E0_not_estimable	True	False	none
F0122	without_negative_controls	ambiguous	activation	none	not_identifiable	E0	E0_not_estimable	True	False	outcome
F0123	without_negative_controls	ambiguous	activation	none	not_identifiable	E0	E0_not_estimable	True	False	reversal
F0124	without_negative_controls	ambiguous	activation	none	not_identifiable	E0	E0_not_estimable	True	False	rescue
F0125	without_negative_controls	ambiguous	activation	none	not_identifiable	E0	E0_not_estimable	True	False	replication
F0126	without_negative_controls	ambiguous	activation	none	not_identifiable	E0	E0_not_identifiable	True	False	none
F0127	without_negative_controls	ambiguous	activation	none	not_identifiable	E0	E0_not_identifiable	True	False	outcome
F0128	without_negative_controls	ambiguous	activation	none	not_identifiable	E0	E0_not_identifiable	True	False	reversal
F0129	without_negative_controls	ambiguous	activation	none	not_identifiable	E0	E0_not_identifiable	True	False	rescue
F0130	without_negative_controls	ambiguous	activation	none	not_identifiable	E0	E0_not_identifiable	True	False	replication
F0131	without_negative_controls	ambiguous	activation	none	not_identifiable	E0	E0_not_identifiable	True	False	none
F0132	without_negative_controls	ambiguous	activation	none	not_identifiable	E0	E0_not_identifiable	True	False	outcome
F0133	without_negative_controls	ambiguous	activation	none	not_identifiable	E0	E0_not_identifiable	True	False	reversal
F0134	without_negative_controls	ambiguous	activation	none	not_identifiable	E0	E0_not_identifiable	True	False	rescue
F0135	without_negative_controls	ambiguous	activation	none	not_identifiable	E0	E0_not_identifiable	True	False	replication
F0136	without_negative_controls	ambiguous	suppression	none	ambiguous	E0	E0_not_estimable	True	False	none
F0137	without_negative_controls	ambiguous	suppression	none	ambiguous	E0	E0_not_estimable	True	False	outcome
F0138	without_negative_controls	ambiguous	suppression	none	ambiguous	E0	E0_not_estimable	True	False	reversal
F0139	without_negative_controls	ambiguous	suppression	none	ambiguous	E0	E0_not_estimable	True	False	rescue
F0140	without_negative_controls	ambiguous	suppression	none	ambiguous	E0	E0_not_estimable	True	False	replication
F0141	without_negative_controls	ambiguous	suppression	none	ambiguous	E1		True	False	none
F0142	without_negative_controls	ambiguous	suppression	none	ambiguous	E1		True	False	outcome
F0143	without_negative_controls	ambiguous	suppression	none	ambiguous	E1		True	False	reversal
F0144	without_negative_controls	ambiguous	suppression	none	ambiguous	E1		True	False	rescue
F0145	without_negative_controls	ambiguous	suppression	none	ambiguous	E1		True	False	replication
F0146	without_negative_controls	ambiguous	suppression	none	ambiguous	E1		True	False	none
F0147	without_negative_controls	ambiguous	suppression	none	ambiguous	E1		True	False	outcome
F0148	without_negative_controls	ambiguous	suppression	none	ambiguous	E1		True	False	reversal
F0149	without_negative_controls	ambiguous	suppression	none	ambiguous	E1		True	False	rescue
F0150	without_negative_controls	suppression	suppression	none	identifiable	E2		False	False	replication
F0151	without_negative_controls	ambiguous	suppression	none	ambiguous	E0	E0_not_estimable	True	False	none
F0152	without_negative_controls	ambiguous	suppression	none	ambiguous	E0	E0_not_estimable	True	False	outcome
F0153	without_negative_controls	ambiguous	suppression	none	ambiguous	E0	E0_not_estimable	True	False	reversal
F0154	without_negative_controls	ambiguous	suppression	none	ambiguous	E0	E0_not_estimable	True	False	rescue
F0155	without_negative_controls	ambiguous	suppression	none	ambiguous	E0	E0_not_estimable	True	False	replication
F0156	without_negative_controls	ambiguous	suppression	none	ambiguous	E1		True	False	none
F0157	without_negative_controls	ambiguous	suppression	none	ambiguous	E1		True	False	outcome
F0158	without_negative_controls	ambiguous	suppression	none	ambiguous	E1		True	False	reversal
F0159	without_negative_controls	ambiguous	suppression	none	ambiguous	E1		True	False	rescue
F0160	without_negative_controls	ambiguous	suppression	none	ambiguous	E1		True	False	replication
F0161	without_negative_controls	ambiguous	suppression	none	ambiguous	E1		True	False	none
F0162	without_negative_controls	ambiguous	suppression	none	ambiguous	E1		True	False	outcome
F0163	without_negative_controls	ambiguous	suppression	none	ambiguous	E1		True	False	reversal
F0164	without_negative_controls	ambiguous	suppression	none	ambiguous	E1		True	False	rescue
F0165	without_negative_controls	ambiguous	suppression	none	ambiguous	E1		True	False	replication
F0166	without_negative_controls	ambiguous	suppression	none	not_identifiable	E0	E0_not_estimable	True	False	none
F0167	without_negative_controls	ambiguous	suppression	none	not_identifiable	E0	E0_not_estimable	True	False	outcome
F0168	without_negative_controls	ambiguous	suppression	none	not_identifiable	E0	E0_not_estimable	True	False	reversal
F0169	without_negative_controls	ambiguous	suppression	none	not_identifiable	E0	E0_not_estimable	True	False	rescue
F0170	without_negative_controls	ambiguous	suppression	none	not_identifiable	E0	E0_not_estimable	True	False	replication
F0171	without_negative_controls	ambiguous	suppression	none	not_identifiable	E0	E0_not_identifiable	True	False	none
F0172	without_negative_controls	ambiguous	suppression	none	not_identifiable	E0	E0_not_identifiable	True	False	outcome
F0173	without_negative_controls	ambiguous	suppression	none	not_identifiable	E0	E0_not_identifiable	True	False	reversal
F0174	without_negative_controls	ambiguous	suppression	none	not_identifiable	E0	E0_not_identifiable	True	False	rescue
F0175	without_negative_controls	ambiguous	suppression	none	not_identifiable	E0	E0_not_identifiable	True	False	replication
F0176	without_negative_controls	ambiguous	suppression	none	not_identifiable	E0	E0_not_identifiable	True	False	none
F0177	without_negative_controls	ambiguous	suppression	none	not_identifiable	E0	E0_not_identifiable	True	False	outcome
F0178	without_negative_controls	ambiguous	suppression	none	not_identifiable	E0	E0_not_identifiable	True	False	reversal
F0179	without_negative_controls	ambiguous	suppression	none	not_identifiable	E0	E0_not_identifiable	True	False	rescue
F0180	without_negative_controls	ambiguous	suppression	none	not_identifiable	E0	E0_not_identifiable	True	False	replication
F0181	without_negative_controls	ambiguous	suppression	composition	ambiguous	E0	E0_not_estimable	True	False	none
F0182	without_negative_controls	ambiguous	suppression	composition	ambiguous	E0	E0_not_estimable	True	False	outcome
F0183	without_negative_controls	ambiguous	suppression	composition	ambiguous	E0	E0_not_estimable	True	False	reversal
F0184	without_negative_controls	ambiguous	suppression	composition	ambiguous	E0	E0_not_estimable	True	False	rescue
F0185	without_negative_controls	ambiguous	suppression	composition	ambiguous	E0	E0_not_estimable	True	False	replication
F0186	without_negative_controls	ambiguous	suppression	composition	ambiguous	E0	E0_artifact_dominated	True	False	none
F0187	without_negative_controls	ambiguous	persistent_loss	composition	ambiguous	E0	E0_artifact_dominated	True	False	outcome
F0188	without_negative_controls	ambiguous	suppression	composition	ambiguous	E0	E0_artifact_dominated	True	False	reversal
F0189	without_negative_controls	ambiguous	suppression	composition	ambiguous	E0	E0_artifact_dominated	True	False	rescue
F0190	without_negative_controls	ambiguous	suppression	composition	ambiguous	E0	E0_artifact_dominated	True	False	replication
F0191	without_negative_controls	ambiguous	suppression	composition	ambiguous	E0	E0_artifact_dominated	True	False	none
F0192	without_negative_controls	ambiguous	suppression	composition	ambiguous	E0	E0_artifact_dominated	True	False	outcome
F0193	without_negative_controls	ambiguous	suppression	composition	ambiguous	E0	E0_artifact_dominated	True	False	reversal
F0194	without_negative_controls	ambiguous	persistent_loss	composition	ambiguous	E0	E0_artifact_dominated	True	False	rescue
F0195	without_negative_controls	ambiguous	suppression	composition	ambiguous	E0	E0_artifact_dominated	True	False	replication
F0196	without_negative_controls	ambiguous	persistent_loss	composition	ambiguous	E0	E0_not_estimable	True	False	none
F0197	without_negative_controls	ambiguous	persistent_loss	composition	ambiguous	E0	E0_not_estimable	True	False	outcome
F0198	without_negative_controls	ambiguous	persistent_loss	composition	ambiguous	E0	E0_not_estimable	True	False	reversal
F0199	without_negative_controls	ambiguous	persistent_loss	composition	ambiguous	E0	E0_not_estimable	True	False	rescue
F0200	without_negative_controls	ambiguous	suppression	composition	ambiguous	E0	E0_not_estimable	True	False	replication
F0201	without_negative_controls	ambiguous	persistent_loss	composition	ambiguous	E0	E0_artifact_dominated	True	False	none
F0202	without_negative_controls	ambiguous	suppression	composition	ambiguous	E0	E0_artifact_dominated	True	False	outcome
F0203	without_negative_controls	ambiguous	suppression	composition	ambiguous	E0	E0_artifact_dominated	True	False	reversal
F0204	without_negative_controls	ambiguous	persistent_loss	composition	ambiguous	E0	E0_artifact_dominated	True	False	rescue
F0205	without_negative_controls	ambiguous	suppression	composition	ambiguous	E0	E0_artifact_dominated	True	False	replication
F0206	without_negative_controls	ambiguous	suppression	composition	ambiguous	E0	E0_artifact_dominated	True	False	none
F0207	without_negative_controls	ambiguous	suppression	composition	ambiguous	E0	E0_artifact_dominated	True	False	outcome
F0208	without_negative_controls	ambiguous	suppression	composition	ambiguous	E0	E0_artifact_dominated	True	False	reversal
F0209	without_negative_controls	ambiguous	suppression	composition	ambiguous	E0	E0_artifact_dominated	True	False	rescue
F0210	without_negative_controls	ambiguous	suppression	composition	ambiguous	E0	E0_artifact_dominated	True	False	replication
F0211	without_negative_controls	ambiguous	redirection	composition	not_identifiable	E0	E0_not_estimable	True	False	none
F0212	without_negative_controls	ambiguous	persistent_loss	composition	not_identifiable	E0	E0_not_estimable	True	False	outcome
F0213	without_negative_controls	ambiguous	redirection	composition	not_identifiable	E0	E0_not_estimable	True	False	reversal
F0214	without_negative_controls	ambiguous	suppression	composition	not_identifiable	E0	E0_not_estimable	True	False	rescue
F0215	without_negative_controls	ambiguous	suppression	composition	not_identifiable	E0	E0_not_estimable	True	False	replication
F0216	without_negative_controls	ambiguous	persistent_loss	composition	not_identifiable	E0	E0_not_identifiable	True	False	none
F0217	without_negative_controls	ambiguous	persistent_loss	composition	not_identifiable	E0	E0_not_identifiable	True	False	outcome
F0218	without_negative_controls	ambiguous	suppression	composition	not_identifiable	E0	E0_not_identifiable	True	False	reversal
F0219	without_negative_controls	ambiguous	delay	composition	not_identifiable	E0	E0_not_identifiable	True	False	rescue
F0220	without_negative_controls	ambiguous	suppression	composition	not_identifiable	E0	E0_not_identifiable	True	False	replication
F0221	without_negative_controls	ambiguous	persistent_loss	composition	not_identifiable	E0	E0_not_identifiable	True	False	none
F0222	without_negative_controls	ambiguous	suppression	composition	not_identifiable	E0	E0_not_identifiable	True	False	outcome
F0223	without_negative_controls	ambiguous	persistent_loss	composition	not_identifiable	E0	E0_not_identifiable	True	False	reversal
F0224	without_negative_controls	ambiguous	suppression	composition	not_identifiable	E0	E0_not_identifiable	True	False	rescue
F0225	without_negative_controls	ambiguous	suppression	composition	not_identifiable	E0	E0_not_identifiable	True	False	replication
F0226	without_negative_controls	ambiguous	persistent_loss	none	ambiguous	E0	E0_not_estimable	True	False	none
F0227	without_negative_controls	persistent_loss	persistent_loss	none	identifiable	E0	E0_not_estimable	False	False	outcome
F0228	without_negative_controls	persistent_loss	persistent_loss	none	identifiable	E0	E0_not_estimable	False	False	reversal
F0229	without_negative_controls	persistent_loss	persistent_loss	none	identifiable	E0	E0_not_estimable	False	False	rescue
F0230	without_negative_controls	persistent_loss	persistent_loss	none	identifiable	E0	E0_not_estimable	False	False	replication
F0231	without_negative_controls	persistent_loss	persistent_loss	none	identifiable	E1		False	False	none
F0232	without_negative_controls	ambiguous	persistent_loss	none	ambiguous	E1		True	False	outcome
F0233	without_negative_controls	persistent_loss	persistent_loss	none	identifiable	E1		False	False	reversal
F0234	without_negative_controls	persistent_loss	persistent_loss	none	identifiable	E1		False	False	rescue
F0235	without_negative_controls	persistent_loss	persistent_loss	none	identifiable	E1		False	False	replication
F0236	without_negative_controls	persistent_loss	persistent_loss	none	identifiable	E2		False	False	none
F0237	without_negative_controls	persistent_loss	persistent_loss	none	identifiable	E2		False	False	outcome
F0238	without_negative_controls	persistent_loss	persistent_loss	none	identifiable	E2		False	False	reversal
F0239	without_negative_controls	persistent_loss	persistent_loss	none	identifiable	E2		False	False	rescue
F0240	without_negative_controls	persistent_loss	persistent_loss	none	identifiable	E2		False	False	replication
F0241	without_negative_controls	ambiguous	persistent_loss	none	ambiguous	E0	E0_not_estimable	True	False	none
F0242	without_negative_controls	ambiguous	persistent_loss	none	ambiguous	E0	E0_not_estimable	True	False	outcome
F0243	without_negative_controls	ambiguous	persistent_loss	none	ambiguous	E0	E0_not_estimable	True	False	reversal
F0244	without_negative_controls	ambiguous	persistent_loss	none	ambiguous	E0	E0_not_estimable	True	False	rescue
F0245	without_negative_controls	ambiguous	persistent_loss	none	ambiguous	E0	E0_not_estimable	True	False	replication
F0246	without_negative_controls	ambiguous	persistent_loss	none	ambiguous	E1		True	False	none
F0247	without_negative_controls	ambiguous	persistent_loss	none	ambiguous	E1		True	False	outcome
F0248	without_negative_controls	ambiguous	persistent_loss	none	ambiguous	E1		True	False	reversal
F0249	without_negative_controls	ambiguous	persistent_loss	none	ambiguous	E1		True	False	rescue
F0250	without_negative_controls	ambiguous	persistent_loss	none	ambiguous	E1		True	False	replication
F0251	without_negative_controls	ambiguous	persistent_loss	none	ambiguous	E1		True	False	none
F0252	without_negative_controls	ambiguous	persistent_loss	none	ambiguous	E1		True	False	outcome
F0253	without_negative_controls	ambiguous	persistent_loss	none	ambiguous	E1		True	False	reversal
F0254	without_negative_controls	ambiguous	persistent_loss	none	ambiguous	E1		True	False	rescue
F0255	without_negative_controls	ambiguous	persistent_loss	none	ambiguous	E1		True	False	replication
F0256	without_negative_controls	ambiguous	suppression	none	not_identifiable	E0	E0_not_estimable	True	False	none
F0257	without_negative_controls	ambiguous	persistent_loss	none	not_identifiable	E0	E0_not_estimable	True	False	outcome
F0258	without_negative_controls	ambiguous	persistent_loss	none	not_identifiable	E0	E0_not_estimable	True	False	reversal
F0259	without_negative_controls	ambiguous	redirection	none	not_identifiable	E0	E0_not_estimable	True	False	rescue
F0260	without_negative_controls	ambiguous	persistent_loss	none	not_identifiable	E0	E0_not_estimable	True	False	replication
F0261	without_negative_controls	ambiguous	suppression	none	not_identifiable	E0	E0_not_identifiable	True	False	none
F0262	without_negative_controls	ambiguous	persistent_loss	none	not_identifiable	E0	E0_not_identifiable	True	False	outcome
F0263	without_negative_controls	ambiguous	persistent_loss	none	not_identifiable	E0	E0_not_identifiable	True	False	reversal
F0264	without_negative_controls	ambiguous	persistent_loss	none	not_identifiable	E0	E0_not_identifiable	True	False	rescue
F0265	without_negative_controls	ambiguous	persistent_loss	none	not_identifiable	E0	E0_not_identifiable	True	False	replication
F0266	without_negative_controls	ambiguous	redirection	none	not_identifiable	E0	E0_not_identifiable	True	False	none
F0267	without_negative_controls	ambiguous	persistent_loss	none	not_identifiable	E0	E0_not_identifiable	True	False	outcome
F0268	without_negative_controls	ambiguous	persistent_loss	none	not_identifiable	E0	E0_not_identifiable	True	False	reversal
F0269	without_negative_controls	ambiguous	persistent_loss	none	not_identifiable	E0	E0_not_identifiable	True	False	rescue
F0270	without_negative_controls	ambiguous	persistent_loss	none	not_identifiable	E0	E0_not_identifiable	True	False	replication
F0271	without_negative_controls	delay	delay	none	identifiable	E0	E0_not_estimable	False	False	none
F0272	without_negative_controls	delay	delay	none	identifiable	E0	E0_not_estimable	False	False	outcome
F0273	without_negative_controls	delay	delay	none	identifiable	E0	E0_not_estimable	False	False	reversal
F0274	without_negative_controls	delay	delay	none	identifiable	E0	E0_not_estimable	False	False	rescue
F0275	without_negative_controls	delay	delay	none	identifiable	E0	E0_not_estimable	False	False	replication
F0276	without_negative_controls	delay	delay	none	identifiable	E1		False	False	none
F0277	without_negative_controls	delay	delay	none	identifiable	E1		False	False	outcome
F0278	without_negative_controls	delay	delay	none	identifiable	E1		False	False	reversal
F0279	without_negative_controls	delay	delay	none	identifiable	E1		False	False	rescue
F0280	without_negative_controls	delay	delay	none	identifiable	E1		False	False	replication
F0281	without_negative_controls	delay	delay	none	identifiable	E2		False	False	none
F0282	without_negative_controls	delay	delay	none	identifiable	E2		False	False	outcome
F0283	without_negative_controls	delay	delay	none	identifiable	E2		False	False	reversal
F0284	without_negative_controls	delay	delay	none	identifiable	E2		False	False	rescue
F0285	without_negative_controls	delay	delay	none	identifiable	E2		False	False	replication
F0286	without_negative_controls	ambiguous	delay	none	ambiguous	E0	E0_not_estimable	True	False	none
F0287	without_negative_controls	ambiguous	delay	none	ambiguous	E0	E0_not_estimable	True	False	outcome
F0288	without_negative_controls	ambiguous	delay	none	ambiguous	E0	E0_not_estimable	True	False	reversal
F0289	without_negative_controls	delay	delay	none	identifiable	E0	E0_not_estimable	False	False	rescue
F0290	without_negative_controls	ambiguous	delay	none	ambiguous	E0	E0_not_estimable	True	False	replication
F0291	without_negative_controls	ambiguous	delay	none	ambiguous	E1		True	False	none
F0292	without_negative_controls	ambiguous	delay	none	ambiguous	E1		True	False	outcome
F0293	without_negative_controls	ambiguous	delay	none	ambiguous	E1		True	False	reversal
F0294	without_negative_controls	ambiguous	delay	none	ambiguous	E1		True	False	rescue
F0295	without_negative_controls	ambiguous	delay	none	ambiguous	E1		True	False	replication
F0296	without_negative_controls	ambiguous	delay	none	ambiguous	E1		True	False	none
F0297	without_negative_controls	ambiguous	delay	none	ambiguous	E1		True	False	outcome
F0298	without_negative_controls	ambiguous	delay	none	ambiguous	E1		True	False	reversal
F0299	without_negative_controls	ambiguous	delay	none	ambiguous	E1		True	False	rescue
F0300	without_negative_controls	ambiguous	delay	none	ambiguous	E1		True	False	replication
F0301	without_negative_controls	ambiguous	delay	none	not_identifiable	E0	E0_not_estimable	True	False	none
F0302	without_negative_controls	ambiguous	delay	none	not_identifiable	E0	E0_not_estimable	True	False	outcome
F0303	without_negative_controls	ambiguous	delay	none	not_identifiable	E0	E0_not_estimable	True	False	reversal
F0304	without_negative_controls	ambiguous	delay	none	not_identifiable	E0	E0_not_estimable	True	False	rescue
F0305	without_negative_controls	ambiguous	delay	none	not_identifiable	E0	E0_not_estimable	True	False	replication
F0306	without_negative_controls	ambiguous	delay	none	not_identifiable	E0	E0_not_identifiable	True	False	none
F0307	without_negative_controls	ambiguous	delay	none	not_identifiable	E0	E0_not_identifiable	True	False	outcome
F0308	without_negative_controls	ambiguous	delay	none	not_identifiable	E0	E0_not_identifiable	True	False	reversal
F0309	without_negative_controls	ambiguous	delay	none	not_identifiable	E0	E0_not_identifiable	True	False	rescue
F0310	without_negative_controls	ambiguous	delay	none	not_identifiable	E0	E0_not_identifiable	True	False	replication
F0311	without_negative_controls	ambiguous	delay	none	not_identifiable	E0	E0_not_identifiable	True	False	none
F0312	without_negative_controls	ambiguous	delay	none	not_identifiable	E0	E0_not_identifiable	True	False	outcome
F0313	without_negative_controls	ambiguous	delay	none	not_identifiable	E0	E0_not_identifiable	True	False	reversal
F0314	without_negative_controls	ambiguous	delay	none	not_identifiable	E0	E0_not_identifiable	True	False	rescue
F0315	without_negative_controls	ambiguous	delay	none	not_identifiable	E0	E0_not_identifiable	True	False	replication
F0316	without_negative_controls	ambiguous	delay	composition	identifiable	E0	E0_not_estimable	True	False	none
F0317	without_negative_controls	ambiguous	delay	composition	identifiable	E0	E0_not_estimable	True	False	outcome
F0318	without_negative_controls	ambiguous	delay	composition	identifiable	E0	E0_not_estimable	True	False	reversal
F0319	without_negative_controls	ambiguous	delay	composition	identifiable	E0	E0_not_estimable	True	False	rescue
F0320	without_negative_controls	ambiguous	delay	composition	identifiable	E0	E0_not_estimable	True	False	replication
F0321	without_negative_controls	ambiguous	delay	composition	identifiable	E0	E0_artifact_dominated	True	False	none
F0322	without_negative_controls	ambiguous	delay	composition	identifiable	E0	E0_artifact_dominated	True	False	outcome
F0323	without_negative_controls	ambiguous	delay	composition	identifiable	E0	E0_artifact_dominated	True	False	reversal
F0324	without_negative_controls	ambiguous	delay	composition	identifiable	E0	E0_artifact_dominated	True	False	rescue
F0325	without_negative_controls	ambiguous	delay	composition	identifiable	E0	E0_artifact_dominated	True	False	replication
F0326	without_negative_controls	ambiguous	delay	composition	identifiable	E0	E0_artifact_dominated	True	False	none
F0327	without_negative_controls	ambiguous	delay	composition	identifiable	E0	E0_artifact_dominated	True	False	outcome
F0328	without_negative_controls	ambiguous	delay	composition	identifiable	E0	E0_artifact_dominated	True	False	reversal
F0329	without_negative_controls	ambiguous	delay	composition	identifiable	E0	E0_artifact_dominated	True	False	rescue
F0330	without_negative_controls	ambiguous	delay	composition	identifiable	E0	E0_artifact_dominated	True	False	replication
F0331	without_negative_controls	ambiguous	delay	composition	ambiguous	E0	E0_not_estimable	True	False	none
F0332	without_negative_controls	ambiguous	delay	composition	ambiguous	E0	E0_not_estimable	True	False	outcome
F0333	without_negative_controls	ambiguous	delay	composition	ambiguous	E0	E0_not_estimable	True	False	reversal
F0334	without_negative_controls	ambiguous	delay	composition	ambiguous	E0	E0_not_estimable	True	False	rescue
F0335	without_negative_controls	ambiguous	delay	composition	ambiguous	E0	E0_not_estimable	True	False	replication
F0336	without_negative_controls	ambiguous	delay	composition	ambiguous	E0	E0_artifact_dominated	True	False	none
F0337	without_negative_controls	ambiguous	delay	composition	ambiguous	E0	E0_artifact_dominated	True	False	outcome
F0338	without_negative_controls	ambiguous	delay	composition	ambiguous	E0	E0_artifact_dominated	True	False	reversal
F0339	without_negative_controls	ambiguous	delay	composition	ambiguous	E0	E0_artifact_dominated	True	False	rescue
F0340	without_negative_controls	ambiguous	delay	composition	ambiguous	E0	E0_artifact_dominated	True	False	replication
F0341	without_negative_controls	ambiguous	delay	composition	ambiguous	E0	E0_artifact_dominated	True	False	none
F0342	without_negative_controls	ambiguous	delay	composition	ambiguous	E0	E0_artifact_dominated	True	False	outcome
F0343	without_negative_controls	ambiguous	delay	composition	ambiguous	E0	E0_artifact_dominated	True	False	reversal
F0344	without_negative_controls	ambiguous	delay	composition	ambiguous	E0	E0_artifact_dominated	True	False	rescue
F0345	without_negative_controls	ambiguous	delay	composition	ambiguous	E0	E0_artifact_dominated	True	False	replication
F0346	without_negative_controls	ambiguous	delay	composition	not_identifiable	E0	E0_not_estimable	True	False	none
F0347	without_negative_controls	ambiguous	delay	composition	not_identifiable	E0	E0_not_estimable	True	False	outcome
F0348	without_negative_controls	ambiguous	delay	composition	not_identifiable	E0	E0_not_estimable	True	False	reversal
F0349	without_negative_controls	ambiguous	delay	composition	not_identifiable	E0	E0_not_estimable	True	False	rescue
F0350	without_negative_controls	ambiguous	activation	composition	not_identifiable	E0	E0_not_estimable	True	False	replication
F0351	without_negative_controls	ambiguous	activation	composition	not_identifiable	E0	E0_not_identifiable	True	False	none
F0352	without_negative_controls	ambiguous	activation	composition	not_identifiable	E0	E0_not_identifiable	True	False	outcome
F0353	without_negative_controls	ambiguous	delay	composition	not_identifiable	E0	E0_not_identifiable	True	False	reversal
F0354	without_negative_controls	ambiguous	delay	composition	not_identifiable	E0	E0_not_identifiable	True	False	rescue
F0355	without_negative_controls	ambiguous	delay	composition	not_identifiable	E0	E0_not_identifiable	True	False	replication
F0356	without_negative_controls	ambiguous	delay	composition	not_identifiable	E0	E0_not_identifiable	True	False	none
F0357	without_negative_controls	ambiguous	activation	composition	not_identifiable	E0	E0_not_identifiable	True	False	outcome
F0358	without_negative_controls	ambiguous	delay	composition	not_identifiable	E0	E0_not_identifiable	True	False	reversal
F0359	without_negative_controls	ambiguous	activation	composition	not_identifiable	E0	E0_not_identifiable	True	False	rescue
F0360	without_negative_controls	ambiguous	delay	composition	not_identifiable	E0	E0_not_identifiable	True	False	replication
F0361	without_negative_controls	delay	delay	none	identifiable	E0	E0_not_estimable	False	False	none
F0362	without_negative_controls	delay	delay	none	identifiable	E0	E0_not_estimable	False	False	outcome
F0363	without_negative_controls	delay	delay	none	identifiable	E0	E0_not_estimable	False	False	reversal
F0364	without_negative_controls	delay	delay	none	identifiable	E0	E0_not_estimable	False	False	rescue
F0365	without_negative_controls	delay	delay	none	identifiable	E0	E0_not_estimable	False	False	replication
F0366	without_negative_controls	delay	delay	none	identifiable	E1		False	False	none
F0367	without_negative_controls	delay	delay	none	identifiable	E0	E0_not_supported	False	False	outcome
F0368	without_negative_controls	delay	delay	none	identifiable	E0	E0_not_supported	False	False	reversal
F0369	without_negative_controls	delay	delay	none	identifiable	E0	E0_not_supported	False	False	rescue
F0370	without_negative_controls	delay	delay	none	identifiable	E1		False	False	replication
F0371	without_negative_controls	delay	delay	none	identifiable	E0	E0_not_supported	False	False	none
F0372	without_negative_controls	delay	delay	none	identifiable	E0	E0_not_supported	False	False	outcome
F0373	without_negative_controls	delay	delay	none	identifiable	E0	E0_not_supported	False	False	reversal
F0374	without_negative_controls	delay	delay	none	identifiable	E0	E0_not_supported	False	False	rescue
F0375	without_negative_controls	delay	delay	none	identifiable	E0	E0_not_supported	False	False	replication
F0376	without_negative_controls	ambiguous	delay	none	ambiguous	E0	E0_not_estimable	True	False	none
F0377	without_negative_controls	ambiguous	delay	none	ambiguous	E0	E0_not_estimable	True	False	outcome
F0378	without_negative_controls	ambiguous	delay	none	ambiguous	E0	E0_not_estimable	True	False	reversal
F0379	without_negative_controls	ambiguous	delay	none	ambiguous	E0	E0_not_estimable	True	False	rescue
F0380	without_negative_controls	ambiguous	delay	none	ambiguous	E0	E0_not_estimable	True	False	replication
F0381	without_negative_controls	ambiguous	delay	none	ambiguous	E1		True	False	none
F0382	without_negative_controls	ambiguous	delay	none	ambiguous	E0	E0_not_supported	True	False	outcome
F0383	without_negative_controls	ambiguous	delay	none	ambiguous	E1		True	False	reversal
F0384	without_negative_controls	ambiguous	delay	none	ambiguous	E1		True	False	rescue
F0385	without_negative_controls	ambiguous	delay	none	ambiguous	E0	E0_not_supported	True	False	replication
F0386	without_negative_controls	ambiguous	delay	none	ambiguous	E0	E0_not_supported	True	False	none
F0387	without_negative_controls	ambiguous	delay	none	ambiguous	E1		True	False	outcome
F0388	without_negative_controls	ambiguous	delay	none	ambiguous	E1		True	False	reversal
F0389	without_negative_controls	ambiguous	delay	none	ambiguous	E1		True	False	rescue
F0390	without_negative_controls	ambiguous	delay	none	ambiguous	E1		True	False	replication
F0391	without_negative_controls	ambiguous	activation	none	not_identifiable	E0	E0_not_estimable	True	False	none
F0392	without_negative_controls	ambiguous	delay	none	not_identifiable	E0	E0_not_estimable	True	False	outcome
F0393	without_negative_controls	ambiguous	redirection	none	not_identifiable	E0	E0_not_estimable	True	False	reversal
F0394	without_negative_controls	ambiguous	redirection	none	not_identifiable	E0	E0_not_estimable	True	False	rescue
F0395	without_negative_controls	ambiguous	delay	none	not_identifiable	E0	E0_not_estimable	True	False	replication
F0396	without_negative_controls	ambiguous	redirection	none	not_identifiable	E0	E0_not_identifiable	True	False	none
F0397	without_negative_controls	ambiguous	delay	none	not_identifiable	E0	E0_not_identifiable	True	False	outcome
F0398	without_negative_controls	ambiguous	delay	none	not_identifiable	E0	E0_not_identifiable	True	False	reversal
F0399	without_negative_controls	ambiguous	delay	none	not_identifiable	E0	E0_not_identifiable	True	False	rescue
F0400	without_negative_controls	ambiguous	delay	none	not_identifiable	E0	E0_not_identifiable	True	False	replication
F0401	without_negative_controls	ambiguous	delay	none	not_identifiable	E0	E0_not_identifiable	True	False	none
F0402	without_negative_controls	ambiguous	delay	none	not_identifiable	E0	E0_not_identifiable	True	False	outcome
F0403	without_negative_controls	ambiguous	persistent_loss	none	not_identifiable	E0	E0_not_identifiable	True	False	reversal
F0404	without_negative_controls	ambiguous	delay	none	not_identifiable	E0	E0_not_identifiable	True	False	rescue
F0405	without_negative_controls	ambiguous	delay	none	not_identifiable	E0	E0_not_identifiable	True	False	replication
F0406	without_negative_controls	ambiguous	persistent_loss	none	ambiguous	E0	E0_not_estimable	True	False	none
F0407	without_negative_controls	persistent_loss	persistent_loss	none	identifiable	E0	E0_not_estimable	False	False	outcome
F0408	without_negative_controls	ambiguous	persistent_loss	none	ambiguous	E0	E0_not_estimable	True	False	reversal
F0409	without_negative_controls	ambiguous	persistent_loss	none	ambiguous	E0	E0_not_estimable	True	False	rescue
F0410	without_negative_controls	ambiguous	persistent_loss	none	ambiguous	E0	E0_not_estimable	True	False	replication
F0411	without_negative_controls	ambiguous	persistent_loss	none	ambiguous	E1		True	False	none
F0412	without_negative_controls	ambiguous	persistent_loss	none	ambiguous	E1		True	False	outcome
F0413	without_negative_controls	ambiguous	persistent_loss	none	ambiguous	E1		True	False	reversal
F0414	without_negative_controls	ambiguous	persistent_loss	none	ambiguous	E1		True	False	rescue
F0415	without_negative_controls	ambiguous	persistent_loss	none	ambiguous	E1		True	False	replication
F0416	without_negative_controls	ambiguous	persistent_loss	none	ambiguous	E1		True	False	none
F0417	without_negative_controls	ambiguous	persistent_loss	none	ambiguous	E1		True	False	outcome
F0418	without_negative_controls	ambiguous	persistent_loss	none	ambiguous	E1		True	False	reversal
F0419	without_negative_controls	persistent_loss	persistent_loss	none	identifiable	E2		False	False	rescue
F0420	without_negative_controls	ambiguous	persistent_loss	none	ambiguous	E1		True	False	replication
F0421	without_negative_controls	ambiguous	persistent_loss	none	ambiguous	E0	E0_not_estimable	True	False	none
F0422	without_negative_controls	ambiguous	persistent_loss	none	ambiguous	E0	E0_not_estimable	True	False	outcome
F0423	without_negative_controls	ambiguous	persistent_loss	none	ambiguous	E0	E0_not_estimable	True	False	reversal
F0424	without_negative_controls	ambiguous	persistent_loss	none	ambiguous	E0	E0_not_estimable	True	False	rescue
F0425	without_negative_controls	ambiguous	persistent_loss	none	ambiguous	E0	E0_not_estimable	True	False	replication
F0426	without_negative_controls	ambiguous	persistent_loss	none	ambiguous	E1		True	False	none
F0427	without_negative_controls	ambiguous	persistent_loss	none	ambiguous	E1		True	False	outcome
F0428	without_negative_controls	ambiguous	persistent_loss	none	ambiguous	E1		True	False	reversal
F0429	without_negative_controls	ambiguous	persistent_loss	none	ambiguous	E1		True	False	rescue
F0430	without_negative_controls	ambiguous	persistent_loss	none	ambiguous	E1		True	False	replication
F0431	without_negative_controls	ambiguous	persistent_loss	none	ambiguous	E1		True	False	none
F0432	without_negative_controls	ambiguous	persistent_loss	none	ambiguous	E1		True	False	outcome
F0433	without_negative_controls	ambiguous	persistent_loss	none	ambiguous	E1		True	False	reversal
F0434	without_negative_controls	ambiguous	persistent_loss	none	ambiguous	E1		True	False	rescue
F0435	without_negative_controls	ambiguous	persistent_loss	none	ambiguous	E1		True	False	replication
F0436	without_negative_controls	ambiguous	persistent_loss	none	not_identifiable	E0	E0_not_estimable	True	False	none
F0437	without_negative_controls	ambiguous	delay	none	not_identifiable	E0	E0_not_estimable	True	False	outcome
F0438	without_negative_controls	ambiguous	persistent_loss	none	not_identifiable	E0	E0_not_estimable	True	False	reversal
F0439	without_negative_controls	ambiguous	redirection	none	not_identifiable	E0	E0_not_estimable	True	False	rescue
F0440	without_negative_controls	ambiguous	persistent_loss	none	not_identifiable	E0	E0_not_estimable	True	False	replication
F0441	without_negative_controls	ambiguous	persistent_loss	none	not_identifiable	E0	E0_not_identifiable	True	False	none
F0442	without_negative_controls	ambiguous	persistent_loss	none	not_identifiable	E0	E0_not_identifiable	True	False	outcome
F0443	without_negative_controls	ambiguous	persistent_loss	none	not_identifiable	E0	E0_not_identifiable	True	False	reversal
F0444	without_negative_controls	ambiguous	suppression	none	not_identifiable	E0	E0_not_identifiable	True	False	rescue
F0445	without_negative_controls	ambiguous	persistent_loss	none	not_identifiable	E0	E0_not_identifiable	True	False	replication
F0446	without_negative_controls	ambiguous	suppression	none	not_identifiable	E0	E0_not_identifiable	True	False	none
F0447	without_negative_controls	ambiguous	suppression	none	not_identifiable	E0	E0_not_identifiable	True	False	outcome
F0448	without_negative_controls	ambiguous	suppression	none	not_identifiable	E0	E0_not_identifiable	True	False	reversal
F0449	without_negative_controls	ambiguous	persistent_loss	none	not_identifiable	E0	E0_not_identifiable	True	False	rescue
F0450	without_negative_controls	ambiguous	persistent_loss	none	not_identifiable	E0	E0_not_identifiable	True	False	replication
F0451	without_negative_controls	ambiguous	persistent_loss	composition	identifiable	E0	E0_not_estimable	True	False	none
F0452	without_negative_controls	ambiguous	persistent_loss	composition	identifiable	E0	E0_not_estimable	True	False	outcome
F0453	without_negative_controls	ambiguous	persistent_loss	composition	identifiable	E0	E0_not_estimable	True	False	reversal
F0454	without_negative_controls	ambiguous	persistent_loss	composition	identifiable	E0	E0_not_estimable	True	False	rescue
F0455	without_negative_controls	ambiguous	persistent_loss	composition	identifiable	E0	E0_not_estimable	True	False	replication
F0456	without_negative_controls	ambiguous	persistent_loss	composition	identifiable	E0	E0_artifact_dominated	True	False	none
F0457	without_negative_controls	ambiguous	persistent_loss	composition	identifiable	E0	E0_artifact_dominated	True	False	outcome
F0458	without_negative_controls	ambiguous	persistent_loss	composition	identifiable	E0	E0_artifact_dominated	True	False	reversal
F0459	without_negative_controls	ambiguous	persistent_loss	composition	identifiable	E0	E0_artifact_dominated	True	False	rescue
F0460	without_negative_controls	ambiguous	persistent_loss	composition	identifiable	E0	E0_artifact_dominated	True	False	replication
F0461	without_negative_controls	ambiguous	persistent_loss	composition	identifiable	E0	E0_artifact_dominated	True	False	none
F0462	without_negative_controls	ambiguous	persistent_loss	composition	identifiable	E0	E0_artifact_dominated	True	False	outcome
F0463	without_negative_controls	ambiguous	persistent_loss	composition	identifiable	E0	E0_artifact_dominated	True	False	reversal
F0464	without_negative_controls	ambiguous	persistent_loss	composition	identifiable	E0	E0_artifact_dominated	True	False	rescue
F0465	without_negative_controls	ambiguous	persistent_loss	composition	identifiable	E0	E0_artifact_dominated	True	False	replication
F0466	without_negative_controls	ambiguous	persistent_loss	composition	ambiguous	E0	E0_not_estimable	True	False	none
F0467	without_negative_controls	ambiguous	persistent_loss	composition	ambiguous	E0	E0_not_estimable	True	False	outcome
F0468	without_negative_controls	ambiguous	persistent_loss	composition	ambiguous	E0	E0_not_estimable	True	False	reversal
F0469	without_negative_controls	ambiguous	persistent_loss	composition	ambiguous	E0	E0_not_estimable	True	False	rescue
F0470	without_negative_controls	ambiguous	persistent_loss	composition	ambiguous	E0	E0_not_estimable	True	False	replication
F0471	without_negative_controls	ambiguous	persistent_loss	composition	ambiguous	E0	E0_artifact_dominated	True	False	none
F0472	without_negative_controls	ambiguous	persistent_loss	composition	ambiguous	E0	E0_artifact_dominated	True	False	outcome
F0473	without_negative_controls	ambiguous	persistent_loss	composition	ambiguous	E0	E0_artifact_dominated	True	False	reversal
F0474	without_negative_controls	ambiguous	persistent_loss	composition	ambiguous	E0	E0_artifact_dominated	True	False	rescue
F0475	without_negative_controls	ambiguous	persistent_loss	composition	ambiguous	E0	E0_artifact_dominated	True	False	replication
F0476	without_negative_controls	ambiguous	persistent_loss	composition	ambiguous	E0	E0_artifact_dominated	True	False	none
F0477	without_negative_controls	ambiguous	persistent_loss	composition	ambiguous	E0	E0_artifact_dominated	True	False	outcome
F0478	without_negative_controls	ambiguous	persistent_loss	composition	ambiguous	E0	E0_artifact_dominated	True	False	reversal
F0479	without_negative_controls	ambiguous	persistent_loss	composition	ambiguous	E0	E0_artifact_dominated	True	False	rescue
F0480	without_negative_controls	ambiguous	persistent_loss	composition	ambiguous	E0	E0_artifact_dominated	True	False	replication
F0481	without_negative_controls	ambiguous	persistent_loss	composition	not_identifiable	E0	E0_not_estimable	True	False	none
F0482	without_negative_controls	ambiguous	redirection	composition	not_identifiable	E0	E0_not_estimable	True	False	outcome
F0483	without_negative_controls	ambiguous	persistent_loss	composition	not_identifiable	E0	E0_not_estimable	True	False	reversal
F0484	without_negative_controls	ambiguous	persistent_loss	composition	not_identifiable	E0	E0_not_estimable	True	False	rescue
F0485	without_negative_controls	ambiguous	persistent_loss	composition	not_identifiable	E0	E0_not_estimable	True	False	replication
F0486	without_negative_controls	ambiguous	redirection	composition	not_identifiable	E0	E0_not_identifiable	True	False	none
F0487	without_negative_controls	ambiguous	persistent_loss	composition	not_identifiable	E0	E0_not_identifiable	True	False	outcome
F0488	without_negative_controls	ambiguous	persistent_loss	composition	not_identifiable	E0	E0_not_identifiable	True	False	reversal
F0489	without_negative_controls	ambiguous	persistent_loss	composition	not_identifiable	E0	E0_not_identifiable	True	False	rescue
F0490	without_negative_controls	ambiguous	persistent_loss	composition	not_identifiable	E0	E0_not_identifiable	True	False	replication
F0491	without_negative_controls	ambiguous	persistent_loss	composition	not_identifiable	E0	E0_not_identifiable	True	False	none
F0492	without_negative_controls	ambiguous	persistent_loss	composition	not_identifiable	E0	E0_not_identifiable	True	False	outcome
F0493	without_negative_controls	ambiguous	persistent_loss	composition	not_identifiable	E0	E0_not_identifiable	True	False	reversal
F0494	without_negative_controls	ambiguous	persistent_loss	composition	not_identifiable	E0	E0_not_identifiable	True	False	rescue
F0495	without_negative_controls	ambiguous	persistent_loss	composition	not_identifiable	E0	E0_not_identifiable	True	False	replication
F0496	without_negative_controls	persistent_loss	persistent_loss	none	identifiable	E0	E0_not_estimable	False	False	none
F0497	without_negative_controls	persistent_loss	persistent_loss	none	identifiable	E0	E0_not_estimable	False	False	outcome
F0498	without_negative_controls	persistent_loss	persistent_loss	none	identifiable	E0	E0_not_estimable	False	False	reversal
F0499	without_negative_controls	ambiguous	persistent_loss	none	ambiguous	E0	E0_not_estimable	True	False	rescue
F0500	without_negative_controls	persistent_loss	persistent_loss	none	identifiable	E0	E0_not_estimable	False	False	replication
F0501	without_negative_controls	persistent_loss	persistent_loss	none	identifiable	E1		False	False	none
F0502	without_negative_controls	persistent_loss	persistent_loss	none	identifiable	E1		False	False	outcome
F0503	without_negative_controls	persistent_loss	persistent_loss	none	identifiable	E1		False	False	reversal
F0504	without_negative_controls	persistent_loss	persistent_loss	none	identifiable	E1		False	False	rescue
F0505	without_negative_controls	persistent_loss	persistent_loss	none	identifiable	E1		False	False	replication
F0506	without_negative_controls	persistent_loss	persistent_loss	none	identifiable	E2		False	False	none
F0507	without_negative_controls	persistent_loss	persistent_loss	none	identifiable	E2		False	False	outcome
F0508	without_negative_controls	persistent_loss	persistent_loss	none	identifiable	E2		False	False	reversal
F0509	without_negative_controls	persistent_loss	persistent_loss	none	identifiable	E2		False	False	rescue
F0510	without_negative_controls	persistent_loss	persistent_loss	none	identifiable	E2		False	False	replication
F0511	without_negative_controls	ambiguous	redirection	none	ambiguous	E0	E0_not_estimable	True	False	none
F0512	without_negative_controls	ambiguous	redirection	none	ambiguous	E0	E0_not_estimable	True	False	outcome
F0513	without_negative_controls	ambiguous	redirection	none	ambiguous	E0	E0_not_estimable	True	False	reversal
F0514	without_negative_controls	ambiguous	persistent_loss	none	ambiguous	E0	E0_not_estimable	True	False	rescue
F0515	without_negative_controls	ambiguous	redirection	none	ambiguous	E0	E0_not_estimable	True	False	replication
F0516	without_negative_controls	ambiguous	persistent_loss	none	ambiguous	E1		True	False	none
F0517	without_negative_controls	ambiguous	persistent_loss	none	ambiguous	E1		True	False	outcome
F0518	without_negative_controls	ambiguous	persistent_loss	none	ambiguous	E1		True	False	reversal
F0519	without_negative_controls	ambiguous	persistent_loss	none	ambiguous	E1		True	False	rescue
F0520	without_negative_controls	ambiguous	persistent_loss	none	ambiguous	E1		True	False	replication
F0521	without_negative_controls	ambiguous	persistent_loss	none	ambiguous	E1		True	False	none
F0522	without_negative_controls	ambiguous	persistent_loss	none	ambiguous	E1		True	False	outcome
F0523	without_negative_controls	ambiguous	persistent_loss	none	ambiguous	E1		True	False	reversal
F0524	without_negative_controls	ambiguous	persistent_loss	none	ambiguous	E1		True	False	rescue
F0525	without_negative_controls	ambiguous	persistent_loss	none	ambiguous	E1		True	False	replication
F0526	without_negative_controls	ambiguous	persistent_loss	none	not_identifiable	E0	E0_not_estimable	True	False	none
F0527	without_negative_controls	ambiguous	activation	none	not_identifiable	E0	E0_not_estimable	True	False	outcome
F0528	without_negative_controls	ambiguous	redirection	none	not_identifiable	E0	E0_not_estimable	True	False	reversal
F0529	without_negative_controls	ambiguous	redirection	none	not_identifiable	E0	E0_not_estimable	True	False	rescue
F0530	without_negative_controls	ambiguous	persistent_loss	none	not_identifiable	E0	E0_not_estimable	True	False	replication
F0531	without_negative_controls	ambiguous	persistent_loss	none	not_identifiable	E0	E0_not_identifiable	True	False	none
F0532	without_negative_controls	ambiguous	persistent_loss	none	not_identifiable	E0	E0_not_identifiable	True	False	outcome
F0533	without_negative_controls	ambiguous	persistent_loss	none	not_identifiable	E0	E0_not_identifiable	True	False	reversal
F0534	without_negative_controls	ambiguous	persistent_loss	none	not_identifiable	E0	E0_not_identifiable	True	False	rescue
F0535	without_negative_controls	ambiguous	persistent_loss	none	not_identifiable	E0	E0_not_identifiable	True	False	replication
F0536	without_negative_controls	ambiguous	persistent_loss	none	not_identifiable	E0	E0_not_identifiable	True	False	none
F0537	without_negative_controls	ambiguous	persistent_loss	none	not_identifiable	E0	E0_not_identifiable	True	False	outcome
F0538	without_negative_controls	ambiguous	persistent_loss	none	not_identifiable	E0	E0_not_identifiable	True	False	reversal
F0539	without_negative_controls	ambiguous	redirection	none	not_identifiable	E0	E0_not_identifiable	True	False	rescue
F0540	without_negative_controls	ambiguous	persistent_loss	none	not_identifiable	E0	E0_not_identifiable	True	False	replication
F0541	without_negative_controls	redirection	redirection	none	identifiable	E0	E0_not_estimable	False	False	none
F0542	without_negative_controls	redirection	redirection	none	identifiable	E0	E0_not_estimable	False	False	outcome
F0543	without_negative_controls	redirection	redirection	none	identifiable	E0	E0_not_estimable	False	False	reversal
F0544	without_negative_controls	redirection	redirection	none	identifiable	E0	E0_not_estimable	False	False	rescue
F0545	without_negative_controls	redirection	redirection	none	identifiable	E0	E0_not_estimable	False	False	replication
F0546	without_negative_controls	redirection	redirection	none	identifiable	E1		False	False	none
F0547	without_negative_controls	redirection	redirection	none	identifiable	E1		False	False	outcome
F0548	without_negative_controls	redirection	redirection	none	identifiable	E1		False	False	reversal
F0549	without_negative_controls	redirection	redirection	none	identifiable	E1		False	False	rescue
F0550	without_negative_controls	redirection	redirection	none	identifiable	E1		False	False	replication
F0551	without_negative_controls	redirection	redirection	none	identifiable	E2		False	False	none
F0552	without_negative_controls	redirection	redirection	none	identifiable	E2		False	False	outcome
F0553	without_negative_controls	redirection	redirection	none	identifiable	E2		False	False	reversal
F0554	without_negative_controls	redirection	redirection	none	identifiable	E2		False	False	rescue
F0555	without_negative_controls	redirection	redirection	none	identifiable	E2		False	False	replication
F0556	without_negative_controls	ambiguous	redirection	none	ambiguous	E0	E0_not_estimable	True	False	none
F0557	without_negative_controls	ambiguous	redirection	none	ambiguous	E0	E0_not_estimable	True	False	outcome
F0558	without_negative_controls	ambiguous	redirection	none	ambiguous	E0	E0_not_estimable	True	False	reversal
F0559	without_negative_controls	ambiguous	redirection	none	ambiguous	E0	E0_not_estimable	True	False	rescue
F0560	without_negative_controls	redirection	redirection	none	identifiable	E0	E0_not_estimable	False	False	replication
F0561	without_negative_controls	ambiguous	redirection	none	ambiguous	E1		True	False	none
F0562	without_negative_controls	ambiguous	redirection	none	ambiguous	E1		True	False	outcome
F0563	without_negative_controls	ambiguous	redirection	none	ambiguous	E1		True	False	reversal
F0564	without_negative_controls	ambiguous	redirection	none	ambiguous	E1		True	False	rescue
F0565	without_negative_controls	ambiguous	redirection	none	ambiguous	E1		True	False	replication
F0566	without_negative_controls	ambiguous	redirection	none	ambiguous	E1		True	False	none
F0567	without_negative_controls	ambiguous	redirection	none	ambiguous	E1		True	False	outcome
F0568	without_negative_controls	ambiguous	redirection	none	ambiguous	E1		True	False	reversal
F0569	without_negative_controls	ambiguous	redirection	none	ambiguous	E1		True	False	rescue
F0570	without_negative_controls	ambiguous	redirection	none	ambiguous	E1		True	False	replication
F0571	without_negative_controls	ambiguous	redirection	none	not_identifiable	E0	E0_not_estimable	True	False	none
F0572	without_negative_controls	ambiguous	redirection	none	not_identifiable	E0	E0_not_estimable	True	False	outcome
F0573	without_negative_controls	ambiguous	delay	none	not_identifiable	E0	E0_not_estimable	True	False	reversal
F0574	without_negative_controls	ambiguous	redirection	none	not_identifiable	E0	E0_not_estimable	True	False	rescue
F0575	without_negative_controls	ambiguous	redirection	none	not_identifiable	E0	E0_not_estimable	True	False	replication
F0576	without_negative_controls	ambiguous	redirection	none	not_identifiable	E0	E0_not_identifiable	True	False	none
F0577	without_negative_controls	ambiguous	redirection	none	not_identifiable	E0	E0_not_identifiable	True	False	outcome
F0578	without_negative_controls	ambiguous	redirection	none	not_identifiable	E0	E0_not_identifiable	True	False	reversal
F0579	without_negative_controls	ambiguous	redirection	none	not_identifiable	E0	E0_not_identifiable	True	False	rescue
F0580	without_negative_controls	ambiguous	redirection	none	not_identifiable	E0	E0_not_identifiable	True	False	replication
F0581	without_negative_controls	ambiguous	redirection	none	not_identifiable	E0	E0_not_identifiable	True	False	none
F0582	without_negative_controls	ambiguous	redirection	none	not_identifiable	E0	E0_not_identifiable	True	False	outcome
F0583	without_negative_controls	ambiguous	redirection	none	not_identifiable	E0	E0_not_identifiable	True	False	reversal
F0584	without_negative_controls	ambiguous	redirection	none	not_identifiable	E0	E0_not_identifiable	True	False	rescue
F0585	without_negative_controls	ambiguous	redirection	none	not_identifiable	E0	E0_not_identifiable	True	False	replication
F0586	without_negative_controls	ambiguous	redirection	composition	identifiable	E0	E0_not_estimable	True	False	none
F0587	without_negative_controls	ambiguous	redirection	composition	identifiable	E0	E0_not_estimable	True	False	outcome
F0588	without_negative_controls	ambiguous	redirection	composition	identifiable	E0	E0_not_estimable	True	False	reversal
F0589	without_negative_controls	ambiguous	redirection	composition	identifiable	E0	E0_not_estimable	True	False	rescue
F0590	without_negative_controls	ambiguous	redirection	composition	identifiable	E0	E0_not_estimable	True	False	replication
F0591	without_negative_controls	ambiguous	redirection	composition	identifiable	E0	E0_artifact_dominated	True	False	none
F0592	without_negative_controls	ambiguous	redirection	composition	identifiable	E0	E0_artifact_dominated	True	False	outcome
F0593	without_negative_controls	ambiguous	redirection	composition	identifiable	E0	E0_artifact_dominated	True	False	reversal
F0594	without_negative_controls	ambiguous	redirection	composition	identifiable	E0	E0_artifact_dominated	True	False	rescue
F0595	without_negative_controls	ambiguous	redirection	composition	identifiable	E0	E0_artifact_dominated	True	False	replication
F0596	without_negative_controls	ambiguous	redirection	composition	identifiable	E0	E0_artifact_dominated	True	False	none
F0597	without_negative_controls	ambiguous	redirection	composition	identifiable	E0	E0_artifact_dominated	True	False	outcome
F0598	without_negative_controls	ambiguous	redirection	composition	identifiable	E0	E0_artifact_dominated	True	False	reversal
F0599	without_negative_controls	ambiguous	redirection	composition	identifiable	E0	E0_artifact_dominated	True	False	rescue
F0600	without_negative_controls	ambiguous	redirection	composition	identifiable	E0	E0_artifact_dominated	True	False	replication
F0601	without_negative_controls	ambiguous	redirection	composition	ambiguous	E0	E0_not_estimable	True	False	none
F0602	without_negative_controls	ambiguous	redirection	composition	ambiguous	E0	E0_not_estimable	True	False	outcome
F0603	without_negative_controls	ambiguous	redirection	composition	ambiguous	E0	E0_not_estimable	True	False	reversal
F0604	without_negative_controls	ambiguous	redirection	composition	ambiguous	E0	E0_not_estimable	True	False	rescue
F0605	without_negative_controls	ambiguous	redirection	composition	ambiguous	E0	E0_not_estimable	True	False	replication
F0606	without_negative_controls	ambiguous	redirection	composition	ambiguous	E0	E0_artifact_dominated	True	False	none
F0607	without_negative_controls	ambiguous	redirection	composition	ambiguous	E0	E0_artifact_dominated	True	False	outcome
F0608	without_negative_controls	ambiguous	redirection	composition	ambiguous	E0	E0_artifact_dominated	True	False	reversal
F0609	without_negative_controls	ambiguous	redirection	composition	ambiguous	E0	E0_artifact_dominated	True	False	rescue
F0610	without_negative_controls	ambiguous	redirection	composition	ambiguous	E0	E0_artifact_dominated	True	False	replication
F0611	without_negative_controls	ambiguous	redirection	composition	ambiguous	E0	E0_artifact_dominated	True	False	none
F0612	without_negative_controls	ambiguous	redirection	composition	ambiguous	E0	E0_artifact_dominated	True	False	outcome
F0613	without_negative_controls	ambiguous	redirection	composition	ambiguous	E0	E0_artifact_dominated	True	False	reversal
F0614	without_negative_controls	ambiguous	redirection	composition	ambiguous	E0	E0_artifact_dominated	True	False	rescue
F0615	without_negative_controls	ambiguous	redirection	composition	ambiguous	E0	E0_artifact_dominated	True	False	replication
F0616	without_negative_controls	ambiguous	redirection	composition	not_identifiable	E0	E0_not_estimable	True	False	none
F0617	without_negative_controls	ambiguous	redirection	composition	not_identifiable	E0	E0_not_estimable	True	False	outcome
F0618	without_negative_controls	ambiguous	redirection	composition	not_identifiable	E0	E0_not_estimable	True	False	reversal
F0619	without_negative_controls	ambiguous	redirection	composition	not_identifiable	E0	E0_not_estimable	True	False	rescue
F0620	without_negative_controls	ambiguous	redirection	composition	not_identifiable	E0	E0_not_estimable	True	False	replication
F0621	without_negative_controls	ambiguous	redirection	composition	not_identifiable	E0	E0_not_identifiable	True	False	none
F0622	without_negative_controls	ambiguous	redirection	composition	not_identifiable	E0	E0_not_identifiable	True	False	outcome
F0623	without_negative_controls	ambiguous	redirection	composition	not_identifiable	E0	E0_not_identifiable	True	False	reversal
F0624	without_negative_controls	ambiguous	redirection	composition	not_identifiable	E0	E0_not_identifiable	True	False	rescue
F0625	without_negative_controls	ambiguous	redirection	composition	not_identifiable	E0	E0_not_identifiable	True	False	replication
F0626	without_negative_controls	ambiguous	redirection	composition	not_identifiable	E0	E0_not_identifiable	True	False	none
F0627	without_negative_controls	ambiguous	redirection	composition	not_identifiable	E0	E0_not_identifiable	True	False	outcome
F0628	without_negative_controls	ambiguous	redirection	composition	not_identifiable	E0	E0_not_identifiable	True	False	reversal
F0629	without_negative_controls	ambiguous	redirection	composition	not_identifiable	E0	E0_not_identifiable	True	False	rescue
F0630	without_negative_controls	ambiguous	redirection	composition	not_identifiable	E0	E0_not_identifiable	True	False	replication
F0631	without_negative_controls	redirection	redirection	none	identifiable	E0	E0_not_estimable	False	False	none
F0632	without_negative_controls	redirection	redirection	none	identifiable	E0	E0_not_estimable	False	False	outcome
F0633	without_negative_controls	redirection	redirection	none	identifiable	E0	E0_not_estimable	False	False	reversal
F0634	without_negative_controls	redirection	redirection	none	identifiable	E0	E0_not_estimable	False	False	rescue
F0635	without_negative_controls	redirection	redirection	none	identifiable	E0	E0_not_estimable	False	False	replication
F0636	without_negative_controls	redirection	redirection	none	identifiable	E1		False	False	none
F0637	without_negative_controls	redirection	redirection	none	identifiable	E1		False	False	outcome
F0638	without_negative_controls	redirection	redirection	none	identifiable	E1		False	False	reversal
F0639	without_negative_controls	redirection	redirection	none	identifiable	E1		False	False	rescue
F0640	without_negative_controls	redirection	redirection	none	identifiable	E1		False	False	replication
F0641	without_negative_controls	redirection	redirection	none	identifiable	E2		False	False	none
F0642	without_negative_controls	redirection	redirection	none	identifiable	E2		False	False	outcome
F0643	without_negative_controls	redirection	redirection	none	identifiable	E2		False	False	reversal
F0644	without_negative_controls	redirection	redirection	none	identifiable	E2		False	False	rescue
F0645	without_negative_controls	redirection	redirection	none	identifiable	E2		False	False	replication
F0646	without_negative_controls	ambiguous	redirection	none	ambiguous	E0	E0_not_estimable	True	False	none
F0647	without_negative_controls	ambiguous	redirection	none	ambiguous	E0	E0_not_estimable	True	False	outcome
F0648	without_negative_controls	ambiguous	redirection	none	ambiguous	E0	E0_not_estimable	True	False	reversal
F0649	without_negative_controls	ambiguous	redirection	none	ambiguous	E0	E0_not_estimable	True	False	rescue
F0650	without_negative_controls	ambiguous	redirection	none	ambiguous	E0	E0_not_estimable	True	False	replication
F0651	without_negative_controls	ambiguous	redirection	none	ambiguous	E1		True	False	none
F0652	without_negative_controls	ambiguous	redirection	none	ambiguous	E1		True	False	outcome
F0653	without_negative_controls	ambiguous	redirection	none	ambiguous	E1		True	False	reversal
F0654	without_negative_controls	ambiguous	redirection	none	ambiguous	E1		True	False	rescue
F0655	without_negative_controls	ambiguous	redirection	none	ambiguous	E1		True	False	replication
F0656	without_negative_controls	ambiguous	redirection	none	ambiguous	E1		True	False	none
F0657	without_negative_controls	ambiguous	redirection	none	ambiguous	E1		True	False	outcome
F0658	without_negative_controls	ambiguous	redirection	none	ambiguous	E1		True	False	reversal
F0659	without_negative_controls	ambiguous	redirection	none	ambiguous	E1		True	False	rescue
F0660	without_negative_controls	ambiguous	redirection	none	ambiguous	E1		True	False	replication
F0661	without_negative_controls	ambiguous	redirection	none	not_identifiable	E0	E0_not_estimable	True	False	none
F0662	without_negative_controls	ambiguous	redirection	none	not_identifiable	E0	E0_not_estimable	True	False	outcome
F0663	without_negative_controls	ambiguous	redirection	none	not_identifiable	E0	E0_not_estimable	True	False	reversal
F0664	without_negative_controls	ambiguous	redirection	none	not_identifiable	E0	E0_not_estimable	True	False	rescue
F0665	without_negative_controls	ambiguous	redirection	none	not_identifiable	E0	E0_not_estimable	True	False	replication
F0666	without_negative_controls	ambiguous	redirection	none	not_identifiable	E0	E0_not_identifiable	True	False	none
F0667	without_negative_controls	ambiguous	redirection	none	not_identifiable	E0	E0_not_identifiable	True	False	outcome
F0668	without_negative_controls	ambiguous	redirection	none	not_identifiable	E0	E0_not_identifiable	True	False	reversal
F0669	without_negative_controls	ambiguous	redirection	none	not_identifiable	E0	E0_not_identifiable	True	False	rescue
F0670	without_negative_controls	ambiguous	redirection	none	not_identifiable	E0	E0_not_identifiable	True	False	replication
F0671	without_negative_controls	ambiguous	redirection	none	not_identifiable	E0	E0_not_identifiable	True	False	none
F0672	without_negative_controls	ambiguous	redirection	none	not_identifiable	E0	E0_not_identifiable	True	False	outcome
F0673	without_negative_controls	ambiguous	redirection	none	not_identifiable	E0	E0_not_identifiable	True	False	reversal
F0674	without_negative_controls	ambiguous	redirection	none	not_identifiable	E0	E0_not_identifiable	True	False	rescue
F0675	without_negative_controls	ambiguous	redirection	none	not_identifiable	E0	E0_not_identifiable	True	False	replication
F0001	without_identifiability_gate	activation	activation	none	identifiable	E0	E0_not_estimable	False	False	none
F0002	without_identifiability_gate	activation	activation	none	identifiable	E0	E0_not_estimable	False	False	outcome
F0003	without_identifiability_gate	activation	activation	none	identifiable	E0	E0_not_estimable	False	False	reversal
F0004	without_identifiability_gate	activation	activation	none	identifiable	E0	E0_not_estimable	False	False	rescue
F0005	without_identifiability_gate	activation	activation	none	identifiable	E0	E0_not_estimable	False	False	replication
F0006	without_identifiability_gate	activation	activation	none	identifiable	E1		False	False	none
F0007	without_identifiability_gate	activation	activation	none	identifiable	E1		False	False	outcome
F0008	without_identifiability_gate	activation	activation	none	identifiable	E1		False	False	reversal
F0009	without_identifiability_gate	activation	activation	none	identifiable	E1		False	False	rescue
F0010	without_identifiability_gate	activation	activation	none	identifiable	E1		False	False	replication
F0011	without_identifiability_gate	activation	activation	none	identifiable	E2		False	False	none
F0012	without_identifiability_gate	activation	activation	none	identifiable	E2		False	False	outcome
F0013	without_identifiability_gate	activation	activation	none	identifiable	E2		False	False	reversal
F0014	without_identifiability_gate	activation	activation	none	identifiable	E2		False	False	rescue
F0015	without_identifiability_gate	activation	activation	none	identifiable	E2		False	False	replication
F0016	without_identifiability_gate	ambiguous	activation	none	ambiguous	E0	E0_not_estimable	True	False	none
F0017	without_identifiability_gate	ambiguous	activation	none	ambiguous	E0	E0_not_estimable	True	False	outcome
F0018	without_identifiability_gate	ambiguous	activation	none	ambiguous	E0	E0_not_estimable	True	False	reversal
F0019	without_identifiability_gate	ambiguous	activation	none	ambiguous	E0	E0_not_estimable	True	False	rescue
F0020	without_identifiability_gate	ambiguous	activation	none	ambiguous	E0	E0_not_estimable	True	False	replication
F0021	without_identifiability_gate	ambiguous	activation	none	ambiguous	E1		True	False	none
F0022	without_identifiability_gate	ambiguous	activation	none	ambiguous	E1		True	False	outcome
F0023	without_identifiability_gate	ambiguous	activation	none	ambiguous	E1		True	False	reversal
F0024	without_identifiability_gate	ambiguous	activation	none	ambiguous	E1		True	False	rescue
F0025	without_identifiability_gate	ambiguous	activation	none	ambiguous	E1		True	False	replication
F0026	without_identifiability_gate	ambiguous	activation	none	ambiguous	E2		True	False	none
F0027	without_identifiability_gate	ambiguous	activation	none	ambiguous	E2		True	False	outcome
F0028	without_identifiability_gate	ambiguous	activation	none	ambiguous	E2		True	False	reversal
F0029	without_identifiability_gate	ambiguous	activation	none	ambiguous	E2		True	False	rescue
F0030	without_identifiability_gate	ambiguous	activation	none	ambiguous	E2		True	False	replication
F0031	without_identifiability_gate	ambiguous	activation	none	not_identifiable	E0	E0_not_estimable	True	False	none
F0032	without_identifiability_gate	ambiguous	activation	none	not_identifiable	E0	E0_not_estimable	True	False	outcome
F0033	without_identifiability_gate	ambiguous	activation	none	not_identifiable	E0	E0_not_estimable	True	False	reversal
F0034	without_identifiability_gate	ambiguous	activation	none	not_identifiable	E0	E0_not_estimable	True	False	rescue
F0035	without_identifiability_gate	ambiguous	activation	none	not_identifiable	E0	E0_not_estimable	True	False	replication
F0036	without_identifiability_gate	ambiguous	activation	none	not_identifiable	E1		True	False	none
F0037	without_identifiability_gate	ambiguous	activation	none	not_identifiable	E1		True	False	outcome
F0038	without_identifiability_gate	ambiguous	activation	none	not_identifiable	E1		True	False	reversal
F0039	without_identifiability_gate	ambiguous	activation	none	not_identifiable	E1		True	False	rescue
F0040	without_identifiability_gate	ambiguous	activation	none	not_identifiable	E1		True	False	replication
F0041	without_identifiability_gate	ambiguous	activation	none	not_identifiable	E2		True	False	none
F0042	without_identifiability_gate	ambiguous	activation	none	not_identifiable	E2		True	False	outcome
F0043	without_identifiability_gate	ambiguous	activation	none	not_identifiable	E2		True	False	reversal
F0044	without_identifiability_gate	ambiguous	activation	none	not_identifiable	E2		True	False	rescue
F0045	without_identifiability_gate	ambiguous	activation	none	not_identifiable	E2		True	False	replication
F0046	without_identifiability_gate	ambiguous	activation	composition	identifiable	E0	E0_not_estimable	True	False	none
F0047	without_identifiability_gate	ambiguous	activation	composition	identifiable	E0	E0_not_estimable	True	False	outcome
F0048	without_identifiability_gate	ambiguous	activation	composition	identifiable	E0	E0_not_estimable	True	False	reversal
F0049	without_identifiability_gate	ambiguous	activation	composition	identifiable	E0	E0_not_estimable	True	False	rescue
F0050	without_identifiability_gate	ambiguous	activation	composition	identifiable	E0	E0_not_estimable	True	False	replication
F0051	without_identifiability_gate	ambiguous	activation	composition	identifiable	E0	E0_artifact_dominated	True	False	none
F0052	without_identifiability_gate	ambiguous	activation	composition	identifiable	E0	E0_artifact_dominated	True	False	outcome
F0053	without_identifiability_gate	ambiguous	activation	composition	identifiable	E0	E0_artifact_dominated	True	False	reversal
F0054	without_identifiability_gate	ambiguous	activation	composition	identifiable	E0	E0_artifact_dominated	True	False	rescue
F0055	without_identifiability_gate	ambiguous	activation	composition	identifiable	E0	E0_artifact_dominated	True	False	replication
F0056	without_identifiability_gate	ambiguous	activation	composition	identifiable	E0	E0_artifact_dominated	True	False	none
F0057	without_identifiability_gate	ambiguous	activation	composition	identifiable	E0	E0_artifact_dominated	True	False	outcome
F0058	without_identifiability_gate	ambiguous	activation	composition	identifiable	E0	E0_artifact_dominated	True	False	reversal
F0059	without_identifiability_gate	ambiguous	activation	composition	identifiable	E0	E0_artifact_dominated	True	False	rescue
F0060	without_identifiability_gate	ambiguous	activation	composition	identifiable	E0	E0_artifact_dominated	True	False	replication
F0061	without_identifiability_gate	ambiguous	activation	composition	ambiguous	E0	E0_not_estimable	True	False	none
F0062	without_identifiability_gate	ambiguous	activation	composition	ambiguous	E0	E0_not_estimable	True	False	outcome
F0063	without_identifiability_gate	ambiguous	activation	composition	ambiguous	E0	E0_not_estimable	True	False	reversal
F0064	without_identifiability_gate	ambiguous	activation	composition	ambiguous	E0	E0_not_estimable	True	False	rescue
F0065	without_identifiability_gate	ambiguous	activation	composition	ambiguous	E0	E0_not_estimable	True	False	replication
F0066	without_identifiability_gate	ambiguous	activation	composition	ambiguous	E0	E0_artifact_dominated	True	False	none
F0067	without_identifiability_gate	ambiguous	activation	composition	ambiguous	E0	E0_artifact_dominated	True	False	outcome
F0068	without_identifiability_gate	ambiguous	activation	composition	ambiguous	E0	E0_artifact_dominated	True	False	reversal
F0069	without_identifiability_gate	ambiguous	activation	composition	ambiguous	E0	E0_artifact_dominated	True	False	rescue
F0070	without_identifiability_gate	ambiguous	activation	composition	ambiguous	E0	E0_artifact_dominated	True	False	replication
F0071	without_identifiability_gate	ambiguous	activation	composition	ambiguous	E0	E0_artifact_dominated	True	False	none
F0072	without_identifiability_gate	ambiguous	activation	composition	ambiguous	E0	E0_artifact_dominated	True	False	outcome
F0073	without_identifiability_gate	ambiguous	activation	composition	ambiguous	E0	E0_artifact_dominated	True	False	reversal
F0074	without_identifiability_gate	ambiguous	activation	composition	ambiguous	E0	E0_artifact_dominated	True	False	rescue
F0075	without_identifiability_gate	ambiguous	activation	composition	ambiguous	E0	E0_artifact_dominated	True	False	replication
F0076	without_identifiability_gate	ambiguous	activation	composition	not_identifiable	E0	E0_not_estimable	True	False	none
F0077	without_identifiability_gate	ambiguous	activation	composition	not_identifiable	E0	E0_not_estimable	True	False	outcome
F0078	without_identifiability_gate	ambiguous	activation	composition	not_identifiable	E0	E0_not_estimable	True	False	reversal
F0079	without_identifiability_gate	ambiguous	activation	composition	not_identifiable	E0	E0_not_estimable	True	False	rescue
F0080	without_identifiability_gate	ambiguous	activation	composition	not_identifiable	E0	E0_not_estimable	True	False	replication
F0081	without_identifiability_gate	ambiguous	activation	composition	not_identifiable	E0	E0_artifact_dominated	True	False	none
F0082	without_identifiability_gate	ambiguous	activation	composition	not_identifiable	E0	E0_artifact_dominated	True	False	outcome
F0083	without_identifiability_gate	ambiguous	activation	composition	not_identifiable	E0	E0_artifact_dominated	True	False	reversal
F0084	without_identifiability_gate	ambiguous	activation	composition	not_identifiable	E0	E0_artifact_dominated	True	False	rescue
F0085	without_identifiability_gate	ambiguous	activation	composition	not_identifiable	E0	E0_artifact_dominated	True	False	replication
F0086	without_identifiability_gate	ambiguous	activation	composition	not_identifiable	E0	E0_artifact_dominated	True	False	none
F0087	without_identifiability_gate	ambiguous	activation	composition	not_identifiable	E0	E0_artifact_dominated	True	False	outcome
F0088	without_identifiability_gate	ambiguous	activation	composition	not_identifiable	E0	E0_artifact_dominated	True	False	reversal
F0089	without_identifiability_gate	ambiguous	activation	composition	not_identifiable	E0	E0_artifact_dominated	True	False	rescue
F0090	without_identifiability_gate	ambiguous	activation	composition	not_identifiable	E0	E0_artifact_dominated	True	False	replication
F0091	without_identifiability_gate	ambiguous	activation	stress	identifiable	E0	E0_not_estimable	True	False	none
F0092	without_identifiability_gate	ambiguous	activation	stress	identifiable	E0	E0_not_estimable	True	False	outcome
F0093	without_identifiability_gate	ambiguous	activation	stress	identifiable	E0	E0_not_estimable	True	False	reversal
F0094	without_identifiability_gate	ambiguous	activation	stress	identifiable	E0	E0_not_estimable	True	False	rescue
F0095	without_identifiability_gate	ambiguous	activation	stress	identifiable	E0	E0_not_estimable	True	False	replication
F0096	without_identifiability_gate	ambiguous	activation	stress	identifiable	E0	E0_artifact_dominated	True	False	none
F0097	without_identifiability_gate	ambiguous	activation	stress	identifiable	E0	E0_artifact_dominated	True	False	outcome
F0098	without_identifiability_gate	ambiguous	activation	stress	identifiable	E0	E0_artifact_dominated	True	False	reversal
F0099	without_identifiability_gate	ambiguous	activation	stress	identifiable	E0	E0_artifact_dominated	True	False	rescue
F0100	without_identifiability_gate	ambiguous	activation	stress	identifiable	E0	E0_artifact_dominated	True	False	replication
F0101	without_identifiability_gate	ambiguous	activation	stress	identifiable	E0	E0_artifact_dominated	True	False	none
F0102	without_identifiability_gate	ambiguous	activation	stress	identifiable	E0	E0_artifact_dominated	True	False	outcome
F0103	without_identifiability_gate	ambiguous	activation	stress	identifiable	E0	E0_artifact_dominated	True	False	reversal
F0104	without_identifiability_gate	ambiguous	activation	stress	identifiable	E0	E0_artifact_dominated	True	False	rescue
F0105	without_identifiability_gate	ambiguous	activation	stress	identifiable	E0	E0_artifact_dominated	True	False	replication
F0106	without_identifiability_gate	ambiguous	activation	stress	ambiguous	E0	E0_not_estimable	True	False	none
F0107	without_identifiability_gate	ambiguous	activation	stress	ambiguous	E0	E0_not_estimable	True	False	outcome
F0108	without_identifiability_gate	ambiguous	activation	stress	ambiguous	E0	E0_not_estimable	True	False	reversal
F0109	without_identifiability_gate	ambiguous	activation	stress	ambiguous	E0	E0_not_estimable	True	False	rescue
F0110	without_identifiability_gate	ambiguous	activation	stress	ambiguous	E0	E0_not_estimable	True	False	replication
F0111	without_identifiability_gate	ambiguous	activation	stress	ambiguous	E0	E0_artifact_dominated	True	False	none
F0112	without_identifiability_gate	ambiguous	activation	stress	ambiguous	E0	E0_artifact_dominated	True	False	outcome
F0113	without_identifiability_gate	ambiguous	activation	stress	ambiguous	E0	E0_artifact_dominated	True	False	reversal
F0114	without_identifiability_gate	ambiguous	activation	stress	ambiguous	E0	E0_artifact_dominated	True	False	rescue
F0115	without_identifiability_gate	ambiguous	activation	stress	ambiguous	E0	E0_artifact_dominated	True	False	replication
F0116	without_identifiability_gate	ambiguous	activation	stress	ambiguous	E0	E0_artifact_dominated	True	False	none
F0117	without_identifiability_gate	ambiguous	activation	stress	ambiguous	E0	E0_artifact_dominated	True	False	outcome
F0118	without_identifiability_gate	ambiguous	activation	stress	ambiguous	E0	E0_artifact_dominated	True	False	reversal
F0119	without_identifiability_gate	ambiguous	activation	stress	ambiguous	E0	E0_artifact_dominated	True	False	rescue
F0120	without_identifiability_gate	ambiguous	activation	stress	ambiguous	E0	E0_artifact_dominated	True	False	replication
F0121	without_identifiability_gate	ambiguous	activation	none	not_identifiable	E0	E0_not_estimable	True	False	none
F0122	without_identifiability_gate	ambiguous	activation	stress	not_identifiable	E0	E0_not_estimable	True	False	outcome
F0123	without_identifiability_gate	ambiguous	activation	none	not_identifiable	E0	E0_not_estimable	True	False	reversal
F0124	without_identifiability_gate	ambiguous	activation	none	not_identifiable	E0	E0_not_estimable	True	False	rescue
F0125	without_identifiability_gate	ambiguous	activation	none	not_identifiable	E0	E0_not_estimable	True	False	replication
F0126	without_identifiability_gate	ambiguous	activation	stress	not_identifiable	E0	E0_artifact_dominated	True	False	none
F0127	without_identifiability_gate	ambiguous	activation	none	not_identifiable	E1		True	False	outcome
F0128	without_identifiability_gate	ambiguous	activation	stress	not_identifiable	E0	E0_artifact_dominated	True	False	reversal
F0129	without_identifiability_gate	ambiguous	activation	none	not_identifiable	E1		True	False	rescue
F0130	without_identifiability_gate	ambiguous	activation	stress	not_identifiable	E0	E0_artifact_dominated	True	False	replication
F0131	without_identifiability_gate	ambiguous	activation	stress	not_identifiable	E0	E0_artifact_dominated	True	False	none
F0132	without_identifiability_gate	ambiguous	activation	stress	not_identifiable	E0	E0_artifact_dominated	True	False	outcome
F0133	without_identifiability_gate	ambiguous	activation	none	not_identifiable	E2		True	False	reversal
F0134	without_identifiability_gate	ambiguous	activation	stress	not_identifiable	E0	E0_artifact_dominated	True	False	rescue
F0135	without_identifiability_gate	ambiguous	activation	stress	not_identifiable	E0	E0_artifact_dominated	True	False	replication
F0136	without_identifiability_gate	ambiguous	suppression	none	ambiguous	E0	E0_not_estimable	True	False	none
F0137	without_identifiability_gate	ambiguous	suppression	none	ambiguous	E0	E0_not_estimable	True	False	outcome
F0138	without_identifiability_gate	ambiguous	suppression	none	ambiguous	E0	E0_not_estimable	True	False	reversal
F0139	without_identifiability_gate	ambiguous	suppression	none	ambiguous	E0	E0_not_estimable	True	False	rescue
F0140	without_identifiability_gate	ambiguous	suppression	none	ambiguous	E0	E0_not_estimable	True	False	replication
F0141	without_identifiability_gate	ambiguous	suppression	none	ambiguous	E1		True	False	none
F0142	without_identifiability_gate	ambiguous	suppression	none	ambiguous	E1		True	False	outcome
F0143	without_identifiability_gate	ambiguous	suppression	none	ambiguous	E1		True	False	reversal
F0144	without_identifiability_gate	ambiguous	suppression	none	ambiguous	E1		True	False	rescue
F0145	without_identifiability_gate	ambiguous	suppression	none	ambiguous	E1		True	False	replication
F0146	without_identifiability_gate	ambiguous	suppression	none	ambiguous	E2		True	False	none
F0147	without_identifiability_gate	ambiguous	suppression	none	ambiguous	E2		True	False	outcome
F0148	without_identifiability_gate	ambiguous	suppression	none	ambiguous	E2		True	False	reversal
F0149	without_identifiability_gate	ambiguous	suppression	none	ambiguous	E2		True	False	rescue
F0150	without_identifiability_gate	suppression	suppression	none	identifiable	E2		False	False	replication
F0151	without_identifiability_gate	ambiguous	suppression	none	ambiguous	E0	E0_not_estimable	True	False	none
F0152	without_identifiability_gate	ambiguous	suppression	none	ambiguous	E0	E0_not_estimable	True	False	outcome
F0153	without_identifiability_gate	ambiguous	suppression	none	ambiguous	E0	E0_not_estimable	True	False	reversal
F0154	without_identifiability_gate	ambiguous	suppression	none	ambiguous	E0	E0_not_estimable	True	False	rescue
F0155	without_identifiability_gate	ambiguous	suppression	none	ambiguous	E0	E0_not_estimable	True	False	replication
F0156	without_identifiability_gate	ambiguous	suppression	none	ambiguous	E1		True	False	none
F0157	without_identifiability_gate	ambiguous	suppression	none	ambiguous	E1		True	False	outcome
F0158	without_identifiability_gate	ambiguous	suppression	none	ambiguous	E1		True	False	reversal
F0159	without_identifiability_gate	ambiguous	suppression	none	ambiguous	E1		True	False	rescue
F0160	without_identifiability_gate	ambiguous	suppression	none	ambiguous	E1		True	False	replication
F0161	without_identifiability_gate	ambiguous	suppression	none	ambiguous	E2		True	False	none
F0162	without_identifiability_gate	ambiguous	suppression	none	ambiguous	E2		True	False	outcome
F0163	without_identifiability_gate	ambiguous	suppression	none	ambiguous	E2		True	False	reversal
F0164	without_identifiability_gate	ambiguous	suppression	none	ambiguous	E2		True	False	rescue
F0165	without_identifiability_gate	ambiguous	suppression	none	ambiguous	E2		True	False	replication
F0166	without_identifiability_gate	ambiguous	suppression	none	not_identifiable	E0	E0_not_estimable	True	False	none
F0167	without_identifiability_gate	ambiguous	suppression	none	not_identifiable	E0	E0_not_estimable	True	False	outcome
F0168	without_identifiability_gate	ambiguous	suppression	none	not_identifiable	E0	E0_not_estimable	True	False	reversal
F0169	without_identifiability_gate	ambiguous	suppression	none	not_identifiable	E0	E0_not_estimable	True	False	rescue
F0170	without_identifiability_gate	ambiguous	suppression	none	not_identifiable	E0	E0_not_estimable	True	False	replication
F0171	without_identifiability_gate	ambiguous	suppression	none	not_identifiable	E1		True	False	none
F0172	without_identifiability_gate	ambiguous	suppression	none	not_identifiable	E1		True	False	outcome
F0173	without_identifiability_gate	ambiguous	suppression	none	not_identifiable	E1		True	False	reversal
F0174	without_identifiability_gate	ambiguous	suppression	none	not_identifiable	E1		True	False	rescue
F0175	without_identifiability_gate	ambiguous	suppression	none	not_identifiable	E1		True	False	replication
F0176	without_identifiability_gate	ambiguous	suppression	none	not_identifiable	E2		True	False	none
F0177	without_identifiability_gate	ambiguous	suppression	none	not_identifiable	E2		True	False	outcome
F0178	without_identifiability_gate	ambiguous	suppression	none	not_identifiable	E2		True	False	reversal
F0179	without_identifiability_gate	ambiguous	suppression	none	not_identifiable	E2		True	False	rescue
F0180	without_identifiability_gate	ambiguous	suppression	none	not_identifiable	E2		True	False	replication
F0181	without_identifiability_gate	ambiguous	suppression	composition	ambiguous	E0	E0_not_estimable	True	False	none
F0182	without_identifiability_gate	ambiguous	suppression	composition	ambiguous	E0	E0_not_estimable	True	False	outcome
F0183	without_identifiability_gate	ambiguous	suppression	composition	ambiguous	E0	E0_not_estimable	True	False	reversal
F0184	without_identifiability_gate	ambiguous	suppression	composition	ambiguous	E0	E0_not_estimable	True	False	rescue
F0185	without_identifiability_gate	ambiguous	suppression	composition	ambiguous	E0	E0_not_estimable	True	False	replication
F0186	without_identifiability_gate	ambiguous	suppression	composition	ambiguous	E0	E0_artifact_dominated	True	False	none
F0187	without_identifiability_gate	ambiguous	persistent_loss	composition	ambiguous	E0	E0_artifact_dominated	True	False	outcome
F0188	without_identifiability_gate	ambiguous	suppression	composition	ambiguous	E0	E0_artifact_dominated	True	False	reversal
F0189	without_identifiability_gate	ambiguous	suppression	composition	ambiguous	E0	E0_artifact_dominated	True	False	rescue
F0190	without_identifiability_gate	ambiguous	suppression	composition	ambiguous	E0	E0_artifact_dominated	True	False	replication
F0191	without_identifiability_gate	ambiguous	suppression	composition	ambiguous	E0	E0_artifact_dominated	True	False	none
F0192	without_identifiability_gate	ambiguous	suppression	composition	ambiguous	E0	E0_artifact_dominated	True	False	outcome
F0193	without_identifiability_gate	ambiguous	suppression	composition	ambiguous	E0	E0_artifact_dominated	True	False	reversal
F0194	without_identifiability_gate	ambiguous	persistent_loss	composition	ambiguous	E0	E0_artifact_dominated	True	False	rescue
F0195	without_identifiability_gate	ambiguous	suppression	composition	ambiguous	E0	E0_artifact_dominated	True	False	replication
F0196	without_identifiability_gate	ambiguous	persistent_loss	composition	ambiguous	E0	E0_not_estimable	True	False	none
F0197	without_identifiability_gate	ambiguous	persistent_loss	composition	ambiguous	E0	E0_not_estimable	True	False	outcome
F0198	without_identifiability_gate	ambiguous	persistent_loss	composition	ambiguous	E0	E0_not_estimable	True	False	reversal
F0199	without_identifiability_gate	ambiguous	persistent_loss	composition	ambiguous	E0	E0_not_estimable	True	False	rescue
F0200	without_identifiability_gate	ambiguous	suppression	composition	ambiguous	E0	E0_not_estimable	True	False	replication
F0201	without_identifiability_gate	ambiguous	persistent_loss	composition	ambiguous	E0	E0_artifact_dominated	True	False	none
F0202	without_identifiability_gate	ambiguous	suppression	composition	ambiguous	E0	E0_artifact_dominated	True	False	outcome
F0203	without_identifiability_gate	ambiguous	suppression	composition	ambiguous	E0	E0_artifact_dominated	True	False	reversal
F0204	without_identifiability_gate	ambiguous	persistent_loss	composition	ambiguous	E0	E0_artifact_dominated	True	False	rescue
F0205	without_identifiability_gate	ambiguous	suppression	composition	ambiguous	E0	E0_artifact_dominated	True	False	replication
F0206	without_identifiability_gate	ambiguous	suppression	composition	ambiguous	E0	E0_artifact_dominated	True	False	none
F0207	without_identifiability_gate	ambiguous	suppression	composition	ambiguous	E0	E0_artifact_dominated	True	False	outcome
F0208	without_identifiability_gate	ambiguous	suppression	composition	ambiguous	E0	E0_artifact_dominated	True	False	reversal
F0209	without_identifiability_gate	ambiguous	suppression	composition	ambiguous	E0	E0_artifact_dominated	True	False	rescue
F0210	without_identifiability_gate	ambiguous	suppression	composition	ambiguous	E0	E0_artifact_dominated	True	False	replication
F0211	without_identifiability_gate	ambiguous	redirection	composition	not_identifiable	E0	E0_not_estimable	True	False	none
F0212	without_identifiability_gate	ambiguous	persistent_loss	composition	not_identifiable	E0	E0_not_estimable	True	False	outcome
F0213	without_identifiability_gate	ambiguous	redirection	composition	not_identifiable	E0	E0_not_estimable	True	False	reversal
F0214	without_identifiability_gate	ambiguous	suppression	composition	not_identifiable	E0	E0_not_estimable	True	False	rescue
F0215	without_identifiability_gate	ambiguous	suppression	composition	not_identifiable	E0	E0_not_estimable	True	False	replication
F0216	without_identifiability_gate	ambiguous	persistent_loss	composition	not_identifiable	E0	E0_artifact_dominated	True	False	none
F0217	without_identifiability_gate	ambiguous	persistent_loss	composition	not_identifiable	E0	E0_artifact_dominated	True	False	outcome
F0218	without_identifiability_gate	ambiguous	suppression	composition	not_identifiable	E0	E0_artifact_dominated	True	False	reversal
F0219	without_identifiability_gate	ambiguous	delay	composition	not_identifiable	E0	E0_artifact_dominated	True	False	rescue
F0220	without_identifiability_gate	ambiguous	suppression	composition	not_identifiable	E0	E0_artifact_dominated	True	False	replication
F0221	without_identifiability_gate	ambiguous	persistent_loss	composition	not_identifiable	E0	E0_artifact_dominated	True	False	none
F0222	without_identifiability_gate	ambiguous	suppression	composition	not_identifiable	E0	E0_artifact_dominated	True	False	outcome
F0223	without_identifiability_gate	ambiguous	persistent_loss	composition	not_identifiable	E0	E0_artifact_dominated	True	False	reversal
F0224	without_identifiability_gate	ambiguous	suppression	composition	not_identifiable	E0	E0_artifact_dominated	True	False	rescue
F0225	without_identifiability_gate	ambiguous	suppression	composition	not_identifiable	E0	E0_artifact_dominated	True	False	replication
F0226	without_identifiability_gate	ambiguous	persistent_loss	stress	ambiguous	E0	E0_not_estimable	True	False	none
F0227	without_identifiability_gate	ambiguous	persistent_loss	stress	identifiable	E0	E0_not_estimable	True	False	outcome
F0228	without_identifiability_gate	ambiguous	persistent_loss	stress	identifiable	E0	E0_not_estimable	True	False	reversal
F0229	without_identifiability_gate	ambiguous	persistent_loss	stress	identifiable	E0	E0_not_estimable	True	False	rescue
F0230	without_identifiability_gate	ambiguous	persistent_loss	stress	identifiable	E0	E0_not_estimable	True	False	replication
F0231	without_identifiability_gate	ambiguous	persistent_loss	stress	identifiable	E0	E0_artifact_dominated	True	False	none
F0232	without_identifiability_gate	ambiguous	persistent_loss	stress	ambiguous	E0	E0_artifact_dominated	True	False	outcome
F0233	without_identifiability_gate	ambiguous	persistent_loss	stress	identifiable	E0	E0_artifact_dominated	True	False	reversal
F0234	without_identifiability_gate	ambiguous	persistent_loss	stress	identifiable	E0	E0_artifact_dominated	True	False	rescue
F0235	without_identifiability_gate	ambiguous	persistent_loss	stress	identifiable	E0	E0_artifact_dominated	True	False	replication
F0236	without_identifiability_gate	ambiguous	persistent_loss	stress	identifiable	E0	E0_artifact_dominated	True	False	none
F0237	without_identifiability_gate	ambiguous	persistent_loss	stress	identifiable	E0	E0_artifact_dominated	True	False	outcome
F0238	without_identifiability_gate	ambiguous	persistent_loss	stress	identifiable	E0	E0_artifact_dominated	True	False	reversal
F0239	without_identifiability_gate	ambiguous	persistent_loss	stress	identifiable	E0	E0_artifact_dominated	True	False	rescue
F0240	without_identifiability_gate	ambiguous	persistent_loss	stress	identifiable	E0	E0_artifact_dominated	True	False	replication
F0241	without_identifiability_gate	ambiguous	persistent_loss	stress	ambiguous	E0	E0_not_estimable	True	False	none
F0242	without_identifiability_gate	ambiguous	persistent_loss	stress	ambiguous	E0	E0_not_estimable	True	False	outcome
F0243	without_identifiability_gate	ambiguous	persistent_loss	stress	ambiguous	E0	E0_not_estimable	True	False	reversal
F0244	without_identifiability_gate	ambiguous	persistent_loss	stress	ambiguous	E0	E0_not_estimable	True	False	rescue
F0245	without_identifiability_gate	ambiguous	persistent_loss	stress	ambiguous	E0	E0_not_estimable	True	False	replication
F0246	without_identifiability_gate	ambiguous	persistent_loss	stress	ambiguous	E0	E0_artifact_dominated	True	False	none
F0247	without_identifiability_gate	ambiguous	persistent_loss	stress	ambiguous	E0	E0_artifact_dominated	True	False	outcome
F0248	without_identifiability_gate	ambiguous	persistent_loss	stress	ambiguous	E0	E0_artifact_dominated	True	False	reversal
F0249	without_identifiability_gate	ambiguous	persistent_loss	stress	ambiguous	E0	E0_artifact_dominated	True	False	rescue
F0250	without_identifiability_gate	ambiguous	persistent_loss	stress	ambiguous	E0	E0_artifact_dominated	True	False	replication
F0251	without_identifiability_gate	ambiguous	persistent_loss	stress	ambiguous	E0	E0_artifact_dominated	True	False	none
F0252	without_identifiability_gate	ambiguous	persistent_loss	stress	ambiguous	E0	E0_artifact_dominated	True	False	outcome
F0253	without_identifiability_gate	ambiguous	persistent_loss	stress	ambiguous	E0	E0_artifact_dominated	True	False	reversal
F0254	without_identifiability_gate	ambiguous	persistent_loss	stress	ambiguous	E0	E0_artifact_dominated	True	False	rescue
F0255	without_identifiability_gate	ambiguous	persistent_loss	stress	ambiguous	E0	E0_artifact_dominated	True	False	replication
F0256	without_identifiability_gate	ambiguous	suppression	none	not_identifiable	E0	E0_not_estimable	True	False	none
F0257	without_identifiability_gate	ambiguous	persistent_loss	stress	not_identifiable	E0	E0_not_estimable	True	False	outcome
F0258	without_identifiability_gate	ambiguous	persistent_loss	none	not_identifiable	E0	E0_not_estimable	True	False	reversal
F0259	without_identifiability_gate	ambiguous	redirection	stress	not_identifiable	E0	E0_not_estimable	True	False	rescue
F0260	without_identifiability_gate	ambiguous	persistent_loss	none	not_identifiable	E0	E0_not_estimable	True	False	replication
F0261	without_identifiability_gate	ambiguous	suppression	stress	not_identifiable	E0	E0_artifact_dominated	True	False	none
F0262	without_identifiability_gate	ambiguous	persistent_loss	stress	not_identifiable	E0	E0_artifact_dominated	True	False	outcome
F0263	without_identifiability_gate	ambiguous	persistent_loss	none	not_identifiable	E1		True	False	reversal
F0264	without_identifiability_gate	ambiguous	persistent_loss	none	not_identifiable	E1		True	False	rescue
F0265	without_identifiability_gate	ambiguous	persistent_loss	none	not_identifiable	E1		True	False	replication
F0266	without_identifiability_gate	ambiguous	redirection	stress	not_identifiable	E0	E0_artifact_dominated	True	False	none
F0267	without_identifiability_gate	ambiguous	persistent_loss	stress	not_identifiable	E0	E0_artifact_dominated	True	False	outcome
F0268	without_identifiability_gate	ambiguous	persistent_loss	stress	not_identifiable	E0	E0_artifact_dominated	True	False	reversal
F0269	without_identifiability_gate	ambiguous	persistent_loss	stress	not_identifiable	E0	E0_artifact_dominated	True	False	rescue
F0270	without_identifiability_gate	ambiguous	persistent_loss	stress	not_identifiable	E0	E0_artifact_dominated	True	False	replication
F0271	without_identifiability_gate	delay	delay	none	identifiable	E0	E0_not_estimable	False	False	none
F0272	without_identifiability_gate	delay	delay	none	identifiable	E0	E0_not_estimable	False	False	outcome
F0273	without_identifiability_gate	delay	delay	none	identifiable	E0	E0_not_estimable	False	False	reversal
F0274	without_identifiability_gate	delay	delay	none	identifiable	E0	E0_not_estimable	False	False	rescue
F0275	without_identifiability_gate	delay	delay	none	identifiable	E0	E0_not_estimable	False	False	replication
F0276	without_identifiability_gate	delay	delay	none	identifiable	E1		False	False	none
F0277	without_identifiability_gate	delay	delay	none	identifiable	E1		False	False	outcome
F0278	without_identifiability_gate	delay	delay	none	identifiable	E1		False	False	reversal
F0279	without_identifiability_gate	delay	delay	none	identifiable	E1		False	False	rescue
F0280	without_identifiability_gate	delay	delay	none	identifiable	E1		False	False	replication
F0281	without_identifiability_gate	delay	delay	none	identifiable	E2		False	False	none
F0282	without_identifiability_gate	delay	delay	none	identifiable	E2		False	False	outcome
F0283	without_identifiability_gate	delay	delay	none	identifiable	E2		False	False	reversal
F0284	without_identifiability_gate	delay	delay	none	identifiable	E2		False	False	rescue
F0285	without_identifiability_gate	delay	delay	none	identifiable	E2		False	False	replication
F0286	without_identifiability_gate	ambiguous	delay	none	ambiguous	E0	E0_not_estimable	True	False	none
F0287	without_identifiability_gate	ambiguous	delay	none	ambiguous	E0	E0_not_estimable	True	False	outcome
F0288	without_identifiability_gate	ambiguous	delay	none	ambiguous	E0	E0_not_estimable	True	False	reversal
F0289	without_identifiability_gate	delay	delay	none	identifiable	E0	E0_not_estimable	False	False	rescue
F0290	without_identifiability_gate	ambiguous	delay	none	ambiguous	E0	E0_not_estimable	True	False	replication
F0291	without_identifiability_gate	ambiguous	delay	none	ambiguous	E1		True	False	none
F0292	without_identifiability_gate	ambiguous	delay	none	ambiguous	E1		True	False	outcome
F0293	without_identifiability_gate	ambiguous	delay	none	ambiguous	E1		True	False	reversal
F0294	without_identifiability_gate	ambiguous	delay	none	ambiguous	E1		True	False	rescue
F0295	without_identifiability_gate	ambiguous	delay	none	ambiguous	E1		True	False	replication
F0296	without_identifiability_gate	ambiguous	delay	none	ambiguous	E2		True	False	none
F0297	without_identifiability_gate	ambiguous	delay	none	ambiguous	E2		True	False	outcome
F0298	without_identifiability_gate	ambiguous	delay	none	ambiguous	E2		True	False	reversal
F0299	without_identifiability_gate	ambiguous	delay	none	ambiguous	E2		True	False	rescue
F0300	without_identifiability_gate	ambiguous	delay	none	ambiguous	E2		True	False	replication
F0301	without_identifiability_gate	ambiguous	delay	none	not_identifiable	E0	E0_not_estimable	True	False	none
F0302	without_identifiability_gate	ambiguous	delay	none	not_identifiable	E0	E0_not_estimable	True	False	outcome
F0303	without_identifiability_gate	ambiguous	delay	none	not_identifiable	E0	E0_not_estimable	True	False	reversal
F0304	without_identifiability_gate	ambiguous	delay	none	not_identifiable	E0	E0_not_estimable	True	False	rescue
F0305	without_identifiability_gate	ambiguous	delay	none	not_identifiable	E0	E0_not_estimable	True	False	replication
F0306	without_identifiability_gate	ambiguous	delay	none	not_identifiable	E1		True	False	none
F0307	without_identifiability_gate	ambiguous	delay	none	not_identifiable	E0	E0_not_supported	True	False	outcome
F0308	without_identifiability_gate	ambiguous	delay	none	not_identifiable	E1		True	False	reversal
F0309	without_identifiability_gate	ambiguous	delay	none	not_identifiable	E0	E0_not_supported	True	False	rescue
F0310	without_identifiability_gate	ambiguous	delay	none	not_identifiable	E1		True	False	replication
F0311	without_identifiability_gate	ambiguous	delay	none	not_identifiable	E2		True	False	none
F0312	without_identifiability_gate	ambiguous	delay	none	not_identifiable	E0	E0_not_supported	True	False	outcome
F0313	without_identifiability_gate	ambiguous	delay	none	not_identifiable	E0	E0_not_supported	True	False	reversal
F0314	without_identifiability_gate	ambiguous	delay	none	not_identifiable	E2		True	False	rescue
F0315	without_identifiability_gate	ambiguous	delay	none	not_identifiable	E2		True	False	replication
F0316	without_identifiability_gate	ambiguous	delay	composition	identifiable	E0	E0_not_estimable	True	False	none
F0317	without_identifiability_gate	ambiguous	delay	composition	identifiable	E0	E0_not_estimable	True	False	outcome
F0318	without_identifiability_gate	ambiguous	delay	composition	identifiable	E0	E0_not_estimable	True	False	reversal
F0319	without_identifiability_gate	ambiguous	delay	composition	identifiable	E0	E0_not_estimable	True	False	rescue
F0320	without_identifiability_gate	ambiguous	delay	composition	identifiable	E0	E0_not_estimable	True	False	replication
F0321	without_identifiability_gate	ambiguous	delay	composition	identifiable	E0	E0_artifact_dominated	True	False	none
F0322	without_identifiability_gate	ambiguous	delay	composition	identifiable	E0	E0_artifact_dominated	True	False	outcome
F0323	without_identifiability_gate	ambiguous	delay	composition	identifiable	E0	E0_artifact_dominated	True	False	reversal
F0324	without_identifiability_gate	ambiguous	delay	composition	identifiable	E0	E0_artifact_dominated	True	False	rescue
F0325	without_identifiability_gate	ambiguous	delay	composition	identifiable	E0	E0_artifact_dominated	True	False	replication
F0326	without_identifiability_gate	ambiguous	delay	composition	identifiable	E0	E0_artifact_dominated	True	False	none
F0327	without_identifiability_gate	ambiguous	delay	composition	identifiable	E0	E0_artifact_dominated	True	False	outcome
F0328	without_identifiability_gate	ambiguous	delay	composition	identifiable	E0	E0_artifact_dominated	True	False	reversal
F0329	without_identifiability_gate	ambiguous	delay	composition	identifiable	E0	E0_artifact_dominated	True	False	rescue
F0330	without_identifiability_gate	ambiguous	delay	composition	identifiable	E0	E0_artifact_dominated	True	False	replication
F0331	without_identifiability_gate	ambiguous	delay	composition	ambiguous	E0	E0_not_estimable	True	False	none
F0332	without_identifiability_gate	ambiguous	delay	composition	ambiguous	E0	E0_not_estimable	True	False	outcome
F0333	without_identifiability_gate	ambiguous	delay	composition	ambiguous	E0	E0_not_estimable	True	False	reversal
F0334	without_identifiability_gate	ambiguous	delay	composition	ambiguous	E0	E0_not_estimable	True	False	rescue
F0335	without_identifiability_gate	ambiguous	delay	composition	ambiguous	E0	E0_not_estimable	True	False	replication
F0336	without_identifiability_gate	ambiguous	delay	composition	ambiguous	E0	E0_artifact_dominated	True	False	none
F0337	without_identifiability_gate	ambiguous	delay	composition	ambiguous	E0	E0_artifact_dominated	True	False	outcome
F0338	without_identifiability_gate	ambiguous	delay	composition	ambiguous	E0	E0_artifact_dominated	True	False	reversal
F0339	without_identifiability_gate	ambiguous	delay	composition	ambiguous	E0	E0_artifact_dominated	True	False	rescue
F0340	without_identifiability_gate	ambiguous	delay	composition	ambiguous	E0	E0_artifact_dominated	True	False	replication
F0341	without_identifiability_gate	ambiguous	delay	composition	ambiguous	E0	E0_artifact_dominated	True	False	none
F0342	without_identifiability_gate	ambiguous	delay	composition	ambiguous	E0	E0_artifact_dominated	True	False	outcome
F0343	without_identifiability_gate	ambiguous	delay	composition	ambiguous	E0	E0_artifact_dominated	True	False	reversal
F0344	without_identifiability_gate	ambiguous	delay	composition	ambiguous	E0	E0_artifact_dominated	True	False	rescue
F0345	without_identifiability_gate	ambiguous	delay	composition	ambiguous	E0	E0_artifact_dominated	True	False	replication
F0346	without_identifiability_gate	ambiguous	delay	composition	not_identifiable	E0	E0_not_estimable	True	False	none
F0347	without_identifiability_gate	ambiguous	delay	composition	not_identifiable	E0	E0_not_estimable	True	False	outcome
F0348	without_identifiability_gate	ambiguous	delay	composition	not_identifiable	E0	E0_not_estimable	True	False	reversal
F0349	without_identifiability_gate	ambiguous	delay	composition	not_identifiable	E0	E0_not_estimable	True	False	rescue
F0350	without_identifiability_gate	ambiguous	activation	composition	not_identifiable	E0	E0_not_estimable	True	False	replication
F0351	without_identifiability_gate	ambiguous	activation	composition	not_identifiable	E0	E0_artifact_dominated	True	False	none
F0352	without_identifiability_gate	ambiguous	activation	composition	not_identifiable	E0	E0_artifact_dominated	True	False	outcome
F0353	without_identifiability_gate	ambiguous	delay	composition	not_identifiable	E0	E0_artifact_dominated	True	False	reversal
F0354	without_identifiability_gate	ambiguous	delay	composition	not_identifiable	E0	E0_artifact_dominated	True	False	rescue
F0355	without_identifiability_gate	ambiguous	delay	composition	not_identifiable	E0	E0_artifact_dominated	True	False	replication
F0356	without_identifiability_gate	ambiguous	delay	composition	not_identifiable	E0	E0_artifact_dominated	True	False	none
F0357	without_identifiability_gate	ambiguous	activation	composition	not_identifiable	E0	E0_artifact_dominated	True	False	outcome
F0358	without_identifiability_gate	ambiguous	delay	composition	not_identifiable	E0	E0_artifact_dominated	True	False	reversal
F0359	without_identifiability_gate	ambiguous	activation	composition	not_identifiable	E0	E0_artifact_dominated	True	False	rescue
F0360	without_identifiability_gate	ambiguous	delay	composition	not_identifiable	E0	E0_artifact_dominated	True	False	replication
F0361	without_identifiability_gate	ambiguous	delay	stress	identifiable	E0	E0_not_estimable	True	False	none
F0362	without_identifiability_gate	ambiguous	delay	stress	identifiable	E0	E0_not_estimable	True	False	outcome
F0363	without_identifiability_gate	ambiguous	delay	stress	identifiable	E0	E0_not_estimable	True	False	reversal
F0364	without_identifiability_gate	ambiguous	delay	stress	identifiable	E0	E0_not_estimable	True	False	rescue
F0365	without_identifiability_gate	ambiguous	delay	stress	identifiable	E0	E0_not_estimable	True	False	replication
F0366	without_identifiability_gate	ambiguous	delay	stress	identifiable	E0	E0_artifact_dominated	True	False	none
F0367	without_identifiability_gate	ambiguous	delay	stress	identifiable	E0	E0_artifact_dominated	True	False	outcome
F0368	without_identifiability_gate	ambiguous	delay	stress	identifiable	E0	E0_artifact_dominated	True	False	reversal
F0369	without_identifiability_gate	ambiguous	delay	stress	identifiable	E0	E0_artifact_dominated	True	False	rescue
F0370	without_identifiability_gate	ambiguous	delay	stress	identifiable	E0	E0_artifact_dominated	True	False	replication
F0371	without_identifiability_gate	ambiguous	delay	stress	identifiable	E0	E0_artifact_dominated	True	False	none
F0372	without_identifiability_gate	ambiguous	delay	stress	identifiable	E0	E0_artifact_dominated	True	False	outcome
F0373	without_identifiability_gate	ambiguous	delay	stress	identifiable	E0	E0_artifact_dominated	True	False	reversal
F0374	without_identifiability_gate	ambiguous	delay	stress	identifiable	E0	E0_artifact_dominated	True	False	rescue
F0375	without_identifiability_gate	ambiguous	delay	stress	identifiable	E0	E0_artifact_dominated	True	False	replication
F0376	without_identifiability_gate	ambiguous	delay	stress	ambiguous	E0	E0_not_estimable	True	False	none
F0377	without_identifiability_gate	ambiguous	delay	stress	ambiguous	E0	E0_not_estimable	True	False	outcome
F0378	without_identifiability_gate	ambiguous	delay	stress	ambiguous	E0	E0_not_estimable	True	False	reversal
F0379	without_identifiability_gate	ambiguous	delay	stress	ambiguous	E0	E0_not_estimable	True	False	rescue
F0380	without_identifiability_gate	ambiguous	delay	stress	ambiguous	E0	E0_not_estimable	True	False	replication
F0381	without_identifiability_gate	ambiguous	delay	stress	ambiguous	E0	E0_artifact_dominated	True	False	none
F0382	without_identifiability_gate	ambiguous	delay	stress	ambiguous	E0	E0_artifact_dominated	True	False	outcome
F0383	without_identifiability_gate	ambiguous	delay	stress	ambiguous	E0	E0_artifact_dominated	True	False	reversal
F0384	without_identifiability_gate	ambiguous	delay	stress	ambiguous	E0	E0_artifact_dominated	True	False	rescue
F0385	without_identifiability_gate	ambiguous	delay	stress	ambiguous	E0	E0_artifact_dominated	True	False	replication
F0386	without_identifiability_gate	ambiguous	delay	stress	ambiguous	E0	E0_artifact_dominated	True	False	none
F0387	without_identifiability_gate	ambiguous	delay	stress	ambiguous	E0	E0_artifact_dominated	True	False	outcome
F0388	without_identifiability_gate	ambiguous	delay	stress	ambiguous	E0	E0_artifact_dominated	True	False	reversal
F0389	without_identifiability_gate	ambiguous	delay	stress	ambiguous	E0	E0_artifact_dominated	True	False	rescue
F0390	without_identifiability_gate	ambiguous	delay	stress	ambiguous	E0	E0_artifact_dominated	True	False	replication
F0391	without_identifiability_gate	ambiguous	activation	stress	not_identifiable	E0	E0_not_estimable	True	False	none
F0392	without_identifiability_gate	ambiguous	delay	none	not_identifiable	E0	E0_not_estimable	True	False	outcome
F0393	without_identifiability_gate	ambiguous	redirection	stress	not_identifiable	E0	E0_not_estimable	True	False	reversal
F0394	without_identifiability_gate	ambiguous	redirection	stress	not_identifiable	E0	E0_not_estimable	True	False	rescue
F0395	without_identifiability_gate	ambiguous	delay	stress	not_identifiable	E0	E0_not_estimable	True	False	replication
F0396	without_identifiability_gate	ambiguous	redirection	stress	not_identifiable	E0	E0_artifact_dominated	True	False	none
F0397	without_identifiability_gate	ambiguous	delay	stress	not_identifiable	E0	E0_artifact_dominated	True	False	outcome
F0398	without_identifiability_gate	ambiguous	delay	stress	not_identifiable	E0	E0_artifact_dominated	True	False	reversal
F0399	without_identifiability_gate	ambiguous	delay	stress	not_identifiable	E0	E0_artifact_dominated	True	False	rescue
F0400	without_identifiability_gate	ambiguous	delay	stress	not_identifiable	E0	E0_artifact_dominated	True	False	replication
F0401	without_identifiability_gate	ambiguous	delay	stress	not_identifiable	E0	E0_artifact_dominated	True	False	none
F0402	without_identifiability_gate	ambiguous	delay	stress	not_identifiable	E0	E0_artifact_dominated	True	False	outcome
F0403	without_identifiability_gate	ambiguous	persistent_loss	stress	not_identifiable	E0	E0_artifact_dominated	True	False	reversal
F0404	without_identifiability_gate	ambiguous	delay	stress	not_identifiable	E0	E0_artifact_dominated	True	False	rescue
F0405	without_identifiability_gate	ambiguous	delay	stress	not_identifiable	E0	E0_artifact_dominated	True	False	replication
F0406	without_identifiability_gate	ambiguous	persistent_loss	none	ambiguous	E0	E0_not_estimable	True	False	none
F0407	without_identifiability_gate	persistent_loss	persistent_loss	none	identifiable	E0	E0_not_estimable	False	False	outcome
F0408	without_identifiability_gate	ambiguous	persistent_loss	none	ambiguous	E0	E0_not_estimable	True	False	reversal
F0409	without_identifiability_gate	ambiguous	persistent_loss	none	ambiguous	E0	E0_not_estimable	True	False	rescue
F0410	without_identifiability_gate	ambiguous	persistent_loss	none	ambiguous	E0	E0_not_estimable	True	False	replication
F0411	without_identifiability_gate	ambiguous	persistent_loss	none	ambiguous	E1		True	False	none
F0412	without_identifiability_gate	ambiguous	persistent_loss	none	ambiguous	E1		True	False	outcome
F0413	without_identifiability_gate	ambiguous	persistent_loss	none	ambiguous	E1		True	False	reversal
F0414	without_identifiability_gate	ambiguous	persistent_loss	none	ambiguous	E1		True	False	rescue
F0415	without_identifiability_gate	ambiguous	persistent_loss	none	ambiguous	E1		True	False	replication
F0416	without_identifiability_gate	ambiguous	persistent_loss	none	ambiguous	E2		True	False	none
F0417	without_identifiability_gate	ambiguous	persistent_loss	none	ambiguous	E2		True	False	outcome
F0418	without_identifiability_gate	ambiguous	persistent_loss	none	ambiguous	E2		True	False	reversal
F0419	without_identifiability_gate	persistent_loss	persistent_loss	none	identifiable	E2		False	False	rescue
F0420	without_identifiability_gate	ambiguous	persistent_loss	none	ambiguous	E2		True	False	replication
F0421	without_identifiability_gate	ambiguous	persistent_loss	none	ambiguous	E0	E0_not_estimable	True	False	none
F0422	without_identifiability_gate	ambiguous	persistent_loss	none	ambiguous	E0	E0_not_estimable	True	False	outcome
F0423	without_identifiability_gate	ambiguous	persistent_loss	none	ambiguous	E0	E0_not_estimable	True	False	reversal
F0424	without_identifiability_gate	ambiguous	persistent_loss	none	ambiguous	E0	E0_not_estimable	True	False	rescue
F0425	without_identifiability_gate	ambiguous	persistent_loss	none	ambiguous	E0	E0_not_estimable	True	False	replication
F0426	without_identifiability_gate	ambiguous	persistent_loss	none	ambiguous	E1		True	False	none
F0427	without_identifiability_gate	ambiguous	persistent_loss	none	ambiguous	E1		True	False	outcome
F0428	without_identifiability_gate	ambiguous	persistent_loss	none	ambiguous	E1		True	False	reversal
F0429	without_identifiability_gate	ambiguous	persistent_loss	none	ambiguous	E1		True	False	rescue
F0430	without_identifiability_gate	ambiguous	persistent_loss	none	ambiguous	E1		True	False	replication
F0431	without_identifiability_gate	ambiguous	persistent_loss	none	ambiguous	E2		True	False	none
F0432	without_identifiability_gate	ambiguous	persistent_loss	none	ambiguous	E2		True	False	outcome
F0433	without_identifiability_gate	ambiguous	persistent_loss	none	ambiguous	E2		True	False	reversal
F0434	without_identifiability_gate	ambiguous	persistent_loss	none	ambiguous	E2		True	False	rescue
F0435	without_identifiability_gate	ambiguous	persistent_loss	none	ambiguous	E2		True	False	replication
F0436	without_identifiability_gate	ambiguous	persistent_loss	none	not_identifiable	E0	E0_not_estimable	True	False	none
F0437	without_identifiability_gate	ambiguous	delay	none	not_identifiable	E0	E0_not_estimable	True	False	outcome
F0438	without_identifiability_gate	ambiguous	persistent_loss	none	not_identifiable	E0	E0_not_estimable	True	False	reversal
F0439	without_identifiability_gate	ambiguous	redirection	none	not_identifiable	E0	E0_not_estimable	True	False	rescue
F0440	without_identifiability_gate	ambiguous	persistent_loss	none	not_identifiable	E0	E0_not_estimable	True	False	replication
F0441	without_identifiability_gate	ambiguous	persistent_loss	none	not_identifiable	E1		True	False	none
F0442	without_identifiability_gate	ambiguous	persistent_loss	none	not_identifiable	E1		True	False	outcome
F0443	without_identifiability_gate	ambiguous	persistent_loss	none	not_identifiable	E1		True	False	reversal
F0444	without_identifiability_gate	ambiguous	suppression	none	not_identifiable	E1		True	False	rescue
F0445	without_identifiability_gate	ambiguous	persistent_loss	none	not_identifiable	E1		True	False	replication
F0446	without_identifiability_gate	ambiguous	suppression	none	not_identifiable	E2		True	False	none
F0447	without_identifiability_gate	ambiguous	suppression	none	not_identifiable	E2		True	False	outcome
F0448	without_identifiability_gate	ambiguous	suppression	none	not_identifiable	E2		True	False	reversal
F0449	without_identifiability_gate	ambiguous	persistent_loss	none	not_identifiable	E2		True	False	rescue
F0450	without_identifiability_gate	ambiguous	persistent_loss	none	not_identifiable	E2		True	False	replication
F0451	without_identifiability_gate	ambiguous	persistent_loss	composition	identifiable	E0	E0_not_estimable	True	False	none
F0452	without_identifiability_gate	ambiguous	persistent_loss	composition	identifiable	E0	E0_not_estimable	True	False	outcome
F0453	without_identifiability_gate	ambiguous	persistent_loss	composition	identifiable	E0	E0_not_estimable	True	False	reversal
F0454	without_identifiability_gate	ambiguous	persistent_loss	composition	identifiable	E0	E0_not_estimable	True	False	rescue
F0455	without_identifiability_gate	ambiguous	persistent_loss	composition	identifiable	E0	E0_not_estimable	True	False	replication
F0456	without_identifiability_gate	ambiguous	persistent_loss	composition	identifiable	E0	E0_artifact_dominated	True	False	none
F0457	without_identifiability_gate	ambiguous	persistent_loss	composition	identifiable	E0	E0_artifact_dominated	True	False	outcome
F0458	without_identifiability_gate	ambiguous	persistent_loss	composition	identifiable	E0	E0_artifact_dominated	True	False	reversal
F0459	without_identifiability_gate	ambiguous	persistent_loss	composition	identifiable	E0	E0_artifact_dominated	True	False	rescue
F0460	without_identifiability_gate	ambiguous	persistent_loss	composition	identifiable	E0	E0_artifact_dominated	True	False	replication
F0461	without_identifiability_gate	ambiguous	persistent_loss	composition	identifiable	E0	E0_artifact_dominated	True	False	none
F0462	without_identifiability_gate	ambiguous	persistent_loss	composition	identifiable	E0	E0_artifact_dominated	True	False	outcome
F0463	without_identifiability_gate	ambiguous	persistent_loss	composition	identifiable	E0	E0_artifact_dominated	True	False	reversal
F0464	without_identifiability_gate	ambiguous	persistent_loss	composition	identifiable	E0	E0_artifact_dominated	True	False	rescue
F0465	without_identifiability_gate	ambiguous	persistent_loss	composition	identifiable	E0	E0_artifact_dominated	True	False	replication
F0466	without_identifiability_gate	ambiguous	persistent_loss	composition	ambiguous	E0	E0_not_estimable	True	False	none
F0467	without_identifiability_gate	ambiguous	persistent_loss	composition	ambiguous	E0	E0_not_estimable	True	False	outcome
F0468	without_identifiability_gate	ambiguous	persistent_loss	composition	ambiguous	E0	E0_not_estimable	True	False	reversal
F0469	without_identifiability_gate	ambiguous	persistent_loss	composition	ambiguous	E0	E0_not_estimable	True	False	rescue
F0470	without_identifiability_gate	ambiguous	persistent_loss	composition	ambiguous	E0	E0_not_estimable	True	False	replication
F0471	without_identifiability_gate	ambiguous	persistent_loss	composition	ambiguous	E0	E0_artifact_dominated	True	False	none
F0472	without_identifiability_gate	ambiguous	persistent_loss	composition	ambiguous	E0	E0_artifact_dominated	True	False	outcome
F0473	without_identifiability_gate	ambiguous	persistent_loss	composition	ambiguous	E0	E0_artifact_dominated	True	False	reversal
F0474	without_identifiability_gate	ambiguous	persistent_loss	composition	ambiguous	E0	E0_artifact_dominated	True	False	rescue
F0475	without_identifiability_gate	ambiguous	persistent_loss	composition	ambiguous	E0	E0_artifact_dominated	True	False	replication
F0476	without_identifiability_gate	ambiguous	persistent_loss	composition	ambiguous	E0	E0_artifact_dominated	True	False	none
F0477	without_identifiability_gate	ambiguous	persistent_loss	composition	ambiguous	E0	E0_artifact_dominated	True	False	outcome
F0478	without_identifiability_gate	ambiguous	persistent_loss	composition	ambiguous	E0	E0_artifact_dominated	True	False	reversal
F0479	without_identifiability_gate	ambiguous	persistent_loss	composition	ambiguous	E0	E0_artifact_dominated	True	False	rescue
F0480	without_identifiability_gate	ambiguous	persistent_loss	composition	ambiguous	E0	E0_artifact_dominated	True	False	replication
F0481	without_identifiability_gate	ambiguous	persistent_loss	composition	not_identifiable	E0	E0_not_estimable	True	False	none
F0482	without_identifiability_gate	ambiguous	redirection	composition	not_identifiable	E0	E0_not_estimable	True	False	outcome
F0483	without_identifiability_gate	ambiguous	persistent_loss	composition	not_identifiable	E0	E0_not_estimable	True	False	reversal
F0484	without_identifiability_gate	ambiguous	persistent_loss	composition	not_identifiable	E0	E0_not_estimable	True	False	rescue
F0485	without_identifiability_gate	ambiguous	persistent_loss	composition	not_identifiable	E0	E0_not_estimable	True	False	replication
F0486	without_identifiability_gate	ambiguous	redirection	composition	not_identifiable	E0	E0_artifact_dominated	True	False	none
F0487	without_identifiability_gate	ambiguous	persistent_loss	composition	not_identifiable	E0	E0_artifact_dominated	True	False	outcome
F0488	without_identifiability_gate	ambiguous	persistent_loss	composition	not_identifiable	E0	E0_artifact_dominated	True	False	reversal
F0489	without_identifiability_gate	ambiguous	persistent_loss	composition	not_identifiable	E0	E0_artifact_dominated	True	False	rescue
F0490	without_identifiability_gate	ambiguous	persistent_loss	composition	not_identifiable	E0	E0_artifact_dominated	True	False	replication
F0491	without_identifiability_gate	ambiguous	persistent_loss	composition	not_identifiable	E0	E0_artifact_dominated	True	False	none
F0492	without_identifiability_gate	ambiguous	persistent_loss	composition	not_identifiable	E0	E0_artifact_dominated	True	False	outcome
F0493	without_identifiability_gate	ambiguous	persistent_loss	composition	not_identifiable	E0	E0_artifact_dominated	True	False	reversal
F0494	without_identifiability_gate	ambiguous	persistent_loss	composition	not_identifiable	E0	E0_artifact_dominated	True	False	rescue
F0495	without_identifiability_gate	ambiguous	persistent_loss	composition	not_identifiable	E0	E0_artifact_dominated	True	False	replication
F0496	without_identifiability_gate	ambiguous	persistent_loss	stress	identifiable	E0	E0_not_estimable	True	False	none
F0497	without_identifiability_gate	ambiguous	persistent_loss	stress	identifiable	E0	E0_not_estimable	True	False	outcome
F0498	without_identifiability_gate	ambiguous	persistent_loss	stress	identifiable	E0	E0_not_estimable	True	False	reversal
F0499	without_identifiability_gate	ambiguous	persistent_loss	stress	ambiguous	E0	E0_not_estimable	True	False	rescue
F0500	without_identifiability_gate	ambiguous	persistent_loss	stress	identifiable	E0	E0_not_estimable	True	False	replication
F0501	without_identifiability_gate	ambiguous	persistent_loss	stress	identifiable	E0	E0_artifact_dominated	True	False	none
F0502	without_identifiability_gate	ambiguous	persistent_loss	stress	identifiable	E0	E0_artifact_dominated	True	False	outcome
F0503	without_identifiability_gate	ambiguous	persistent_loss	stress	identifiable	E0	E0_artifact_dominated	True	False	reversal
F0504	without_identifiability_gate	ambiguous	persistent_loss	stress	identifiable	E0	E0_artifact_dominated	True	False	rescue
F0505	without_identifiability_gate	ambiguous	persistent_loss	stress	identifiable	E0	E0_artifact_dominated	True	False	replication
F0506	without_identifiability_gate	ambiguous	persistent_loss	stress	identifiable	E0	E0_artifact_dominated	True	False	none
F0507	without_identifiability_gate	ambiguous	persistent_loss	stress	identifiable	E0	E0_artifact_dominated	True	False	outcome
F0508	without_identifiability_gate	ambiguous	persistent_loss	stress	identifiable	E0	E0_artifact_dominated	True	False	reversal
F0509	without_identifiability_gate	ambiguous	persistent_loss	stress	identifiable	E0	E0_artifact_dominated	True	False	rescue
F0510	without_identifiability_gate	ambiguous	persistent_loss	stress	identifiable	E0	E0_artifact_dominated	True	False	replication
F0511	without_identifiability_gate	ambiguous	redirection	stress	ambiguous	E0	E0_not_estimable	True	False	none
F0512	without_identifiability_gate	ambiguous	redirection	stress	ambiguous	E0	E0_not_estimable	True	False	outcome
F0513	without_identifiability_gate	ambiguous	redirection	stress	ambiguous	E0	E0_not_estimable	True	False	reversal
F0514	without_identifiability_gate	ambiguous	persistent_loss	stress	ambiguous	E0	E0_not_estimable	True	False	rescue
F0515	without_identifiability_gate	ambiguous	redirection	stress	ambiguous	E0	E0_not_estimable	True	False	replication
F0516	without_identifiability_gate	ambiguous	persistent_loss	stress	ambiguous	E0	E0_artifact_dominated	True	False	none
F0517	without_identifiability_gate	ambiguous	persistent_loss	stress	ambiguous	E0	E0_artifact_dominated	True	False	outcome
F0518	without_identifiability_gate	ambiguous	persistent_loss	stress	ambiguous	E0	E0_artifact_dominated	True	False	reversal
F0519	without_identifiability_gate	ambiguous	persistent_loss	stress	ambiguous	E0	E0_artifact_dominated	True	False	rescue
F0520	without_identifiability_gate	ambiguous	persistent_loss	stress	ambiguous	E0	E0_artifact_dominated	True	False	replication
F0521	without_identifiability_gate	ambiguous	persistent_loss	stress	ambiguous	E0	E0_artifact_dominated	True	False	none
F0522	without_identifiability_gate	ambiguous	persistent_loss	stress	ambiguous	E0	E0_artifact_dominated	True	False	outcome
F0523	without_identifiability_gate	ambiguous	persistent_loss	stress	ambiguous	E0	E0_artifact_dominated	True	False	reversal
F0524	without_identifiability_gate	ambiguous	persistent_loss	stress	ambiguous	E0	E0_artifact_dominated	True	False	rescue
F0525	without_identifiability_gate	ambiguous	persistent_loss	stress	ambiguous	E0	E0_artifact_dominated	True	False	replication
F0526	without_identifiability_gate	ambiguous	persistent_loss	none	not_identifiable	E0	E0_not_estimable	True	False	none
F0527	without_identifiability_gate	ambiguous	activation	stress	not_identifiable	E0	E0_not_estimable	True	False	outcome
F0528	without_identifiability_gate	ambiguous	redirection	stress	not_identifiable	E0	E0_not_estimable	True	False	reversal
F0529	without_identifiability_gate	ambiguous	redirection	stress	not_identifiable	E0	E0_not_estimable	True	False	rescue
F0530	without_identifiability_gate	ambiguous	persistent_loss	none	not_identifiable	E0	E0_not_estimable	True	False	replication
F0531	without_identifiability_gate	ambiguous	persistent_loss	none	not_identifiable	E1		True	False	none
F0532	without_identifiability_gate	ambiguous	persistent_loss	none	not_identifiable	E1		True	False	outcome
F0533	without_identifiability_gate	ambiguous	persistent_loss	stress	not_identifiable	E0	E0_artifact_dominated	True	False	reversal
F0534	without_identifiability_gate	ambiguous	persistent_loss	none	not_identifiable	E0	E0_not_supported	True	False	rescue
F0535	without_identifiability_gate	ambiguous	persistent_loss	none	not_identifiable	E1		True	False	replication
F0536	without_identifiability_gate	ambiguous	persistent_loss	stress	not_identifiable	E0	E0_artifact_dominated	True	False	none
F0537	without_identifiability_gate	ambiguous	persistent_loss	stress	not_identifiable	E0	E0_artifact_dominated	True	False	outcome
F0538	without_identifiability_gate	ambiguous	persistent_loss	none	not_identifiable	E2		True	False	reversal
F0539	without_identifiability_gate	ambiguous	redirection	stress	not_identifiable	E0	E0_artifact_dominated	True	False	rescue
F0540	without_identifiability_gate	ambiguous	persistent_loss	none	not_identifiable	E2		True	False	replication
F0541	without_identifiability_gate	redirection	redirection	none	identifiable	E0	E0_not_estimable	False	False	none
F0542	without_identifiability_gate	redirection	redirection	none	identifiable	E0	E0_not_estimable	False	False	outcome
F0543	without_identifiability_gate	redirection	redirection	none	identifiable	E0	E0_not_estimable	False	False	reversal
F0544	without_identifiability_gate	redirection	redirection	none	identifiable	E0	E0_not_estimable	False	False	rescue
F0545	without_identifiability_gate	redirection	redirection	none	identifiable	E0	E0_not_estimable	False	False	replication
F0546	without_identifiability_gate	redirection	redirection	none	identifiable	E1		False	False	none
F0547	without_identifiability_gate	redirection	redirection	none	identifiable	E1		False	False	outcome
F0548	without_identifiability_gate	redirection	redirection	none	identifiable	E1		False	False	reversal
F0549	without_identifiability_gate	redirection	redirection	none	identifiable	E1		False	False	rescue
F0550	without_identifiability_gate	redirection	redirection	none	identifiable	E1		False	False	replication
F0551	without_identifiability_gate	redirection	redirection	none	identifiable	E2		False	False	none
F0552	without_identifiability_gate	redirection	redirection	none	identifiable	E2		False	False	outcome
F0553	without_identifiability_gate	redirection	redirection	none	identifiable	E2		False	False	reversal
F0554	without_identifiability_gate	redirection	redirection	none	identifiable	E2		False	False	rescue
F0555	without_identifiability_gate	redirection	redirection	none	identifiable	E2		False	False	replication
F0556	without_identifiability_gate	ambiguous	redirection	none	ambiguous	E0	E0_not_estimable	True	False	none
F0557	without_identifiability_gate	ambiguous	redirection	none	ambiguous	E0	E0_not_estimable	True	False	outcome
F0558	without_identifiability_gate	ambiguous	redirection	none	ambiguous	E0	E0_not_estimable	True	False	reversal
F0559	without_identifiability_gate	ambiguous	redirection	none	ambiguous	E0	E0_not_estimable	True	False	rescue
F0560	without_identifiability_gate	redirection	redirection	none	identifiable	E0	E0_not_estimable	False	False	replication
F0561	without_identifiability_gate	ambiguous	redirection	none	ambiguous	E1		True	False	none
F0562	without_identifiability_gate	ambiguous	redirection	none	ambiguous	E1		True	False	outcome
F0563	without_identifiability_gate	ambiguous	redirection	none	ambiguous	E1		True	False	reversal
F0564	without_identifiability_gate	ambiguous	redirection	none	ambiguous	E1		True	False	rescue
F0565	without_identifiability_gate	ambiguous	redirection	none	ambiguous	E1		True	False	replication
F0566	without_identifiability_gate	ambiguous	redirection	none	ambiguous	E2		True	False	none
F0567	without_identifiability_gate	ambiguous	redirection	none	ambiguous	E2		True	False	outcome
F0568	without_identifiability_gate	ambiguous	redirection	none	ambiguous	E2		True	False	reversal
F0569	without_identifiability_gate	ambiguous	redirection	none	ambiguous	E2		True	False	rescue
F0570	without_identifiability_gate	ambiguous	redirection	none	ambiguous	E2		True	False	replication
F0571	without_identifiability_gate	ambiguous	redirection	none	not_identifiable	E0	E0_not_estimable	True	False	none
F0572	without_identifiability_gate	ambiguous	redirection	none	not_identifiable	E0	E0_not_estimable	True	False	outcome
F0573	without_identifiability_gate	ambiguous	delay	none	not_identifiable	E0	E0_not_estimable	True	False	reversal
F0574	without_identifiability_gate	ambiguous	redirection	none	not_identifiable	E0	E0_not_estimable	True	False	rescue
F0575	without_identifiability_gate	ambiguous	redirection	none	not_identifiable	E0	E0_not_estimable	True	False	replication
F0576	without_identifiability_gate	ambiguous	redirection	none	not_identifiable	E1		True	False	none
F0577	without_identifiability_gate	ambiguous	redirection	none	not_identifiable	E1		True	False	outcome
F0578	without_identifiability_gate	ambiguous	redirection	none	not_identifiable	E1		True	False	reversal
F0579	without_identifiability_gate	ambiguous	redirection	none	not_identifiable	E1		True	False	rescue
F0580	without_identifiability_gate	ambiguous	redirection	none	not_identifiable	E1		True	False	replication
F0581	without_identifiability_gate	ambiguous	redirection	none	not_identifiable	E2		True	False	none
F0582	without_identifiability_gate	ambiguous	redirection	none	not_identifiable	E2		True	False	outcome
F0583	without_identifiability_gate	ambiguous	redirection	none	not_identifiable	E2		True	False	reversal
F0584	without_identifiability_gate	ambiguous	redirection	none	not_identifiable	E2		True	False	rescue
F0585	without_identifiability_gate	ambiguous	redirection	none	not_identifiable	E2		True	False	replication
F0586	without_identifiability_gate	ambiguous	redirection	composition	identifiable	E0	E0_not_estimable	True	False	none
F0587	without_identifiability_gate	ambiguous	redirection	composition	identifiable	E0	E0_not_estimable	True	False	outcome
F0588	without_identifiability_gate	ambiguous	redirection	composition	identifiable	E0	E0_not_estimable	True	False	reversal
F0589	without_identifiability_gate	ambiguous	redirection	composition	identifiable	E0	E0_not_estimable	True	False	rescue
F0590	without_identifiability_gate	ambiguous	redirection	composition	identifiable	E0	E0_not_estimable	True	False	replication
F0591	without_identifiability_gate	ambiguous	redirection	composition	identifiable	E0	E0_artifact_dominated	True	False	none
F0592	without_identifiability_gate	ambiguous	redirection	composition	identifiable	E0	E0_artifact_dominated	True	False	outcome
F0593	without_identifiability_gate	ambiguous	redirection	composition	identifiable	E0	E0_artifact_dominated	True	False	reversal
F0594	without_identifiability_gate	ambiguous	redirection	composition	identifiable	E0	E0_artifact_dominated	True	False	rescue
F0595	without_identifiability_gate	ambiguous	redirection	composition	identifiable	E0	E0_artifact_dominated	True	False	replication
F0596	without_identifiability_gate	ambiguous	redirection	composition	identifiable	E0	E0_artifact_dominated	True	False	none
F0597	without_identifiability_gate	ambiguous	redirection	composition	identifiable	E0	E0_artifact_dominated	True	False	outcome
F0598	without_identifiability_gate	ambiguous	redirection	composition	identifiable	E0	E0_artifact_dominated	True	False	reversal
F0599	without_identifiability_gate	ambiguous	redirection	composition	identifiable	E0	E0_artifact_dominated	True	False	rescue
F0600	without_identifiability_gate	ambiguous	redirection	composition	identifiable	E0	E0_artifact_dominated	True	False	replication
F0601	without_identifiability_gate	ambiguous	redirection	composition	ambiguous	E0	E0_not_estimable	True	False	none
F0602	without_identifiability_gate	ambiguous	redirection	composition	ambiguous	E0	E0_not_estimable	True	False	outcome
F0603	without_identifiability_gate	ambiguous	redirection	composition	ambiguous	E0	E0_not_estimable	True	False	reversal
F0604	without_identifiability_gate	ambiguous	redirection	composition	ambiguous	E0	E0_not_estimable	True	False	rescue
F0605	without_identifiability_gate	ambiguous	redirection	composition	ambiguous	E0	E0_not_estimable	True	False	replication
F0606	without_identifiability_gate	ambiguous	redirection	composition	ambiguous	E0	E0_artifact_dominated	True	False	none
F0607	without_identifiability_gate	ambiguous	redirection	composition	ambiguous	E0	E0_artifact_dominated	True	False	outcome
F0608	without_identifiability_gate	ambiguous	redirection	composition	ambiguous	E0	E0_artifact_dominated	True	False	reversal
F0609	without_identifiability_gate	ambiguous	redirection	composition	ambiguous	E0	E0_artifact_dominated	True	False	rescue
F0610	without_identifiability_gate	ambiguous	redirection	composition	ambiguous	E0	E0_artifact_dominated	True	False	replication
F0611	without_identifiability_gate	ambiguous	redirection	composition	ambiguous	E0	E0_artifact_dominated	True	False	none
F0612	without_identifiability_gate	ambiguous	redirection	composition	ambiguous	E0	E0_artifact_dominated	True	False	outcome
F0613	without_identifiability_gate	ambiguous	redirection	composition	ambiguous	E0	E0_artifact_dominated	True	False	reversal
F0614	without_identifiability_gate	ambiguous	redirection	composition	ambiguous	E0	E0_artifact_dominated	True	False	rescue
F0615	without_identifiability_gate	ambiguous	redirection	composition	ambiguous	E0	E0_artifact_dominated	True	False	replication
F0616	without_identifiability_gate	ambiguous	redirection	composition	not_identifiable	E0	E0_not_estimable	True	False	none
F0617	without_identifiability_gate	ambiguous	redirection	composition	not_identifiable	E0	E0_not_estimable	True	False	outcome
F0618	without_identifiability_gate	ambiguous	redirection	composition	not_identifiable	E0	E0_not_estimable	True	False	reversal
F0619	without_identifiability_gate	ambiguous	redirection	composition	not_identifiable	E0	E0_not_estimable	True	False	rescue
F0620	without_identifiability_gate	ambiguous	redirection	composition	not_identifiable	E0	E0_not_estimable	True	False	replication
F0621	without_identifiability_gate	ambiguous	redirection	composition	not_identifiable	E0	E0_artifact_dominated	True	False	none
F0622	without_identifiability_gate	ambiguous	redirection	composition	not_identifiable	E0	E0_artifact_dominated	True	False	outcome
F0623	without_identifiability_gate	ambiguous	redirection	composition	not_identifiable	E0	E0_artifact_dominated	True	False	reversal
F0624	without_identifiability_gate	ambiguous	redirection	composition	not_identifiable	E0	E0_artifact_dominated	True	False	rescue
F0625	without_identifiability_gate	ambiguous	redirection	composition	not_identifiable	E0	E0_artifact_dominated	True	False	replication
F0626	without_identifiability_gate	ambiguous	redirection	composition	not_identifiable	E0	E0_artifact_dominated	True	False	none
F0627	without_identifiability_gate	ambiguous	redirection	composition	not_identifiable	E0	E0_artifact_dominated	True	False	outcome
F0628	without_identifiability_gate	ambiguous	redirection	composition	not_identifiable	E0	E0_artifact_dominated	True	False	reversal
F0629	without_identifiability_gate	ambiguous	redirection	composition	not_identifiable	E0	E0_artifact_dominated	True	False	rescue
F0630	without_identifiability_gate	ambiguous	redirection	composition	not_identifiable	E0	E0_artifact_dominated	True	False	replication
F0631	without_identifiability_gate	ambiguous	redirection	stress	identifiable	E0	E0_not_estimable	True	False	none
F0632	without_identifiability_gate	ambiguous	redirection	stress	identifiable	E0	E0_not_estimable	True	False	outcome
F0633	without_identifiability_gate	ambiguous	redirection	stress	identifiable	E0	E0_not_estimable	True	False	reversal
F0634	without_identifiability_gate	ambiguous	redirection	stress	identifiable	E0	E0_not_estimable	True	False	rescue
F0635	without_identifiability_gate	ambiguous	redirection	stress	identifiable	E0	E0_not_estimable	True	False	replication
F0636	without_identifiability_gate	ambiguous	redirection	stress	identifiable	E0	E0_artifact_dominated	True	False	none
F0637	without_identifiability_gate	ambiguous	redirection	stress	identifiable	E0	E0_artifact_dominated	True	False	outcome
F0638	without_identifiability_gate	redirection	redirection	none	identifiable	E1		False	False	reversal
F0639	without_identifiability_gate	ambiguous	redirection	stress	identifiable	E0	E0_artifact_dominated	True	False	rescue
F0640	without_identifiability_gate	ambiguous	redirection	stress	identifiable	E0	E0_artifact_dominated	True	False	replication
F0641	without_identifiability_gate	ambiguous	redirection	stress	identifiable	E0	E0_artifact_dominated	True	False	none
F0642	without_identifiability_gate	ambiguous	redirection	stress	identifiable	E0	E0_artifact_dominated	True	False	outcome
F0643	without_identifiability_gate	ambiguous	redirection	stress	identifiable	E0	E0_artifact_dominated	True	False	reversal
F0644	without_identifiability_gate	ambiguous	redirection	stress	identifiable	E0	E0_artifact_dominated	True	False	rescue
F0645	without_identifiability_gate	ambiguous	redirection	stress	identifiable	E0	E0_artifact_dominated	True	False	replication
F0646	without_identifiability_gate	ambiguous	redirection	none	ambiguous	E0	E0_not_estimable	True	False	none
F0647	without_identifiability_gate	ambiguous	redirection	none	ambiguous	E0	E0_not_estimable	True	False	outcome
F0648	without_identifiability_gate	ambiguous	redirection	none	ambiguous	E0	E0_not_estimable	True	False	reversal
F0649	without_identifiability_gate	ambiguous	redirection	none	ambiguous	E0	E0_not_estimable	True	False	rescue
F0650	without_identifiability_gate	ambiguous	redirection	none	ambiguous	E0	E0_not_estimable	True	False	replication
F0651	without_identifiability_gate	ambiguous	redirection	none	ambiguous	E1		True	False	none
F0652	without_identifiability_gate	ambiguous	redirection	stress	ambiguous	E0	E0_artifact_dominated	True	False	outcome
F0653	without_identifiability_gate	ambiguous	redirection	none	ambiguous	E1		True	False	reversal
F0654	without_identifiability_gate	ambiguous	redirection	stress	ambiguous	E0	E0_artifact_dominated	True	False	rescue
F0655	without_identifiability_gate	ambiguous	redirection	stress	ambiguous	E0	E0_artifact_dominated	True	False	replication
F0656	without_identifiability_gate	ambiguous	redirection	stress	ambiguous	E0	E0_artifact_dominated	True	False	none
F0657	without_identifiability_gate	ambiguous	redirection	none	ambiguous	E2		True	False	outcome
F0658	without_identifiability_gate	ambiguous	redirection	stress	ambiguous	E0	E0_artifact_dominated	True	False	reversal
F0659	without_identifiability_gate	ambiguous	redirection	none	ambiguous	E2		True	False	rescue
F0660	without_identifiability_gate	ambiguous	redirection	stress	ambiguous	E0	E0_artifact_dominated	True	False	replication
F0661	without_identifiability_gate	ambiguous	redirection	none	not_identifiable	E0	E0_not_estimable	True	False	none
F0662	without_identifiability_gate	ambiguous	redirection	none	not_identifiable	E0	E0_not_estimable	True	False	outcome
F0663	without_identifiability_gate	ambiguous	redirection	none	not_identifiable	E0	E0_not_estimable	True	False	reversal
F0664	without_identifiability_gate	ambiguous	redirection	none	not_identifiable	E0	E0_not_estimable	True	False	rescue
F0665	without_identifiability_gate	ambiguous	redirection	none	not_identifiable	E0	E0_not_estimable	True	False	replication
F0666	without_identifiability_gate	ambiguous	redirection	none	not_identifiable	E1		True	False	none
F0667	without_identifiability_gate	ambiguous	redirection	none	not_identifiable	E1		True	False	outcome
F0668	without_identifiability_gate	ambiguous	redirection	stress	not_identifiable	E0	E0_artifact_dominated	True	False	reversal
F0669	without_identifiability_gate	ambiguous	redirection	none	not_identifiable	E1		True	False	rescue
F0670	without_identifiability_gate	ambiguous	redirection	stress	not_identifiable	E0	E0_artifact_dominated	True	False	replication
F0671	without_identifiability_gate	ambiguous	redirection	none	not_identifiable	E2		True	False	none
F0672	without_identifiability_gate	ambiguous	redirection	none	not_identifiable	E2		True	False	outcome
F0673	without_identifiability_gate	ambiguous	redirection	stress	not_identifiable	E0	E0_artifact_dominated	True	False	reversal
F0674	without_identifiability_gate	ambiguous	redirection	none	not_identifiable	E2		True	False	rescue
F0675	without_identifiability_gate	ambiguous	redirection	none	not_identifiable	E2		True	False	replication
F0001	without_ambiguity_set	activation	activation	none	identifiable	E0	E0_not_estimable	False	False	none
F0002	without_ambiguity_set	activation	activation	none	identifiable	E0	E0_not_estimable	False	False	outcome
F0003	without_ambiguity_set	activation	activation	none	identifiable	E0	E0_not_estimable	False	False	reversal
F0004	without_ambiguity_set	activation	activation	none	identifiable	E0	E0_not_estimable	False	False	rescue
F0005	without_ambiguity_set	activation	activation	none	identifiable	E0	E0_not_estimable	False	False	replication
F0006	without_ambiguity_set	activation	activation	none	identifiable	E1		False	False	none
F0007	without_ambiguity_set	activation	activation	none	identifiable	E1		False	False	outcome
F0008	without_ambiguity_set	activation	activation	none	identifiable	E1		False	False	reversal
F0009	without_ambiguity_set	activation	activation	none	identifiable	E1		False	False	rescue
F0010	without_ambiguity_set	activation	activation	none	identifiable	E1		False	False	replication
F0011	without_ambiguity_set	activation	activation	none	identifiable	E2		False	False	none
F0012	without_ambiguity_set	activation	activation	none	identifiable	E2		False	False	outcome
F0013	without_ambiguity_set	activation	activation	none	identifiable	E2		False	False	reversal
F0014	without_ambiguity_set	activation	activation	none	identifiable	E2		False	False	rescue
F0015	without_ambiguity_set	activation	activation	none	identifiable	E2		False	False	replication
F0016	without_ambiguity_set	activation	activation	none	ambiguous	E0	E0_not_estimable	False	False	none
F0017	without_ambiguity_set	activation	activation	none	ambiguous	E0	E0_not_estimable	False	False	outcome
F0018	without_ambiguity_set	activation	activation	none	ambiguous	E0	E0_not_estimable	False	False	reversal
F0019	without_ambiguity_set	activation	activation	none	ambiguous	E0	E0_not_estimable	False	False	rescue
F0020	without_ambiguity_set	activation	activation	none	ambiguous	E0	E0_not_estimable	False	False	replication
F0021	without_ambiguity_set	activation	activation	none	ambiguous	E1		False	False	none
F0022	without_ambiguity_set	activation	activation	none	ambiguous	E1		False	False	outcome
F0023	without_ambiguity_set	activation	activation	none	ambiguous	E1		False	False	reversal
F0024	without_ambiguity_set	activation	activation	none	ambiguous	E1		False	False	rescue
F0025	without_ambiguity_set	activation	activation	none	ambiguous	E1		False	False	replication
F0026	without_ambiguity_set	activation	activation	none	ambiguous	E1		False	False	none
F0027	without_ambiguity_set	activation	activation	none	ambiguous	E1		False	False	outcome
F0028	without_ambiguity_set	activation	activation	none	ambiguous	E1		False	False	reversal
F0029	without_ambiguity_set	activation	activation	none	ambiguous	E1		False	False	rescue
F0030	without_ambiguity_set	activation	activation	none	ambiguous	E1		False	False	replication
F0031	without_ambiguity_set	activation	activation	none	not_identifiable	E0	E0_not_estimable	False	False	none
F0032	without_ambiguity_set	activation	activation	none	not_identifiable	E0	E0_not_estimable	False	False	outcome
F0033	without_ambiguity_set	activation	activation	none	not_identifiable	E0	E0_not_estimable	False	False	reversal
F0034	without_ambiguity_set	activation	activation	none	not_identifiable	E0	E0_not_estimable	False	False	rescue
F0035	without_ambiguity_set	activation	activation	none	not_identifiable	E0	E0_not_estimable	False	False	replication
F0036	without_ambiguity_set	activation	activation	none	not_identifiable	E0	E0_not_identifiable	False	False	none
F0037	without_ambiguity_set	activation	activation	none	not_identifiable	E0	E0_not_identifiable	False	False	outcome
F0038	without_ambiguity_set	activation	activation	none	not_identifiable	E0	E0_not_identifiable	False	False	reversal
F0039	without_ambiguity_set	activation	activation	none	not_identifiable	E0	E0_not_identifiable	False	False	rescue
F0040	without_ambiguity_set	activation	activation	none	not_identifiable	E0	E0_not_identifiable	False	False	replication
F0041	without_ambiguity_set	activation	activation	none	not_identifiable	E0	E0_not_identifiable	False	False	none
F0042	without_ambiguity_set	activation	activation	none	not_identifiable	E0	E0_not_identifiable	False	False	outcome
F0043	without_ambiguity_set	activation	activation	none	not_identifiable	E0	E0_not_identifiable	False	False	reversal
F0044	without_ambiguity_set	activation	activation	none	not_identifiable	E0	E0_not_identifiable	False	False	rescue
F0045	without_ambiguity_set	activation	activation	none	not_identifiable	E0	E0_not_identifiable	False	False	replication
F0046	without_ambiguity_set	activation	activation	composition	identifiable	E0	E0_not_estimable	False	False	none
F0047	without_ambiguity_set	activation	activation	composition	identifiable	E0	E0_not_estimable	False	False	outcome
F0048	without_ambiguity_set	activation	activation	composition	identifiable	E0	E0_not_estimable	False	False	reversal
F0049	without_ambiguity_set	activation	activation	composition	identifiable	E0	E0_not_estimable	False	False	rescue
F0050	without_ambiguity_set	activation	activation	composition	identifiable	E0	E0_not_estimable	False	False	replication
F0051	without_ambiguity_set	activation	activation	composition	identifiable	E0	E0_artifact_dominated	False	False	none
F0052	without_ambiguity_set	activation	activation	composition	identifiable	E0	E0_artifact_dominated	False	False	outcome
F0053	without_ambiguity_set	activation	activation	composition	identifiable	E0	E0_artifact_dominated	False	False	reversal
F0054	without_ambiguity_set	activation	activation	composition	identifiable	E0	E0_artifact_dominated	False	False	rescue
F0055	without_ambiguity_set	activation	activation	composition	identifiable	E0	E0_artifact_dominated	False	False	replication
F0056	without_ambiguity_set	activation	activation	composition	identifiable	E0	E0_artifact_dominated	False	False	none
F0057	without_ambiguity_set	activation	activation	composition	identifiable	E0	E0_artifact_dominated	False	False	outcome
F0058	without_ambiguity_set	activation	activation	composition	identifiable	E0	E0_artifact_dominated	False	False	reversal
F0059	without_ambiguity_set	activation	activation	composition	identifiable	E0	E0_artifact_dominated	False	False	rescue
F0060	without_ambiguity_set	activation	activation	composition	identifiable	E0	E0_artifact_dominated	False	False	replication
F0061	without_ambiguity_set	activation	activation	composition	ambiguous	E0	E0_not_estimable	False	False	none
F0062	without_ambiguity_set	activation	activation	composition	ambiguous	E0	E0_not_estimable	False	False	outcome
F0063	without_ambiguity_set	activation	activation	composition	ambiguous	E0	E0_not_estimable	False	False	reversal
F0064	without_ambiguity_set	activation	activation	composition	ambiguous	E0	E0_not_estimable	False	False	rescue
F0065	without_ambiguity_set	activation	activation	composition	ambiguous	E0	E0_not_estimable	False	False	replication
F0066	without_ambiguity_set	activation	activation	composition	ambiguous	E0	E0_artifact_dominated	False	False	none
F0067	without_ambiguity_set	activation	activation	composition	ambiguous	E0	E0_artifact_dominated	False	False	outcome
F0068	without_ambiguity_set	activation	activation	composition	ambiguous	E0	E0_artifact_dominated	False	False	reversal
F0069	without_ambiguity_set	activation	activation	composition	ambiguous	E0	E0_artifact_dominated	False	False	rescue
F0070	without_ambiguity_set	activation	activation	composition	ambiguous	E0	E0_artifact_dominated	False	False	replication
F0071	without_ambiguity_set	activation	activation	composition	ambiguous	E0	E0_artifact_dominated	False	False	none
F0072	without_ambiguity_set	activation	activation	composition	ambiguous	E0	E0_artifact_dominated	False	False	outcome
F0073	without_ambiguity_set	activation	activation	composition	ambiguous	E0	E0_artifact_dominated	False	False	reversal
F0074	without_ambiguity_set	activation	activation	composition	ambiguous	E0	E0_artifact_dominated	False	False	rescue
F0075	without_ambiguity_set	activation	activation	composition	ambiguous	E0	E0_artifact_dominated	False	False	replication
F0076	without_ambiguity_set	activation	activation	composition	not_identifiable	E0	E0_not_estimable	False	False	none
F0077	without_ambiguity_set	activation	activation	composition	not_identifiable	E0	E0_not_estimable	False	False	outcome
F0078	without_ambiguity_set	activation	activation	composition	not_identifiable	E0	E0_not_estimable	False	False	reversal
F0079	without_ambiguity_set	activation	activation	composition	not_identifiable	E0	E0_not_estimable	False	False	rescue
F0080	without_ambiguity_set	activation	activation	composition	not_identifiable	E0	E0_not_estimable	False	False	replication
F0081	without_ambiguity_set	activation	activation	composition	not_identifiable	E0	E0_not_identifiable	False	False	none
F0082	without_ambiguity_set	activation	activation	composition	not_identifiable	E0	E0_not_identifiable	False	False	outcome
F0083	without_ambiguity_set	activation	activation	composition	not_identifiable	E0	E0_not_identifiable	False	False	reversal
F0084	without_ambiguity_set	activation	activation	composition	not_identifiable	E0	E0_not_identifiable	False	False	rescue
F0085	without_ambiguity_set	activation	activation	composition	not_identifiable	E0	E0_not_identifiable	False	False	replication
F0086	without_ambiguity_set	activation	activation	composition	not_identifiable	E0	E0_not_identifiable	False	False	none
F0087	without_ambiguity_set	activation	activation	composition	not_identifiable	E0	E0_not_identifiable	False	False	outcome
F0088	without_ambiguity_set	activation	activation	composition	not_identifiable	E0	E0_not_identifiable	False	False	reversal
F0089	without_ambiguity_set	activation	activation	composition	not_identifiable	E0	E0_not_identifiable	False	False	rescue
F0090	without_ambiguity_set	activation	activation	composition	not_identifiable	E0	E0_not_identifiable	False	False	replication
F0091	without_ambiguity_set	activation	activation	stress	identifiable	E0	E0_not_estimable	False	False	none
F0092	without_ambiguity_set	activation	activation	stress	identifiable	E0	E0_not_estimable	False	False	outcome
F0093	without_ambiguity_set	activation	activation	stress	identifiable	E0	E0_not_estimable	False	False	reversal
F0094	without_ambiguity_set	activation	activation	stress	identifiable	E0	E0_not_estimable	False	False	rescue
F0095	without_ambiguity_set	activation	activation	stress	identifiable	E0	E0_not_estimable	False	False	replication
F0096	without_ambiguity_set	activation	activation	stress	identifiable	E0	E0_artifact_dominated	False	False	none
F0097	without_ambiguity_set	activation	activation	stress	identifiable	E0	E0_artifact_dominated	False	False	outcome
F0098	without_ambiguity_set	activation	activation	stress	identifiable	E0	E0_artifact_dominated	False	False	reversal
F0099	without_ambiguity_set	activation	activation	stress	identifiable	E0	E0_artifact_dominated	False	False	rescue
F0100	without_ambiguity_set	activation	activation	stress	identifiable	E0	E0_artifact_dominated	False	False	replication
F0101	without_ambiguity_set	activation	activation	stress	identifiable	E0	E0_artifact_dominated	False	False	none
F0102	without_ambiguity_set	activation	activation	stress	identifiable	E0	E0_artifact_dominated	False	False	outcome
F0103	without_ambiguity_set	activation	activation	stress	identifiable	E0	E0_artifact_dominated	False	False	reversal
F0104	without_ambiguity_set	activation	activation	stress	identifiable	E0	E0_artifact_dominated	False	False	rescue
F0105	without_ambiguity_set	activation	activation	stress	identifiable	E0	E0_artifact_dominated	False	False	replication
F0106	without_ambiguity_set	activation	activation	stress	ambiguous	E0	E0_not_estimable	False	False	none
F0107	without_ambiguity_set	activation	activation	stress	ambiguous	E0	E0_not_estimable	False	False	outcome
F0108	without_ambiguity_set	activation	activation	stress	ambiguous	E0	E0_not_estimable	False	False	reversal
F0109	without_ambiguity_set	activation	activation	stress	ambiguous	E0	E0_not_estimable	False	False	rescue
F0110	without_ambiguity_set	activation	activation	stress	ambiguous	E0	E0_not_estimable	False	False	replication
F0111	without_ambiguity_set	activation	activation	stress	ambiguous	E0	E0_artifact_dominated	False	False	none
F0112	without_ambiguity_set	activation	activation	stress	ambiguous	E0	E0_artifact_dominated	False	False	outcome
F0113	without_ambiguity_set	activation	activation	stress	ambiguous	E0	E0_artifact_dominated	False	False	reversal
F0114	without_ambiguity_set	activation	activation	stress	ambiguous	E0	E0_artifact_dominated	False	False	rescue
F0115	without_ambiguity_set	activation	activation	stress	ambiguous	E0	E0_artifact_dominated	False	False	replication
F0116	without_ambiguity_set	activation	activation	stress	ambiguous	E0	E0_artifact_dominated	False	False	none
F0117	without_ambiguity_set	activation	activation	stress	ambiguous	E0	E0_artifact_dominated	False	False	outcome
F0118	without_ambiguity_set	activation	activation	stress	ambiguous	E0	E0_artifact_dominated	False	False	reversal
F0119	without_ambiguity_set	activation	activation	stress	ambiguous	E0	E0_artifact_dominated	False	False	rescue
F0120	without_ambiguity_set	activation	activation	stress	ambiguous	E0	E0_artifact_dominated	False	False	replication
F0121	without_ambiguity_set	activation	activation	none	not_identifiable	E0	E0_not_estimable	False	False	none
F0122	without_ambiguity_set	activation	activation	stress	not_identifiable	E0	E0_not_estimable	False	False	outcome
F0123	without_ambiguity_set	activation	activation	none	not_identifiable	E0	E0_not_estimable	False	False	reversal
F0124	without_ambiguity_set	activation	activation	none	not_identifiable	E0	E0_not_estimable	False	False	rescue
F0125	without_ambiguity_set	activation	activation	none	not_identifiable	E0	E0_not_estimable	False	False	replication
F0126	without_ambiguity_set	activation	activation	stress	not_identifiable	E0	E0_not_identifiable	False	False	none
F0127	without_ambiguity_set	activation	activation	none	not_identifiable	E0	E0_not_identifiable	False	False	outcome
F0128	without_ambiguity_set	activation	activation	stress	not_identifiable	E0	E0_not_identifiable	False	False	reversal
F0129	without_ambiguity_set	activation	activation	none	not_identifiable	E0	E0_not_identifiable	False	False	rescue
F0130	without_ambiguity_set	activation	activation	stress	not_identifiable	E0	E0_not_identifiable	False	False	replication
F0131	without_ambiguity_set	activation	activation	stress	not_identifiable	E0	E0_not_identifiable	False	False	none
F0132	without_ambiguity_set	activation	activation	stress	not_identifiable	E0	E0_not_identifiable	False	False	outcome
F0133	without_ambiguity_set	activation	activation	none	not_identifiable	E0	E0_not_identifiable	False	False	reversal
F0134	without_ambiguity_set	activation	activation	stress	not_identifiable	E0	E0_not_identifiable	False	False	rescue
F0135	without_ambiguity_set	activation	activation	stress	not_identifiable	E0	E0_not_identifiable	False	False	replication
F0136	without_ambiguity_set	suppression	suppression	none	ambiguous	E0	E0_not_estimable	False	False	none
F0137	without_ambiguity_set	suppression	suppression	none	ambiguous	E0	E0_not_estimable	False	False	outcome
F0138	without_ambiguity_set	suppression	suppression	none	ambiguous	E0	E0_not_estimable	False	False	reversal
F0139	without_ambiguity_set	suppression	suppression	none	ambiguous	E0	E0_not_estimable	False	False	rescue
F0140	without_ambiguity_set	suppression	suppression	none	ambiguous	E0	E0_not_estimable	False	False	replication
F0141	without_ambiguity_set	suppression	suppression	none	ambiguous	E1		False	False	none
F0142	without_ambiguity_set	suppression	suppression	none	ambiguous	E1		False	False	outcome
F0143	without_ambiguity_set	suppression	suppression	none	ambiguous	E1		False	False	reversal
F0144	without_ambiguity_set	suppression	suppression	none	ambiguous	E1		False	False	rescue
F0145	without_ambiguity_set	suppression	suppression	none	ambiguous	E1		False	False	replication
F0146	without_ambiguity_set	suppression	suppression	none	ambiguous	E1		False	False	none
F0147	without_ambiguity_set	suppression	suppression	none	ambiguous	E1		False	False	outcome
F0148	without_ambiguity_set	suppression	suppression	none	ambiguous	E1		False	False	reversal
F0149	without_ambiguity_set	suppression	suppression	none	ambiguous	E1		False	False	rescue
F0150	without_ambiguity_set	suppression	suppression	none	identifiable	E2		False	False	replication
F0151	without_ambiguity_set	suppression	suppression	none	ambiguous	E0	E0_not_estimable	False	False	none
F0152	without_ambiguity_set	suppression	suppression	none	ambiguous	E0	E0_not_estimable	False	False	outcome
F0153	without_ambiguity_set	suppression	suppression	none	ambiguous	E0	E0_not_estimable	False	False	reversal
F0154	without_ambiguity_set	suppression	suppression	none	ambiguous	E0	E0_not_estimable	False	False	rescue
F0155	without_ambiguity_set	suppression	suppression	none	ambiguous	E0	E0_not_estimable	False	False	replication
F0156	without_ambiguity_set	suppression	suppression	none	ambiguous	E1		False	False	none
F0157	without_ambiguity_set	suppression	suppression	none	ambiguous	E1		False	False	outcome
F0158	without_ambiguity_set	suppression	suppression	none	ambiguous	E1		False	False	reversal
F0159	without_ambiguity_set	suppression	suppression	none	ambiguous	E1		False	False	rescue
F0160	without_ambiguity_set	suppression	suppression	none	ambiguous	E1		False	False	replication
F0161	without_ambiguity_set	suppression	suppression	none	ambiguous	E1		False	False	none
F0162	without_ambiguity_set	suppression	suppression	none	ambiguous	E1		False	False	outcome
F0163	without_ambiguity_set	suppression	suppression	none	ambiguous	E1		False	False	reversal
F0164	without_ambiguity_set	suppression	suppression	none	ambiguous	E1		False	False	rescue
F0165	without_ambiguity_set	suppression	suppression	none	ambiguous	E1		False	False	replication
F0166	without_ambiguity_set	suppression	suppression	none	not_identifiable	E0	E0_not_estimable	False	False	none
F0167	without_ambiguity_set	suppression	suppression	none	not_identifiable	E0	E0_not_estimable	False	False	outcome
F0168	without_ambiguity_set	suppression	suppression	none	not_identifiable	E0	E0_not_estimable	False	False	reversal
F0169	without_ambiguity_set	suppression	suppression	none	not_identifiable	E0	E0_not_estimable	False	False	rescue
F0170	without_ambiguity_set	suppression	suppression	none	not_identifiable	E0	E0_not_estimable	False	False	replication
F0171	without_ambiguity_set	suppression	suppression	none	not_identifiable	E0	E0_not_identifiable	False	False	none
F0172	without_ambiguity_set	suppression	suppression	none	not_identifiable	E0	E0_not_identifiable	False	False	outcome
F0173	without_ambiguity_set	suppression	suppression	none	not_identifiable	E0	E0_not_identifiable	False	False	reversal
F0174	without_ambiguity_set	suppression	suppression	none	not_identifiable	E0	E0_not_identifiable	False	False	rescue
F0175	without_ambiguity_set	suppression	suppression	none	not_identifiable	E0	E0_not_identifiable	False	False	replication
F0176	without_ambiguity_set	suppression	suppression	none	not_identifiable	E0	E0_not_identifiable	False	False	none
F0177	without_ambiguity_set	suppression	suppression	none	not_identifiable	E0	E0_not_identifiable	False	False	outcome
F0178	without_ambiguity_set	suppression	suppression	none	not_identifiable	E0	E0_not_identifiable	False	False	reversal
F0179	without_ambiguity_set	suppression	suppression	none	not_identifiable	E0	E0_not_identifiable	False	False	rescue
F0180	without_ambiguity_set	suppression	suppression	none	not_identifiable	E0	E0_not_identifiable	False	False	replication
F0181	without_ambiguity_set	suppression	suppression	composition	ambiguous	E0	E0_not_estimable	False	False	none
F0182	without_ambiguity_set	suppression	suppression	composition	ambiguous	E0	E0_not_estimable	False	False	outcome
F0183	without_ambiguity_set	suppression	suppression	composition	ambiguous	E0	E0_not_estimable	False	False	reversal
F0184	without_ambiguity_set	suppression	suppression	composition	ambiguous	E0	E0_not_estimable	False	False	rescue
F0185	without_ambiguity_set	suppression	suppression	composition	ambiguous	E0	E0_not_estimable	False	False	replication
F0186	without_ambiguity_set	suppression	suppression	composition	ambiguous	E0	E0_artifact_dominated	False	False	none
F0187	without_ambiguity_set	persistent_loss	persistent_loss	composition	ambiguous	E0	E0_artifact_dominated	False	False	outcome
F0188	without_ambiguity_set	suppression	suppression	composition	ambiguous	E0	E0_artifact_dominated	False	False	reversal
F0189	without_ambiguity_set	suppression	suppression	composition	ambiguous	E0	E0_artifact_dominated	False	False	rescue
F0190	without_ambiguity_set	suppression	suppression	composition	ambiguous	E0	E0_artifact_dominated	False	False	replication
F0191	without_ambiguity_set	suppression	suppression	composition	ambiguous	E0	E0_artifact_dominated	False	False	none
F0192	without_ambiguity_set	suppression	suppression	composition	ambiguous	E0	E0_artifact_dominated	False	False	outcome
F0193	without_ambiguity_set	suppression	suppression	composition	ambiguous	E0	E0_artifact_dominated	False	False	reversal
F0194	without_ambiguity_set	persistent_loss	persistent_loss	composition	ambiguous	E0	E0_artifact_dominated	False	False	rescue
F0195	without_ambiguity_set	suppression	suppression	composition	ambiguous	E0	E0_artifact_dominated	False	False	replication
F0196	without_ambiguity_set	persistent_loss	persistent_loss	composition	ambiguous	E0	E0_not_estimable	False	False	none
F0197	without_ambiguity_set	persistent_loss	persistent_loss	composition	ambiguous	E0	E0_not_estimable	False	False	outcome
F0198	without_ambiguity_set	persistent_loss	persistent_loss	composition	ambiguous	E0	E0_not_estimable	False	False	reversal
F0199	without_ambiguity_set	persistent_loss	persistent_loss	composition	ambiguous	E0	E0_not_estimable	False	False	rescue
F0200	without_ambiguity_set	suppression	suppression	composition	ambiguous	E0	E0_not_estimable	False	False	replication
F0201	without_ambiguity_set	persistent_loss	persistent_loss	composition	ambiguous	E0	E0_artifact_dominated	False	False	none
F0202	without_ambiguity_set	suppression	suppression	composition	ambiguous	E0	E0_artifact_dominated	False	False	outcome
F0203	without_ambiguity_set	suppression	suppression	composition	ambiguous	E0	E0_artifact_dominated	False	False	reversal
F0204	without_ambiguity_set	persistent_loss	persistent_loss	composition	ambiguous	E0	E0_artifact_dominated	False	False	rescue
F0205	without_ambiguity_set	suppression	suppression	composition	ambiguous	E0	E0_artifact_dominated	False	False	replication
F0206	without_ambiguity_set	suppression	suppression	composition	ambiguous	E0	E0_artifact_dominated	False	False	none
F0207	without_ambiguity_set	suppression	suppression	composition	ambiguous	E0	E0_artifact_dominated	False	False	outcome
F0208	without_ambiguity_set	suppression	suppression	composition	ambiguous	E0	E0_artifact_dominated	False	False	reversal
F0209	without_ambiguity_set	suppression	suppression	composition	ambiguous	E0	E0_artifact_dominated	False	False	rescue
F0210	without_ambiguity_set	suppression	suppression	composition	ambiguous	E0	E0_artifact_dominated	False	False	replication
F0211	without_ambiguity_set	redirection	redirection	composition	not_identifiable	E0	E0_not_estimable	False	False	none
F0212	without_ambiguity_set	persistent_loss	persistent_loss	composition	not_identifiable	E0	E0_not_estimable	False	False	outcome
F0213	without_ambiguity_set	redirection	redirection	composition	not_identifiable	E0	E0_not_estimable	False	False	reversal
F0214	without_ambiguity_set	suppression	suppression	composition	not_identifiable	E0	E0_not_estimable	False	False	rescue
F0215	without_ambiguity_set	suppression	suppression	composition	not_identifiable	E0	E0_not_estimable	False	False	replication
F0216	without_ambiguity_set	persistent_loss	persistent_loss	composition	not_identifiable	E0	E0_not_identifiable	False	False	none
F0217	without_ambiguity_set	persistent_loss	persistent_loss	composition	not_identifiable	E0	E0_not_identifiable	False	False	outcome
F0218	without_ambiguity_set	suppression	suppression	composition	not_identifiable	E0	E0_not_identifiable	False	False	reversal
F0219	without_ambiguity_set	delay	delay	composition	not_identifiable	E0	E0_not_identifiable	False	False	rescue
F0220	without_ambiguity_set	suppression	suppression	composition	not_identifiable	E0	E0_not_identifiable	False	False	replication
F0221	without_ambiguity_set	persistent_loss	persistent_loss	composition	not_identifiable	E0	E0_not_identifiable	False	False	none
F0222	without_ambiguity_set	suppression	suppression	composition	not_identifiable	E0	E0_not_identifiable	False	False	outcome
F0223	without_ambiguity_set	persistent_loss	persistent_loss	composition	not_identifiable	E0	E0_not_identifiable	False	False	reversal
F0224	without_ambiguity_set	suppression	suppression	composition	not_identifiable	E0	E0_not_identifiable	False	False	rescue
F0225	without_ambiguity_set	suppression	suppression	composition	not_identifiable	E0	E0_not_identifiable	False	False	replication
F0226	without_ambiguity_set	persistent_loss	persistent_loss	stress	ambiguous	E0	E0_not_estimable	False	False	none
F0227	without_ambiguity_set	persistent_loss	persistent_loss	stress	identifiable	E0	E0_not_estimable	False	False	outcome
F0228	without_ambiguity_set	persistent_loss	persistent_loss	stress	identifiable	E0	E0_not_estimable	False	False	reversal
F0229	without_ambiguity_set	persistent_loss	persistent_loss	stress	identifiable	E0	E0_not_estimable	False	False	rescue
F0230	without_ambiguity_set	persistent_loss	persistent_loss	stress	identifiable	E0	E0_not_estimable	False	False	replication
F0231	without_ambiguity_set	persistent_loss	persistent_loss	stress	identifiable	E0	E0_artifact_dominated	False	False	none
F0232	without_ambiguity_set	persistent_loss	persistent_loss	stress	ambiguous	E0	E0_artifact_dominated	False	False	outcome
F0233	without_ambiguity_set	persistent_loss	persistent_loss	stress	identifiable	E0	E0_artifact_dominated	False	False	reversal
F0234	without_ambiguity_set	persistent_loss	persistent_loss	stress	identifiable	E0	E0_artifact_dominated	False	False	rescue
F0235	without_ambiguity_set	persistent_loss	persistent_loss	stress	identifiable	E0	E0_artifact_dominated	False	False	replication
F0236	without_ambiguity_set	persistent_loss	persistent_loss	stress	identifiable	E0	E0_artifact_dominated	False	False	none
F0237	without_ambiguity_set	persistent_loss	persistent_loss	stress	identifiable	E0	E0_artifact_dominated	False	False	outcome
F0238	without_ambiguity_set	persistent_loss	persistent_loss	stress	identifiable	E0	E0_artifact_dominated	False	False	reversal
F0239	without_ambiguity_set	persistent_loss	persistent_loss	stress	identifiable	E0	E0_artifact_dominated	False	False	rescue
F0240	without_ambiguity_set	persistent_loss	persistent_loss	stress	identifiable	E0	E0_artifact_dominated	False	False	replication
F0241	without_ambiguity_set	persistent_loss	persistent_loss	stress	ambiguous	E0	E0_not_estimable	False	False	none
F0242	without_ambiguity_set	persistent_loss	persistent_loss	stress	ambiguous	E0	E0_not_estimable	False	False	outcome
F0243	without_ambiguity_set	persistent_loss	persistent_loss	stress	ambiguous	E0	E0_not_estimable	False	False	reversal
F0244	without_ambiguity_set	persistent_loss	persistent_loss	stress	ambiguous	E0	E0_not_estimable	False	False	rescue
F0245	without_ambiguity_set	persistent_loss	persistent_loss	stress	ambiguous	E0	E0_not_estimable	False	False	replication
F0246	without_ambiguity_set	persistent_loss	persistent_loss	stress	ambiguous	E0	E0_artifact_dominated	False	False	none
F0247	without_ambiguity_set	persistent_loss	persistent_loss	stress	ambiguous	E0	E0_artifact_dominated	False	False	outcome
F0248	without_ambiguity_set	persistent_loss	persistent_loss	stress	ambiguous	E0	E0_artifact_dominated	False	False	reversal
F0249	without_ambiguity_set	persistent_loss	persistent_loss	stress	ambiguous	E0	E0_artifact_dominated	False	False	rescue
F0250	without_ambiguity_set	persistent_loss	persistent_loss	stress	ambiguous	E0	E0_artifact_dominated	False	False	replication
F0251	without_ambiguity_set	persistent_loss	persistent_loss	stress	ambiguous	E0	E0_artifact_dominated	False	False	none
F0252	without_ambiguity_set	persistent_loss	persistent_loss	stress	ambiguous	E0	E0_artifact_dominated	False	False	outcome
F0253	without_ambiguity_set	persistent_loss	persistent_loss	stress	ambiguous	E0	E0_artifact_dominated	False	False	reversal
F0254	without_ambiguity_set	persistent_loss	persistent_loss	stress	ambiguous	E0	E0_artifact_dominated	False	False	rescue
F0255	without_ambiguity_set	persistent_loss	persistent_loss	stress	ambiguous	E0	E0_artifact_dominated	False	False	replication
F0256	without_ambiguity_set	suppression	suppression	none	not_identifiable	E0	E0_not_estimable	False	False	none
F0257	without_ambiguity_set	persistent_loss	persistent_loss	stress	not_identifiable	E0	E0_not_estimable	False	False	outcome
F0258	without_ambiguity_set	persistent_loss	persistent_loss	none	not_identifiable	E0	E0_not_estimable	False	False	reversal
F0259	without_ambiguity_set	redirection	redirection	stress	not_identifiable	E0	E0_not_estimable	False	False	rescue
F0260	without_ambiguity_set	persistent_loss	persistent_loss	none	not_identifiable	E0	E0_not_estimable	False	False	replication
F0261	without_ambiguity_set	suppression	suppression	stress	not_identifiable	E0	E0_not_identifiable	False	False	none
F0262	without_ambiguity_set	persistent_loss	persistent_loss	stress	not_identifiable	E0	E0_not_identifiable	False	False	outcome
F0263	without_ambiguity_set	persistent_loss	persistent_loss	none	not_identifiable	E0	E0_not_identifiable	False	False	reversal
F0264	without_ambiguity_set	persistent_loss	persistent_loss	none	not_identifiable	E0	E0_not_identifiable	False	False	rescue
F0265	without_ambiguity_set	persistent_loss	persistent_loss	none	not_identifiable	E0	E0_not_identifiable	False	False	replication
F0266	without_ambiguity_set	redirection	redirection	stress	not_identifiable	E0	E0_not_identifiable	False	False	none
F0267	without_ambiguity_set	persistent_loss	persistent_loss	stress	not_identifiable	E0	E0_not_identifiable	False	False	outcome
F0268	without_ambiguity_set	persistent_loss	persistent_loss	stress	not_identifiable	E0	E0_not_identifiable	False	False	reversal
F0269	without_ambiguity_set	persistent_loss	persistent_loss	stress	not_identifiable	E0	E0_not_identifiable	False	False	rescue
F0270	without_ambiguity_set	persistent_loss	persistent_loss	stress	not_identifiable	E0	E0_not_identifiable	False	False	replication
F0271	without_ambiguity_set	delay	delay	none	identifiable	E0	E0_not_estimable	False	False	none
F0272	without_ambiguity_set	delay	delay	none	identifiable	E0	E0_not_estimable	False	False	outcome
F0273	without_ambiguity_set	delay	delay	none	identifiable	E0	E0_not_estimable	False	False	reversal
F0274	without_ambiguity_set	delay	delay	none	identifiable	E0	E0_not_estimable	False	False	rescue
F0275	without_ambiguity_set	delay	delay	none	identifiable	E0	E0_not_estimable	False	False	replication
F0276	without_ambiguity_set	delay	delay	none	identifiable	E1		False	False	none
F0277	without_ambiguity_set	delay	delay	none	identifiable	E1		False	False	outcome
F0278	without_ambiguity_set	delay	delay	none	identifiable	E1		False	False	reversal
F0279	without_ambiguity_set	delay	delay	none	identifiable	E1		False	False	rescue
F0280	without_ambiguity_set	delay	delay	none	identifiable	E1		False	False	replication
F0281	without_ambiguity_set	delay	delay	none	identifiable	E2		False	False	none
F0282	without_ambiguity_set	delay	delay	none	identifiable	E2		False	False	outcome
F0283	without_ambiguity_set	delay	delay	none	identifiable	E2		False	False	reversal
F0284	without_ambiguity_set	delay	delay	none	identifiable	E2		False	False	rescue
F0285	without_ambiguity_set	delay	delay	none	identifiable	E2		False	False	replication
F0286	without_ambiguity_set	delay	delay	none	ambiguous	E0	E0_not_estimable	False	False	none
F0287	without_ambiguity_set	delay	delay	none	ambiguous	E0	E0_not_estimable	False	False	outcome
F0288	without_ambiguity_set	delay	delay	none	ambiguous	E0	E0_not_estimable	False	False	reversal
F0289	without_ambiguity_set	delay	delay	none	identifiable	E0	E0_not_estimable	False	False	rescue
F0290	without_ambiguity_set	delay	delay	none	ambiguous	E0	E0_not_estimable	False	False	replication
F0291	without_ambiguity_set	delay	delay	none	ambiguous	E1		False	False	none
F0292	without_ambiguity_set	delay	delay	none	ambiguous	E1		False	False	outcome
F0293	without_ambiguity_set	delay	delay	none	ambiguous	E1		False	False	reversal
F0294	without_ambiguity_set	delay	delay	none	ambiguous	E1		False	False	rescue
F0295	without_ambiguity_set	delay	delay	none	ambiguous	E1		False	False	replication
F0296	without_ambiguity_set	delay	delay	none	ambiguous	E1		False	False	none
F0297	without_ambiguity_set	delay	delay	none	ambiguous	E1		False	False	outcome
F0298	without_ambiguity_set	delay	delay	none	ambiguous	E1		False	False	reversal
F0299	without_ambiguity_set	delay	delay	none	ambiguous	E1		False	False	rescue
F0300	without_ambiguity_set	delay	delay	none	ambiguous	E1		False	False	replication
F0301	without_ambiguity_set	delay	delay	none	not_identifiable	E0	E0_not_estimable	False	False	none
F0302	without_ambiguity_set	delay	delay	none	not_identifiable	E0	E0_not_estimable	False	False	outcome
F0303	without_ambiguity_set	delay	delay	none	not_identifiable	E0	E0_not_estimable	False	False	reversal
F0304	without_ambiguity_set	delay	delay	none	not_identifiable	E0	E0_not_estimable	False	False	rescue
F0305	without_ambiguity_set	delay	delay	none	not_identifiable	E0	E0_not_estimable	False	False	replication
F0306	without_ambiguity_set	delay	delay	none	not_identifiable	E0	E0_not_identifiable	False	False	none
F0307	without_ambiguity_set	delay	delay	none	not_identifiable	E0	E0_not_identifiable	False	False	outcome
F0308	without_ambiguity_set	delay	delay	none	not_identifiable	E0	E0_not_identifiable	False	False	reversal
F0309	without_ambiguity_set	delay	delay	none	not_identifiable	E0	E0_not_identifiable	False	False	rescue
F0310	without_ambiguity_set	delay	delay	none	not_identifiable	E0	E0_not_identifiable	False	False	replication
F0311	without_ambiguity_set	delay	delay	none	not_identifiable	E0	E0_not_identifiable	False	False	none
F0312	without_ambiguity_set	delay	delay	none	not_identifiable	E0	E0_not_identifiable	False	False	outcome
F0313	without_ambiguity_set	delay	delay	none	not_identifiable	E0	E0_not_identifiable	False	False	reversal
F0314	without_ambiguity_set	delay	delay	none	not_identifiable	E0	E0_not_identifiable	False	False	rescue
F0315	without_ambiguity_set	delay	delay	none	not_identifiable	E0	E0_not_identifiable	False	False	replication
F0316	without_ambiguity_set	delay	delay	composition	identifiable	E0	E0_not_estimable	False	False	none
F0317	without_ambiguity_set	delay	delay	composition	identifiable	E0	E0_not_estimable	False	False	outcome
F0318	without_ambiguity_set	delay	delay	composition	identifiable	E0	E0_not_estimable	False	False	reversal
F0319	without_ambiguity_set	delay	delay	composition	identifiable	E0	E0_not_estimable	False	False	rescue
F0320	without_ambiguity_set	delay	delay	composition	identifiable	E0	E0_not_estimable	False	False	replication
F0321	without_ambiguity_set	delay	delay	composition	identifiable	E0	E0_artifact_dominated	False	False	none
F0322	without_ambiguity_set	delay	delay	composition	identifiable	E0	E0_artifact_dominated	False	False	outcome
F0323	without_ambiguity_set	delay	delay	composition	identifiable	E0	E0_artifact_dominated	False	False	reversal
F0324	without_ambiguity_set	delay	delay	composition	identifiable	E0	E0_artifact_dominated	False	False	rescue
F0325	without_ambiguity_set	delay	delay	composition	identifiable	E0	E0_artifact_dominated	False	False	replication
F0326	without_ambiguity_set	delay	delay	composition	identifiable	E0	E0_artifact_dominated	False	False	none
F0327	without_ambiguity_set	delay	delay	composition	identifiable	E0	E0_artifact_dominated	False	False	outcome
F0328	without_ambiguity_set	delay	delay	composition	identifiable	E0	E0_artifact_dominated	False	False	reversal
F0329	without_ambiguity_set	delay	delay	composition	identifiable	E0	E0_artifact_dominated	False	False	rescue
F0330	without_ambiguity_set	delay	delay	composition	identifiable	E0	E0_artifact_dominated	False	False	replication
F0331	without_ambiguity_set	delay	delay	composition	ambiguous	E0	E0_not_estimable	False	False	none
F0332	without_ambiguity_set	delay	delay	composition	ambiguous	E0	E0_not_estimable	False	False	outcome
F0333	without_ambiguity_set	delay	delay	composition	ambiguous	E0	E0_not_estimable	False	False	reversal
F0334	without_ambiguity_set	delay	delay	composition	ambiguous	E0	E0_not_estimable	False	False	rescue
F0335	without_ambiguity_set	delay	delay	composition	ambiguous	E0	E0_not_estimable	False	False	replication
F0336	without_ambiguity_set	delay	delay	composition	ambiguous	E0	E0_artifact_dominated	False	False	none
F0337	without_ambiguity_set	delay	delay	composition	ambiguous	E0	E0_artifact_dominated	False	False	outcome
F0338	without_ambiguity_set	delay	delay	composition	ambiguous	E0	E0_artifact_dominated	False	False	reversal
F0339	without_ambiguity_set	delay	delay	composition	ambiguous	E0	E0_artifact_dominated	False	False	rescue
F0340	without_ambiguity_set	delay	delay	composition	ambiguous	E0	E0_artifact_dominated	False	False	replication
F0341	without_ambiguity_set	delay	delay	composition	ambiguous	E0	E0_artifact_dominated	False	False	none
F0342	without_ambiguity_set	delay	delay	composition	ambiguous	E0	E0_artifact_dominated	False	False	outcome
F0343	without_ambiguity_set	delay	delay	composition	ambiguous	E0	E0_artifact_dominated	False	False	reversal
F0344	without_ambiguity_set	delay	delay	composition	ambiguous	E0	E0_artifact_dominated	False	False	rescue
F0345	without_ambiguity_set	delay	delay	composition	ambiguous	E0	E0_artifact_dominated	False	False	replication
F0346	without_ambiguity_set	delay	delay	composition	not_identifiable	E0	E0_not_estimable	False	False	none
F0347	without_ambiguity_set	delay	delay	composition	not_identifiable	E0	E0_not_estimable	False	False	outcome
F0348	without_ambiguity_set	delay	delay	composition	not_identifiable	E0	E0_not_estimable	False	False	reversal
F0349	without_ambiguity_set	delay	delay	composition	not_identifiable	E0	E0_not_estimable	False	False	rescue
F0350	without_ambiguity_set	activation	activation	composition	not_identifiable	E0	E0_not_estimable	False	False	replication
F0351	without_ambiguity_set	activation	activation	composition	not_identifiable	E0	E0_not_identifiable	False	False	none
F0352	without_ambiguity_set	activation	activation	composition	not_identifiable	E0	E0_not_identifiable	False	False	outcome
F0353	without_ambiguity_set	delay	delay	composition	not_identifiable	E0	E0_not_identifiable	False	False	reversal
F0354	without_ambiguity_set	delay	delay	composition	not_identifiable	E0	E0_not_identifiable	False	False	rescue
F0355	without_ambiguity_set	delay	delay	composition	not_identifiable	E0	E0_not_identifiable	False	False	replication
F0356	without_ambiguity_set	delay	delay	composition	not_identifiable	E0	E0_not_identifiable	False	False	none
F0357	without_ambiguity_set	activation	activation	composition	not_identifiable	E0	E0_not_identifiable	False	False	outcome
F0358	without_ambiguity_set	delay	delay	composition	not_identifiable	E0	E0_not_identifiable	False	False	reversal
F0359	without_ambiguity_set	activation	activation	composition	not_identifiable	E0	E0_not_identifiable	False	False	rescue
F0360	without_ambiguity_set	delay	delay	composition	not_identifiable	E0	E0_not_identifiable	False	False	replication
F0361	without_ambiguity_set	delay	delay	stress	identifiable	E0	E0_not_estimable	False	False	none
F0362	without_ambiguity_set	delay	delay	stress	identifiable	E0	E0_not_estimable	False	False	outcome
F0363	without_ambiguity_set	delay	delay	stress	identifiable	E0	E0_not_estimable	False	False	reversal
F0364	without_ambiguity_set	delay	delay	stress	identifiable	E0	E0_not_estimable	False	False	rescue
F0365	without_ambiguity_set	delay	delay	stress	identifiable	E0	E0_not_estimable	False	False	replication
F0366	without_ambiguity_set	delay	delay	stress	identifiable	E0	E0_artifact_dominated	False	False	none
F0367	without_ambiguity_set	delay	delay	stress	identifiable	E0	E0_artifact_dominated	False	False	outcome
F0368	without_ambiguity_set	delay	delay	stress	identifiable	E0	E0_artifact_dominated	False	False	reversal
F0369	without_ambiguity_set	delay	delay	stress	identifiable	E0	E0_artifact_dominated	False	False	rescue
F0370	without_ambiguity_set	delay	delay	stress	identifiable	E0	E0_artifact_dominated	False	False	replication
F0371	without_ambiguity_set	delay	delay	stress	identifiable	E0	E0_artifact_dominated	False	False	none
F0372	without_ambiguity_set	delay	delay	stress	identifiable	E0	E0_artifact_dominated	False	False	outcome
F0373	without_ambiguity_set	delay	delay	stress	identifiable	E0	E0_artifact_dominated	False	False	reversal
F0374	without_ambiguity_set	delay	delay	stress	identifiable	E0	E0_artifact_dominated	False	False	rescue
F0375	without_ambiguity_set	delay	delay	stress	identifiable	E0	E0_artifact_dominated	False	False	replication
F0376	without_ambiguity_set	delay	delay	stress	ambiguous	E0	E0_not_estimable	False	False	none
F0377	without_ambiguity_set	delay	delay	stress	ambiguous	E0	E0_not_estimable	False	False	outcome
F0378	without_ambiguity_set	delay	delay	stress	ambiguous	E0	E0_not_estimable	False	False	reversal
F0379	without_ambiguity_set	delay	delay	stress	ambiguous	E0	E0_not_estimable	False	False	rescue
F0380	without_ambiguity_set	delay	delay	stress	ambiguous	E0	E0_not_estimable	False	False	replication
F0381	without_ambiguity_set	delay	delay	stress	ambiguous	E0	E0_artifact_dominated	False	False	none
F0382	without_ambiguity_set	delay	delay	stress	ambiguous	E0	E0_artifact_dominated	False	False	outcome
F0383	without_ambiguity_set	delay	delay	stress	ambiguous	E0	E0_artifact_dominated	False	False	reversal
F0384	without_ambiguity_set	delay	delay	stress	ambiguous	E0	E0_artifact_dominated	False	False	rescue
F0385	without_ambiguity_set	delay	delay	stress	ambiguous	E0	E0_artifact_dominated	False	False	replication
F0386	without_ambiguity_set	delay	delay	stress	ambiguous	E0	E0_artifact_dominated	False	False	none
F0387	without_ambiguity_set	delay	delay	stress	ambiguous	E0	E0_artifact_dominated	False	False	outcome
F0388	without_ambiguity_set	delay	delay	stress	ambiguous	E0	E0_artifact_dominated	False	False	reversal
F0389	without_ambiguity_set	delay	delay	stress	ambiguous	E0	E0_artifact_dominated	False	False	rescue
F0390	without_ambiguity_set	delay	delay	stress	ambiguous	E0	E0_artifact_dominated	False	False	replication
F0391	without_ambiguity_set	activation	activation	stress	not_identifiable	E0	E0_not_estimable	False	False	none
F0392	without_ambiguity_set	delay	delay	none	not_identifiable	E0	E0_not_estimable	False	False	outcome
F0393	without_ambiguity_set	redirection	redirection	stress	not_identifiable	E0	E0_not_estimable	False	False	reversal
F0394	without_ambiguity_set	redirection	redirection	stress	not_identifiable	E0	E0_not_estimable	False	False	rescue
F0395	without_ambiguity_set	delay	delay	stress	not_identifiable	E0	E0_not_estimable	False	False	replication
F0396	without_ambiguity_set	redirection	redirection	stress	not_identifiable	E0	E0_not_identifiable	False	False	none
F0397	without_ambiguity_set	delay	delay	stress	not_identifiable	E0	E0_not_identifiable	False	False	outcome
F0398	without_ambiguity_set	delay	delay	stress	not_identifiable	E0	E0_not_identifiable	False	False	reversal
F0399	without_ambiguity_set	delay	delay	stress	not_identifiable	E0	E0_not_identifiable	False	False	rescue
F0400	without_ambiguity_set	delay	delay	stress	not_identifiable	E0	E0_not_identifiable	False	False	replication
F0401	without_ambiguity_set	delay	delay	stress	not_identifiable	E0	E0_not_identifiable	False	False	none
F0402	without_ambiguity_set	delay	delay	stress	not_identifiable	E0	E0_not_identifiable	False	False	outcome
F0403	without_ambiguity_set	persistent_loss	persistent_loss	stress	not_identifiable	E0	E0_not_identifiable	False	False	reversal
F0404	without_ambiguity_set	delay	delay	stress	not_identifiable	E0	E0_not_identifiable	False	False	rescue
F0405	without_ambiguity_set	delay	delay	stress	not_identifiable	E0	E0_not_identifiable	False	False	replication
F0406	without_ambiguity_set	persistent_loss	persistent_loss	none	ambiguous	E0	E0_not_estimable	False	False	none
F0407	without_ambiguity_set	persistent_loss	persistent_loss	none	identifiable	E0	E0_not_estimable	False	False	outcome
F0408	without_ambiguity_set	persistent_loss	persistent_loss	none	ambiguous	E0	E0_not_estimable	False	False	reversal
F0409	without_ambiguity_set	persistent_loss	persistent_loss	none	ambiguous	E0	E0_not_estimable	False	False	rescue
F0410	without_ambiguity_set	persistent_loss	persistent_loss	none	ambiguous	E0	E0_not_estimable	False	False	replication
F0411	without_ambiguity_set	persistent_loss	persistent_loss	none	ambiguous	E1		False	False	none
F0412	without_ambiguity_set	persistent_loss	persistent_loss	none	ambiguous	E1		False	False	outcome
F0413	without_ambiguity_set	persistent_loss	persistent_loss	none	ambiguous	E1		False	False	reversal
F0414	without_ambiguity_set	persistent_loss	persistent_loss	none	ambiguous	E1		False	False	rescue
F0415	without_ambiguity_set	persistent_loss	persistent_loss	none	ambiguous	E1		False	False	replication
F0416	without_ambiguity_set	persistent_loss	persistent_loss	none	ambiguous	E1		False	False	none
F0417	without_ambiguity_set	persistent_loss	persistent_loss	none	ambiguous	E1		False	False	outcome
F0418	without_ambiguity_set	persistent_loss	persistent_loss	none	ambiguous	E1		False	False	reversal
F0419	without_ambiguity_set	persistent_loss	persistent_loss	none	identifiable	E2		False	False	rescue
F0420	without_ambiguity_set	persistent_loss	persistent_loss	none	ambiguous	E1		False	False	replication
F0421	without_ambiguity_set	persistent_loss	persistent_loss	none	ambiguous	E0	E0_not_estimable	False	False	none
F0422	without_ambiguity_set	persistent_loss	persistent_loss	none	ambiguous	E0	E0_not_estimable	False	False	outcome
F0423	without_ambiguity_set	persistent_loss	persistent_loss	none	ambiguous	E0	E0_not_estimable	False	False	reversal
F0424	without_ambiguity_set	persistent_loss	persistent_loss	none	ambiguous	E0	E0_not_estimable	False	False	rescue
F0425	without_ambiguity_set	persistent_loss	persistent_loss	none	ambiguous	E0	E0_not_estimable	False	False	replication
F0426	without_ambiguity_set	persistent_loss	persistent_loss	none	ambiguous	E1		False	False	none
F0427	without_ambiguity_set	persistent_loss	persistent_loss	none	ambiguous	E1		False	False	outcome
F0428	without_ambiguity_set	persistent_loss	persistent_loss	none	ambiguous	E1		False	False	reversal
F0429	without_ambiguity_set	persistent_loss	persistent_loss	none	ambiguous	E1		False	False	rescue
F0430	without_ambiguity_set	persistent_loss	persistent_loss	none	ambiguous	E1		False	False	replication
F0431	without_ambiguity_set	persistent_loss	persistent_loss	none	ambiguous	E1		False	False	none
F0432	without_ambiguity_set	persistent_loss	persistent_loss	none	ambiguous	E1		False	False	outcome
F0433	without_ambiguity_set	persistent_loss	persistent_loss	none	ambiguous	E1		False	False	reversal
F0434	without_ambiguity_set	persistent_loss	persistent_loss	none	ambiguous	E1		False	False	rescue
F0435	without_ambiguity_set	persistent_loss	persistent_loss	none	ambiguous	E1		False	False	replication
F0436	without_ambiguity_set	persistent_loss	persistent_loss	none	not_identifiable	E0	E0_not_estimable	False	False	none
F0437	without_ambiguity_set	delay	delay	none	not_identifiable	E0	E0_not_estimable	False	False	outcome
F0438	without_ambiguity_set	persistent_loss	persistent_loss	none	not_identifiable	E0	E0_not_estimable	False	False	reversal
F0439	without_ambiguity_set	redirection	redirection	none	not_identifiable	E0	E0_not_estimable	False	False	rescue
F0440	without_ambiguity_set	persistent_loss	persistent_loss	none	not_identifiable	E0	E0_not_estimable	False	False	replication
F0441	without_ambiguity_set	persistent_loss	persistent_loss	none	not_identifiable	E0	E0_not_identifiable	False	False	none
F0442	without_ambiguity_set	persistent_loss	persistent_loss	none	not_identifiable	E0	E0_not_identifiable	False	False	outcome
F0443	without_ambiguity_set	persistent_loss	persistent_loss	none	not_identifiable	E0	E0_not_identifiable	False	False	reversal
F0444	without_ambiguity_set	suppression	suppression	none	not_identifiable	E0	E0_not_identifiable	False	False	rescue
F0445	without_ambiguity_set	persistent_loss	persistent_loss	none	not_identifiable	E0	E0_not_identifiable	False	False	replication
F0446	without_ambiguity_set	suppression	suppression	none	not_identifiable	E0	E0_not_identifiable	False	False	none
F0447	without_ambiguity_set	suppression	suppression	none	not_identifiable	E0	E0_not_identifiable	False	False	outcome
F0448	without_ambiguity_set	suppression	suppression	none	not_identifiable	E0	E0_not_identifiable	False	False	reversal
F0449	without_ambiguity_set	persistent_loss	persistent_loss	none	not_identifiable	E0	E0_not_identifiable	False	False	rescue
F0450	without_ambiguity_set	persistent_loss	persistent_loss	none	not_identifiable	E0	E0_not_identifiable	False	False	replication
F0451	without_ambiguity_set	persistent_loss	persistent_loss	composition	identifiable	E0	E0_not_estimable	False	False	none
F0452	without_ambiguity_set	persistent_loss	persistent_loss	composition	identifiable	E0	E0_not_estimable	False	False	outcome
F0453	without_ambiguity_set	persistent_loss	persistent_loss	composition	identifiable	E0	E0_not_estimable	False	False	reversal
F0454	without_ambiguity_set	persistent_loss	persistent_loss	composition	identifiable	E0	E0_not_estimable	False	False	rescue
F0455	without_ambiguity_set	persistent_loss	persistent_loss	composition	identifiable	E0	E0_not_estimable	False	False	replication
F0456	without_ambiguity_set	persistent_loss	persistent_loss	composition	identifiable	E0	E0_artifact_dominated	False	False	none
F0457	without_ambiguity_set	persistent_loss	persistent_loss	composition	identifiable	E0	E0_artifact_dominated	False	False	outcome
F0458	without_ambiguity_set	persistent_loss	persistent_loss	composition	identifiable	E0	E0_artifact_dominated	False	False	reversal
F0459	without_ambiguity_set	persistent_loss	persistent_loss	composition	identifiable	E0	E0_artifact_dominated	False	False	rescue
F0460	without_ambiguity_set	persistent_loss	persistent_loss	composition	identifiable	E0	E0_artifact_dominated	False	False	replication
F0461	without_ambiguity_set	persistent_loss	persistent_loss	composition	identifiable	E0	E0_artifact_dominated	False	False	none
F0462	without_ambiguity_set	persistent_loss	persistent_loss	composition	identifiable	E0	E0_artifact_dominated	False	False	outcome
F0463	without_ambiguity_set	persistent_loss	persistent_loss	composition	identifiable	E0	E0_artifact_dominated	False	False	reversal
F0464	without_ambiguity_set	persistent_loss	persistent_loss	composition	identifiable	E0	E0_artifact_dominated	False	False	rescue
F0465	without_ambiguity_set	persistent_loss	persistent_loss	composition	identifiable	E0	E0_artifact_dominated	False	False	replication
F0466	without_ambiguity_set	persistent_loss	persistent_loss	composition	ambiguous	E0	E0_not_estimable	False	False	none
F0467	without_ambiguity_set	persistent_loss	persistent_loss	composition	ambiguous	E0	E0_not_estimable	False	False	outcome
F0468	without_ambiguity_set	persistent_loss	persistent_loss	composition	ambiguous	E0	E0_not_estimable	False	False	reversal
F0469	without_ambiguity_set	persistent_loss	persistent_loss	composition	ambiguous	E0	E0_not_estimable	False	False	rescue
F0470	without_ambiguity_set	persistent_loss	persistent_loss	composition	ambiguous	E0	E0_not_estimable	False	False	replication
F0471	without_ambiguity_set	persistent_loss	persistent_loss	composition	ambiguous	E0	E0_artifact_dominated	False	False	none
F0472	without_ambiguity_set	persistent_loss	persistent_loss	composition	ambiguous	E0	E0_artifact_dominated	False	False	outcome
F0473	without_ambiguity_set	persistent_loss	persistent_loss	composition	ambiguous	E0	E0_artifact_dominated	False	False	reversal
F0474	without_ambiguity_set	persistent_loss	persistent_loss	composition	ambiguous	E0	E0_artifact_dominated	False	False	rescue
F0475	without_ambiguity_set	persistent_loss	persistent_loss	composition	ambiguous	E0	E0_artifact_dominated	False	False	replication
F0476	without_ambiguity_set	persistent_loss	persistent_loss	composition	ambiguous	E0	E0_artifact_dominated	False	False	none
F0477	without_ambiguity_set	persistent_loss	persistent_loss	composition	ambiguous	E0	E0_artifact_dominated	False	False	outcome
F0478	without_ambiguity_set	persistent_loss	persistent_loss	composition	ambiguous	E0	E0_artifact_dominated	False	False	reversal
F0479	without_ambiguity_set	persistent_loss	persistent_loss	composition	ambiguous	E0	E0_artifact_dominated	False	False	rescue
F0480	without_ambiguity_set	persistent_loss	persistent_loss	composition	ambiguous	E0	E0_artifact_dominated	False	False	replication
F0481	without_ambiguity_set	persistent_loss	persistent_loss	composition	not_identifiable	E0	E0_not_estimable	False	False	none
F0482	without_ambiguity_set	redirection	redirection	composition	not_identifiable	E0	E0_not_estimable	False	False	outcome
F0483	without_ambiguity_set	persistent_loss	persistent_loss	composition	not_identifiable	E0	E0_not_estimable	False	False	reversal
F0484	without_ambiguity_set	persistent_loss	persistent_loss	composition	not_identifiable	E0	E0_not_estimable	False	False	rescue
F0485	without_ambiguity_set	persistent_loss	persistent_loss	composition	not_identifiable	E0	E0_not_estimable	False	False	replication
F0486	without_ambiguity_set	redirection	redirection	composition	not_identifiable	E0	E0_not_identifiable	False	False	none
F0487	without_ambiguity_set	persistent_loss	persistent_loss	composition	not_identifiable	E0	E0_not_identifiable	False	False	outcome
F0488	without_ambiguity_set	persistent_loss	persistent_loss	composition	not_identifiable	E0	E0_not_identifiable	False	False	reversal
F0489	without_ambiguity_set	persistent_loss	persistent_loss	composition	not_identifiable	E0	E0_not_identifiable	False	False	rescue
F0490	without_ambiguity_set	persistent_loss	persistent_loss	composition	not_identifiable	E0	E0_not_identifiable	False	False	replication
F0491	without_ambiguity_set	persistent_loss	persistent_loss	composition	not_identifiable	E0	E0_not_identifiable	False	False	none
F0492	without_ambiguity_set	persistent_loss	persistent_loss	composition	not_identifiable	E0	E0_not_identifiable	False	False	outcome
F0493	without_ambiguity_set	persistent_loss	persistent_loss	composition	not_identifiable	E0	E0_not_identifiable	False	False	reversal
F0494	without_ambiguity_set	persistent_loss	persistent_loss	composition	not_identifiable	E0	E0_not_identifiable	False	False	rescue
F0495	without_ambiguity_set	persistent_loss	persistent_loss	composition	not_identifiable	E0	E0_not_identifiable	False	False	replication
F0496	without_ambiguity_set	persistent_loss	persistent_loss	stress	identifiable	E0	E0_not_estimable	False	False	none
F0497	without_ambiguity_set	persistent_loss	persistent_loss	stress	identifiable	E0	E0_not_estimable	False	False	outcome
F0498	without_ambiguity_set	persistent_loss	persistent_loss	stress	identifiable	E0	E0_not_estimable	False	False	reversal
F0499	without_ambiguity_set	persistent_loss	persistent_loss	stress	ambiguous	E0	E0_not_estimable	False	False	rescue
F0500	without_ambiguity_set	persistent_loss	persistent_loss	stress	identifiable	E0	E0_not_estimable	False	False	replication
F0501	without_ambiguity_set	persistent_loss	persistent_loss	stress	identifiable	E0	E0_artifact_dominated	False	False	none
F0502	without_ambiguity_set	persistent_loss	persistent_loss	stress	identifiable	E0	E0_artifact_dominated	False	False	outcome
F0503	without_ambiguity_set	persistent_loss	persistent_loss	stress	identifiable	E0	E0_artifact_dominated	False	False	reversal
F0504	without_ambiguity_set	persistent_loss	persistent_loss	stress	identifiable	E0	E0_artifact_dominated	False	False	rescue
F0505	without_ambiguity_set	persistent_loss	persistent_loss	stress	identifiable	E0	E0_artifact_dominated	False	False	replication
F0506	without_ambiguity_set	persistent_loss	persistent_loss	stress	identifiable	E0	E0_artifact_dominated	False	False	none
F0507	without_ambiguity_set	persistent_loss	persistent_loss	stress	identifiable	E0	E0_artifact_dominated	False	False	outcome
F0508	without_ambiguity_set	persistent_loss	persistent_loss	stress	identifiable	E0	E0_artifact_dominated	False	False	reversal
F0509	without_ambiguity_set	persistent_loss	persistent_loss	stress	identifiable	E0	E0_artifact_dominated	False	False	rescue
F0510	without_ambiguity_set	persistent_loss	persistent_loss	stress	identifiable	E0	E0_artifact_dominated	False	False	replication
F0511	without_ambiguity_set	redirection	redirection	stress	ambiguous	E0	E0_not_estimable	False	False	none
F0512	without_ambiguity_set	redirection	redirection	stress	ambiguous	E0	E0_not_estimable	False	False	outcome
F0513	without_ambiguity_set	redirection	redirection	stress	ambiguous	E0	E0_not_estimable	False	False	reversal
F0514	without_ambiguity_set	persistent_loss	persistent_loss	stress	ambiguous	E0	E0_not_estimable	False	False	rescue
F0515	without_ambiguity_set	redirection	redirection	stress	ambiguous	E0	E0_not_estimable	False	False	replication
F0516	without_ambiguity_set	persistent_loss	persistent_loss	stress	ambiguous	E0	E0_artifact_dominated	False	False	none
F0517	without_ambiguity_set	persistent_loss	persistent_loss	stress	ambiguous	E0	E0_artifact_dominated	False	False	outcome
F0518	without_ambiguity_set	persistent_loss	persistent_loss	stress	ambiguous	E0	E0_artifact_dominated	False	False	reversal
F0519	without_ambiguity_set	persistent_loss	persistent_loss	stress	ambiguous	E0	E0_artifact_dominated	False	False	rescue
F0520	without_ambiguity_set	persistent_loss	persistent_loss	stress	ambiguous	E0	E0_artifact_dominated	False	False	replication
F0521	without_ambiguity_set	persistent_loss	persistent_loss	stress	ambiguous	E0	E0_artifact_dominated	False	False	none
F0522	without_ambiguity_set	persistent_loss	persistent_loss	stress	ambiguous	E0	E0_artifact_dominated	False	False	outcome
F0523	without_ambiguity_set	persistent_loss	persistent_loss	stress	ambiguous	E0	E0_artifact_dominated	False	False	reversal
F0524	without_ambiguity_set	persistent_loss	persistent_loss	stress	ambiguous	E0	E0_artifact_dominated	False	False	rescue
F0525	without_ambiguity_set	persistent_loss	persistent_loss	stress	ambiguous	E0	E0_artifact_dominated	False	False	replication
F0526	without_ambiguity_set	persistent_loss	persistent_loss	none	not_identifiable	E0	E0_not_estimable	False	False	none
F0527	without_ambiguity_set	activation	activation	stress	not_identifiable	E0	E0_not_estimable	False	False	outcome
F0528	without_ambiguity_set	redirection	redirection	stress	not_identifiable	E0	E0_not_estimable	False	False	reversal
F0529	without_ambiguity_set	redirection	redirection	stress	not_identifiable	E0	E0_not_estimable	False	False	rescue
F0530	without_ambiguity_set	persistent_loss	persistent_loss	none	not_identifiable	E0	E0_not_estimable	False	False	replication
F0531	without_ambiguity_set	persistent_loss	persistent_loss	none	not_identifiable	E0	E0_not_identifiable	False	False	none
F0532	without_ambiguity_set	persistent_loss	persistent_loss	none	not_identifiable	E0	E0_not_identifiable	False	False	outcome
F0533	without_ambiguity_set	persistent_loss	persistent_loss	stress	not_identifiable	E0	E0_not_identifiable	False	False	reversal
F0534	without_ambiguity_set	persistent_loss	persistent_loss	none	not_identifiable	E0	E0_not_identifiable	False	False	rescue
F0535	without_ambiguity_set	persistent_loss	persistent_loss	none	not_identifiable	E0	E0_not_identifiable	False	False	replication
F0536	without_ambiguity_set	persistent_loss	persistent_loss	stress	not_identifiable	E0	E0_not_identifiable	False	False	none
F0537	without_ambiguity_set	persistent_loss	persistent_loss	stress	not_identifiable	E0	E0_not_identifiable	False	False	outcome
F0538	without_ambiguity_set	persistent_loss	persistent_loss	none	not_identifiable	E0	E0_not_identifiable	False	False	reversal
F0539	without_ambiguity_set	redirection	redirection	stress	not_identifiable	E0	E0_not_identifiable	False	False	rescue
F0540	without_ambiguity_set	persistent_loss	persistent_loss	none	not_identifiable	E0	E0_not_identifiable	False	False	replication
F0541	without_ambiguity_set	redirection	redirection	none	identifiable	E0	E0_not_estimable	False	False	none
F0542	without_ambiguity_set	redirection	redirection	none	identifiable	E0	E0_not_estimable	False	False	outcome
F0543	without_ambiguity_set	redirection	redirection	none	identifiable	E0	E0_not_estimable	False	False	reversal
F0544	without_ambiguity_set	redirection	redirection	none	identifiable	E0	E0_not_estimable	False	False	rescue
F0545	without_ambiguity_set	redirection	redirection	none	identifiable	E0	E0_not_estimable	False	False	replication
F0546	without_ambiguity_set	redirection	redirection	none	identifiable	E1		False	False	none
F0547	without_ambiguity_set	redirection	redirection	none	identifiable	E1		False	False	outcome
F0548	without_ambiguity_set	redirection	redirection	none	identifiable	E1		False	False	reversal
F0549	without_ambiguity_set	redirection	redirection	none	identifiable	E1		False	False	rescue
F0550	without_ambiguity_set	redirection	redirection	none	identifiable	E1		False	False	replication
F0551	without_ambiguity_set	redirection	redirection	none	identifiable	E2		False	False	none
F0552	without_ambiguity_set	redirection	redirection	none	identifiable	E2		False	False	outcome
F0553	without_ambiguity_set	redirection	redirection	none	identifiable	E2		False	False	reversal
F0554	without_ambiguity_set	redirection	redirection	none	identifiable	E2		False	False	rescue
F0555	without_ambiguity_set	redirection	redirection	none	identifiable	E2		False	False	replication
F0556	without_ambiguity_set	redirection	redirection	none	ambiguous	E0	E0_not_estimable	False	False	none
F0557	without_ambiguity_set	redirection	redirection	none	ambiguous	E0	E0_not_estimable	False	False	outcome
F0558	without_ambiguity_set	redirection	redirection	none	ambiguous	E0	E0_not_estimable	False	False	reversal
F0559	without_ambiguity_set	redirection	redirection	none	ambiguous	E0	E0_not_estimable	False	False	rescue
F0560	without_ambiguity_set	redirection	redirection	none	identifiable	E0	E0_not_estimable	False	False	replication
F0561	without_ambiguity_set	redirection	redirection	none	ambiguous	E1		False	False	none
F0562	without_ambiguity_set	redirection	redirection	none	ambiguous	E1		False	False	outcome
F0563	without_ambiguity_set	redirection	redirection	none	ambiguous	E1		False	False	reversal
F0564	without_ambiguity_set	redirection	redirection	none	ambiguous	E1		False	False	rescue
F0565	without_ambiguity_set	redirection	redirection	none	ambiguous	E1		False	False	replication
F0566	without_ambiguity_set	redirection	redirection	none	ambiguous	E1		False	False	none
F0567	without_ambiguity_set	redirection	redirection	none	ambiguous	E1		False	False	outcome
F0568	without_ambiguity_set	redirection	redirection	none	ambiguous	E1		False	False	reversal
F0569	without_ambiguity_set	redirection	redirection	none	ambiguous	E1		False	False	rescue
F0570	without_ambiguity_set	redirection	redirection	none	ambiguous	E1		False	False	replication
F0571	without_ambiguity_set	redirection	redirection	none	not_identifiable	E0	E0_not_estimable	False	False	none
F0572	without_ambiguity_set	redirection	redirection	none	not_identifiable	E0	E0_not_estimable	False	False	outcome
F0573	without_ambiguity_set	delay	delay	none	not_identifiable	E0	E0_not_estimable	False	False	reversal
F0574	without_ambiguity_set	redirection	redirection	none	not_identifiable	E0	E0_not_estimable	False	False	rescue
F0575	without_ambiguity_set	redirection	redirection	none	not_identifiable	E0	E0_not_estimable	False	False	replication
F0576	without_ambiguity_set	redirection	redirection	none	not_identifiable	E0	E0_not_identifiable	False	False	none
F0577	without_ambiguity_set	redirection	redirection	none	not_identifiable	E0	E0_not_identifiable	False	False	outcome
F0578	without_ambiguity_set	redirection	redirection	none	not_identifiable	E0	E0_not_identifiable	False	False	reversal
F0579	without_ambiguity_set	redirection	redirection	none	not_identifiable	E0	E0_not_identifiable	False	False	rescue
F0580	without_ambiguity_set	redirection	redirection	none	not_identifiable	E0	E0_not_identifiable	False	False	replication
F0581	without_ambiguity_set	redirection	redirection	none	not_identifiable	E0	E0_not_identifiable	False	False	none
F0582	without_ambiguity_set	redirection	redirection	none	not_identifiable	E0	E0_not_identifiable	False	False	outcome
F0583	without_ambiguity_set	redirection	redirection	none	not_identifiable	E0	E0_not_identifiable	False	False	reversal
F0584	without_ambiguity_set	redirection	redirection	none	not_identifiable	E0	E0_not_identifiable	False	False	rescue
F0585	without_ambiguity_set	redirection	redirection	none	not_identifiable	E0	E0_not_identifiable	False	False	replication
F0586	without_ambiguity_set	redirection	redirection	composition	identifiable	E0	E0_not_estimable	False	False	none
F0587	without_ambiguity_set	redirection	redirection	composition	identifiable	E0	E0_not_estimable	False	False	outcome
F0588	without_ambiguity_set	redirection	redirection	composition	identifiable	E0	E0_not_estimable	False	False	reversal
F0589	without_ambiguity_set	redirection	redirection	composition	identifiable	E0	E0_not_estimable	False	False	rescue
F0590	without_ambiguity_set	redirection	redirection	composition	identifiable	E0	E0_not_estimable	False	False	replication
F0591	without_ambiguity_set	redirection	redirection	composition	identifiable	E0	E0_artifact_dominated	False	False	none
F0592	without_ambiguity_set	redirection	redirection	composition	identifiable	E0	E0_artifact_dominated	False	False	outcome
F0593	without_ambiguity_set	redirection	redirection	composition	identifiable	E0	E0_artifact_dominated	False	False	reversal
F0594	without_ambiguity_set	redirection	redirection	composition	identifiable	E0	E0_artifact_dominated	False	False	rescue
F0595	without_ambiguity_set	redirection	redirection	composition	identifiable	E0	E0_artifact_dominated	False	False	replication
F0596	without_ambiguity_set	redirection	redirection	composition	identifiable	E0	E0_artifact_dominated	False	False	none
F0597	without_ambiguity_set	redirection	redirection	composition	identifiable	E0	E0_artifact_dominated	False	False	outcome
F0598	without_ambiguity_set	redirection	redirection	composition	identifiable	E0	E0_artifact_dominated	False	False	reversal
F0599	without_ambiguity_set	redirection	redirection	composition	identifiable	E0	E0_artifact_dominated	False	False	rescue
F0600	without_ambiguity_set	redirection	redirection	composition	identifiable	E0	E0_artifact_dominated	False	False	replication
F0601	without_ambiguity_set	redirection	redirection	composition	ambiguous	E0	E0_not_estimable	False	False	none
F0602	without_ambiguity_set	redirection	redirection	composition	ambiguous	E0	E0_not_estimable	False	False	outcome
F0603	without_ambiguity_set	redirection	redirection	composition	ambiguous	E0	E0_not_estimable	False	False	reversal
F0604	without_ambiguity_set	redirection	redirection	composition	ambiguous	E0	E0_not_estimable	False	False	rescue
F0605	without_ambiguity_set	redirection	redirection	composition	ambiguous	E0	E0_not_estimable	False	False	replication
F0606	without_ambiguity_set	redirection	redirection	composition	ambiguous	E0	E0_artifact_dominated	False	False	none
F0607	without_ambiguity_set	redirection	redirection	composition	ambiguous	E0	E0_artifact_dominated	False	False	outcome
F0608	without_ambiguity_set	redirection	redirection	composition	ambiguous	E0	E0_artifact_dominated	False	False	reversal
F0609	without_ambiguity_set	redirection	redirection	composition	ambiguous	E0	E0_artifact_dominated	False	False	rescue
F0610	without_ambiguity_set	redirection	redirection	composition	ambiguous	E0	E0_artifact_dominated	False	False	replication
F0611	without_ambiguity_set	redirection	redirection	composition	ambiguous	E0	E0_artifact_dominated	False	False	none
F0612	without_ambiguity_set	redirection	redirection	composition	ambiguous	E0	E0_artifact_dominated	False	False	outcome
F0613	without_ambiguity_set	redirection	redirection	composition	ambiguous	E0	E0_artifact_dominated	False	False	reversal
F0614	without_ambiguity_set	redirection	redirection	composition	ambiguous	E0	E0_artifact_dominated	False	False	rescue
F0615	without_ambiguity_set	redirection	redirection	composition	ambiguous	E0	E0_artifact_dominated	False	False	replication
F0616	without_ambiguity_set	redirection	redirection	composition	not_identifiable	E0	E0_not_estimable	False	False	none
F0617	without_ambiguity_set	redirection	redirection	composition	not_identifiable	E0	E0_not_estimable	False	False	outcome
F0618	without_ambiguity_set	redirection	redirection	composition	not_identifiable	E0	E0_not_estimable	False	False	reversal
F0619	without_ambiguity_set	redirection	redirection	composition	not_identifiable	E0	E0_not_estimable	False	False	rescue
F0620	without_ambiguity_set	redirection	redirection	composition	not_identifiable	E0	E0_not_estimable	False	False	replication
F0621	without_ambiguity_set	redirection	redirection	composition	not_identifiable	E0	E0_not_identifiable	False	False	none
F0622	without_ambiguity_set	redirection	redirection	composition	not_identifiable	E0	E0_not_identifiable	False	False	outcome
F0623	without_ambiguity_set	redirection	redirection	composition	not_identifiable	E0	E0_not_identifiable	False	False	reversal
F0624	without_ambiguity_set	redirection	redirection	composition	not_identifiable	E0	E0_not_identifiable	False	False	rescue
F0625	without_ambiguity_set	redirection	redirection	composition	not_identifiable	E0	E0_not_identifiable	False	False	replication
F0626	without_ambiguity_set	redirection	redirection	composition	not_identifiable	E0	E0_not_identifiable	False	False	none
F0627	without_ambiguity_set	redirection	redirection	composition	not_identifiable	E0	E0_not_identifiable	False	False	outcome
F0628	without_ambiguity_set	redirection	redirection	composition	not_identifiable	E0	E0_not_identifiable	False	False	reversal
F0629	without_ambiguity_set	redirection	redirection	composition	not_identifiable	E0	E0_not_identifiable	False	False	rescue
F0630	without_ambiguity_set	redirection	redirection	composition	not_identifiable	E0	E0_not_identifiable	False	False	replication
F0631	without_ambiguity_set	redirection	redirection	stress	identifiable	E0	E0_not_estimable	False	False	none
F0632	without_ambiguity_set	redirection	redirection	stress	identifiable	E0	E0_not_estimable	False	False	outcome
F0633	without_ambiguity_set	redirection	redirection	stress	identifiable	E0	E0_not_estimable	False	False	reversal
F0634	without_ambiguity_set	redirection	redirection	stress	identifiable	E0	E0_not_estimable	False	False	rescue
F0635	without_ambiguity_set	redirection	redirection	stress	identifiable	E0	E0_not_estimable	False	False	replication
F0636	without_ambiguity_set	redirection	redirection	stress	identifiable	E0	E0_artifact_dominated	False	False	none
F0637	without_ambiguity_set	redirection	redirection	stress	identifiable	E0	E0_artifact_dominated	False	False	outcome
F0638	without_ambiguity_set	redirection	redirection	none	identifiable	E1		False	False	reversal
F0639	without_ambiguity_set	redirection	redirection	stress	identifiable	E0	E0_artifact_dominated	False	False	rescue
F0640	without_ambiguity_set	redirection	redirection	stress	identifiable	E0	E0_artifact_dominated	False	False	replication
F0641	without_ambiguity_set	redirection	redirection	stress	identifiable	E0	E0_artifact_dominated	False	False	none
F0642	without_ambiguity_set	redirection	redirection	stress	identifiable	E0	E0_artifact_dominated	False	False	outcome
F0643	without_ambiguity_set	redirection	redirection	stress	identifiable	E0	E0_artifact_dominated	False	False	reversal
F0644	without_ambiguity_set	redirection	redirection	stress	identifiable	E0	E0_artifact_dominated	False	False	rescue
F0645	without_ambiguity_set	redirection	redirection	stress	identifiable	E0	E0_artifact_dominated	False	False	replication
F0646	without_ambiguity_set	redirection	redirection	none	ambiguous	E0	E0_not_estimable	False	False	none
F0647	without_ambiguity_set	redirection	redirection	none	ambiguous	E0	E0_not_estimable	False	False	outcome
F0648	without_ambiguity_set	redirection	redirection	none	ambiguous	E0	E0_not_estimable	False	False	reversal
F0649	without_ambiguity_set	redirection	redirection	none	ambiguous	E0	E0_not_estimable	False	False	rescue
F0650	without_ambiguity_set	redirection	redirection	none	ambiguous	E0	E0_not_estimable	False	False	replication
F0651	without_ambiguity_set	redirection	redirection	none	ambiguous	E1		False	False	none
F0652	without_ambiguity_set	redirection	redirection	stress	ambiguous	E0	E0_artifact_dominated	False	False	outcome
F0653	without_ambiguity_set	redirection	redirection	none	ambiguous	E1		False	False	reversal
F0654	without_ambiguity_set	redirection	redirection	stress	ambiguous	E0	E0_artifact_dominated	False	False	rescue
F0655	without_ambiguity_set	redirection	redirection	stress	ambiguous	E0	E0_artifact_dominated	False	False	replication
F0656	without_ambiguity_set	redirection	redirection	stress	ambiguous	E0	E0_artifact_dominated	False	False	none
F0657	without_ambiguity_set	redirection	redirection	none	ambiguous	E1		False	False	outcome
F0658	without_ambiguity_set	redirection	redirection	stress	ambiguous	E0	E0_artifact_dominated	False	False	reversal
F0659	without_ambiguity_set	redirection	redirection	none	ambiguous	E1		False	False	rescue
F0660	without_ambiguity_set	redirection	redirection	stress	ambiguous	E0	E0_artifact_dominated	False	False	replication
F0661	without_ambiguity_set	redirection	redirection	none	not_identifiable	E0	E0_not_estimable	False	False	none
F0662	without_ambiguity_set	redirection	redirection	none	not_identifiable	E0	E0_not_estimable	False	False	outcome
F0663	without_ambiguity_set	redirection	redirection	none	not_identifiable	E0	E0_not_estimable	False	False	reversal
F0664	without_ambiguity_set	redirection	redirection	none	not_identifiable	E0	E0_not_estimable	False	False	rescue
F0665	without_ambiguity_set	redirection	redirection	none	not_identifiable	E0	E0_not_estimable	False	False	replication
F0666	without_ambiguity_set	redirection	redirection	none	not_identifiable	E0	E0_not_identifiable	False	False	none
F0667	without_ambiguity_set	redirection	redirection	none	not_identifiable	E0	E0_not_identifiable	False	False	outcome
F0668	without_ambiguity_set	redirection	redirection	stress	not_identifiable	E0	E0_not_identifiable	False	False	reversal
F0669	without_ambiguity_set	redirection	redirection	none	not_identifiable	E0	E0_not_identifiable	False	False	rescue
F0670	without_ambiguity_set	redirection	redirection	stress	not_identifiable	E0	E0_not_identifiable	False	False	replication
F0671	without_ambiguity_set	redirection	redirection	none	not_identifiable	E0	E0_not_identifiable	False	False	none
F0672	without_ambiguity_set	redirection	redirection	none	not_identifiable	E0	E0_not_identifiable	False	False	outcome
F0673	without_ambiguity_set	redirection	redirection	stress	not_identifiable	E0	E0_not_identifiable	False	False	reversal
F0674	without_ambiguity_set	redirection	redirection	none	not_identifiable	E0	E0_not_identifiable	False	False	rescue
F0675	without_ambiguity_set	redirection	redirection	none	not_identifiable	E0	E0_not_identifiable	False	False	replication
F0001	ev_collapsed_ladder	activation	activation	none	identifiable	E0	E0_not_estimable	False	False	none
F0002	ev_collapsed_ladder	activation	activation	none	identifiable	E1		False	True	outcome
F0003	ev_collapsed_ladder	activation	activation	none	identifiable	E2		False	True	reversal
F0004	ev_collapsed_ladder	activation	activation	none	identifiable	E2		False	True	rescue
F0005	ev_collapsed_ladder	activation	activation	none	identifiable	E2		False	True	replication
F0006	ev_collapsed_ladder	activation	activation	none	identifiable	E1		False	False	none
F0007	ev_collapsed_ladder	activation	activation	none	identifiable	E1		False	False	outcome
F0008	ev_collapsed_ladder	activation	activation	none	identifiable	E2		False	True	reversal
F0009	ev_collapsed_ladder	activation	activation	none	identifiable	E2		False	True	rescue
F0010	ev_collapsed_ladder	activation	activation	none	identifiable	E2		False	True	replication
F0011	ev_collapsed_ladder	activation	activation	none	identifiable	E2		False	False	none
F0012	ev_collapsed_ladder	activation	activation	none	identifiable	E2		False	False	outcome
F0013	ev_collapsed_ladder	activation	activation	none	identifiable	E2		False	False	reversal
F0014	ev_collapsed_ladder	activation	activation	none	identifiable	E2		False	False	rescue
F0015	ev_collapsed_ladder	activation	activation	none	identifiable	E2		False	False	replication
F0016	ev_collapsed_ladder	ambiguous	activation	none	ambiguous	E0	E0_not_estimable	True	False	none
F0017	ev_collapsed_ladder	ambiguous	activation	none	ambiguous	E1		True	True	outcome
F0018	ev_collapsed_ladder	ambiguous	activation	none	ambiguous	E2		True	True	reversal
F0019	ev_collapsed_ladder	ambiguous	activation	none	ambiguous	E2		True	True	rescue
F0020	ev_collapsed_ladder	ambiguous	activation	none	ambiguous	E2		True	True	replication
F0021	ev_collapsed_ladder	ambiguous	activation	none	ambiguous	E1		True	False	none
F0022	ev_collapsed_ladder	ambiguous	activation	none	ambiguous	E1		True	False	outcome
F0023	ev_collapsed_ladder	ambiguous	activation	none	ambiguous	E2		True	True	reversal
F0024	ev_collapsed_ladder	ambiguous	activation	none	ambiguous	E2		True	True	rescue
F0025	ev_collapsed_ladder	ambiguous	activation	none	ambiguous	E2		True	True	replication
F0026	ev_collapsed_ladder	ambiguous	activation	none	ambiguous	E1		True	False	none
F0027	ev_collapsed_ladder	ambiguous	activation	none	ambiguous	E1		True	False	outcome
F0028	ev_collapsed_ladder	ambiguous	activation	none	ambiguous	E2		True	True	reversal
F0029	ev_collapsed_ladder	ambiguous	activation	none	ambiguous	E2		True	True	rescue
F0030	ev_collapsed_ladder	ambiguous	activation	none	ambiguous	E2		True	True	replication
F0031	ev_collapsed_ladder	ambiguous	activation	none	not_identifiable	E0	E0_not_estimable	True	False	none
F0032	ev_collapsed_ladder	ambiguous	activation	none	not_identifiable	E1		True	True	outcome
F0033	ev_collapsed_ladder	ambiguous	activation	none	not_identifiable	E2		True	True	reversal
F0034	ev_collapsed_ladder	ambiguous	activation	none	not_identifiable	E2		True	True	rescue
F0035	ev_collapsed_ladder	ambiguous	activation	none	not_identifiable	E2		True	True	replication
F0036	ev_collapsed_ladder	ambiguous	activation	none	not_identifiable	E0	E0_not_identifiable	True	False	none
F0037	ev_collapsed_ladder	ambiguous	activation	none	not_identifiable	E1		True	True	outcome
F0038	ev_collapsed_ladder	ambiguous	activation	none	not_identifiable	E2		True	True	reversal
F0039	ev_collapsed_ladder	ambiguous	activation	none	not_identifiable	E2		True	True	rescue
F0040	ev_collapsed_ladder	ambiguous	activation	none	not_identifiable	E2		True	True	replication
F0041	ev_collapsed_ladder	ambiguous	activation	none	not_identifiable	E0	E0_not_identifiable	True	False	none
F0042	ev_collapsed_ladder	ambiguous	activation	none	not_identifiable	E1		True	True	outcome
F0043	ev_collapsed_ladder	ambiguous	activation	none	not_identifiable	E2		True	True	reversal
F0044	ev_collapsed_ladder	ambiguous	activation	none	not_identifiable	E2		True	True	rescue
F0045	ev_collapsed_ladder	ambiguous	activation	none	not_identifiable	E2		True	True	replication
F0046	ev_collapsed_ladder	ambiguous	activation	composition	identifiable	E0	E0_not_estimable	True	False	none
F0047	ev_collapsed_ladder	ambiguous	activation	composition	identifiable	E1		True	True	outcome
F0048	ev_collapsed_ladder	ambiguous	activation	composition	identifiable	E2		True	True	reversal
F0049	ev_collapsed_ladder	ambiguous	activation	composition	identifiable	E2		True	True	rescue
F0050	ev_collapsed_ladder	ambiguous	activation	composition	identifiable	E2		True	True	replication
F0051	ev_collapsed_ladder	ambiguous	activation	composition	identifiable	E0	E0_artifact_dominated	True	False	none
F0052	ev_collapsed_ladder	ambiguous	activation	composition	identifiable	E1		True	True	outcome
F0053	ev_collapsed_ladder	ambiguous	activation	composition	identifiable	E2		True	True	reversal
F0054	ev_collapsed_ladder	ambiguous	activation	composition	identifiable	E2		True	True	rescue
F0055	ev_collapsed_ladder	ambiguous	activation	composition	identifiable	E2		True	True	replication
F0056	ev_collapsed_ladder	ambiguous	activation	composition	identifiable	E0	E0_artifact_dominated	True	False	none
F0057	ev_collapsed_ladder	ambiguous	activation	composition	identifiable	E1		True	True	outcome
F0058	ev_collapsed_ladder	ambiguous	activation	composition	identifiable	E2		True	True	reversal
F0059	ev_collapsed_ladder	ambiguous	activation	composition	identifiable	E2		True	True	rescue
F0060	ev_collapsed_ladder	ambiguous	activation	composition	identifiable	E2		True	True	replication
F0061	ev_collapsed_ladder	ambiguous	activation	composition	ambiguous	E0	E0_not_estimable	True	False	none
F0062	ev_collapsed_ladder	ambiguous	activation	composition	ambiguous	E1		True	True	outcome
F0063	ev_collapsed_ladder	ambiguous	activation	composition	ambiguous	E2		True	True	reversal
F0064	ev_collapsed_ladder	ambiguous	activation	composition	ambiguous	E2		True	True	rescue
F0065	ev_collapsed_ladder	ambiguous	activation	composition	ambiguous	E2		True	True	replication
F0066	ev_collapsed_ladder	ambiguous	activation	composition	ambiguous	E0	E0_artifact_dominated	True	False	none
F0067	ev_collapsed_ladder	ambiguous	activation	composition	ambiguous	E1		True	True	outcome
F0068	ev_collapsed_ladder	ambiguous	activation	composition	ambiguous	E2		True	True	reversal
F0069	ev_collapsed_ladder	ambiguous	activation	composition	ambiguous	E2		True	True	rescue
F0070	ev_collapsed_ladder	ambiguous	activation	composition	ambiguous	E2		True	True	replication
F0071	ev_collapsed_ladder	ambiguous	activation	composition	ambiguous	E0	E0_artifact_dominated	True	False	none
F0072	ev_collapsed_ladder	ambiguous	activation	composition	ambiguous	E1		True	True	outcome
F0073	ev_collapsed_ladder	ambiguous	activation	composition	ambiguous	E2		True	True	reversal
F0074	ev_collapsed_ladder	ambiguous	activation	composition	ambiguous	E2		True	True	rescue
F0075	ev_collapsed_ladder	ambiguous	activation	composition	ambiguous	E2		True	True	replication
F0076	ev_collapsed_ladder	ambiguous	activation	composition	not_identifiable	E0	E0_not_estimable	True	False	none
F0077	ev_collapsed_ladder	ambiguous	activation	composition	not_identifiable	E1		True	True	outcome
F0078	ev_collapsed_ladder	ambiguous	activation	composition	not_identifiable	E2		True	True	reversal
F0079	ev_collapsed_ladder	ambiguous	activation	composition	not_identifiable	E2		True	True	rescue
F0080	ev_collapsed_ladder	ambiguous	activation	composition	not_identifiable	E2		True	True	replication
F0081	ev_collapsed_ladder	ambiguous	activation	composition	not_identifiable	E0	E0_not_identifiable	True	False	none
F0082	ev_collapsed_ladder	ambiguous	activation	composition	not_identifiable	E1		True	True	outcome
F0083	ev_collapsed_ladder	ambiguous	activation	composition	not_identifiable	E2		True	True	reversal
F0084	ev_collapsed_ladder	ambiguous	activation	composition	not_identifiable	E2		True	True	rescue
F0085	ev_collapsed_ladder	ambiguous	activation	composition	not_identifiable	E2		True	True	replication
F0086	ev_collapsed_ladder	ambiguous	activation	composition	not_identifiable	E0	E0_not_identifiable	True	False	none
F0087	ev_collapsed_ladder	ambiguous	activation	composition	not_identifiable	E1		True	True	outcome
F0088	ev_collapsed_ladder	ambiguous	activation	composition	not_identifiable	E2		True	True	reversal
F0089	ev_collapsed_ladder	ambiguous	activation	composition	not_identifiable	E2		True	True	rescue
F0090	ev_collapsed_ladder	ambiguous	activation	composition	not_identifiable	E2		True	True	replication
F0091	ev_collapsed_ladder	ambiguous	activation	stress	identifiable	E0	E0_not_estimable	True	False	none
F0092	ev_collapsed_ladder	ambiguous	activation	stress	identifiable	E1		True	True	outcome
F0093	ev_collapsed_ladder	ambiguous	activation	stress	identifiable	E2		True	True	reversal
F0094	ev_collapsed_ladder	ambiguous	activation	stress	identifiable	E2		True	True	rescue
F0095	ev_collapsed_ladder	ambiguous	activation	stress	identifiable	E2		True	True	replication
F0096	ev_collapsed_ladder	ambiguous	activation	stress	identifiable	E0	E0_artifact_dominated	True	False	none
F0097	ev_collapsed_ladder	ambiguous	activation	stress	identifiable	E1		True	True	outcome
F0098	ev_collapsed_ladder	ambiguous	activation	stress	identifiable	E2		True	True	reversal
F0099	ev_collapsed_ladder	ambiguous	activation	stress	identifiable	E2		True	True	rescue
F0100	ev_collapsed_ladder	ambiguous	activation	stress	identifiable	E2		True	True	replication
F0101	ev_collapsed_ladder	ambiguous	activation	stress	identifiable	E0	E0_artifact_dominated	True	False	none
F0102	ev_collapsed_ladder	ambiguous	activation	stress	identifiable	E1		True	True	outcome
F0103	ev_collapsed_ladder	ambiguous	activation	stress	identifiable	E2		True	True	reversal
F0104	ev_collapsed_ladder	ambiguous	activation	stress	identifiable	E2		True	True	rescue
F0105	ev_collapsed_ladder	ambiguous	activation	stress	identifiable	E2		True	True	replication
F0106	ev_collapsed_ladder	ambiguous	activation	stress	ambiguous	E0	E0_not_estimable	True	False	none
F0107	ev_collapsed_ladder	ambiguous	activation	stress	ambiguous	E1		True	True	outcome
F0108	ev_collapsed_ladder	ambiguous	activation	stress	ambiguous	E2		True	True	reversal
F0109	ev_collapsed_ladder	ambiguous	activation	stress	ambiguous	E2		True	True	rescue
F0110	ev_collapsed_ladder	ambiguous	activation	stress	ambiguous	E2		True	True	replication
F0111	ev_collapsed_ladder	ambiguous	activation	stress	ambiguous	E0	E0_artifact_dominated	True	False	none
F0112	ev_collapsed_ladder	ambiguous	activation	stress	ambiguous	E1		True	True	outcome
F0113	ev_collapsed_ladder	ambiguous	activation	stress	ambiguous	E2		True	True	reversal
F0114	ev_collapsed_ladder	ambiguous	activation	stress	ambiguous	E2		True	True	rescue
F0115	ev_collapsed_ladder	ambiguous	activation	stress	ambiguous	E2		True	True	replication
F0116	ev_collapsed_ladder	ambiguous	activation	stress	ambiguous	E0	E0_artifact_dominated	True	False	none
F0117	ev_collapsed_ladder	ambiguous	activation	stress	ambiguous	E1		True	True	outcome
F0118	ev_collapsed_ladder	ambiguous	activation	stress	ambiguous	E2		True	True	reversal
F0119	ev_collapsed_ladder	ambiguous	activation	stress	ambiguous	E2		True	True	rescue
F0120	ev_collapsed_ladder	ambiguous	activation	stress	ambiguous	E2		True	True	replication
F0121	ev_collapsed_ladder	ambiguous	activation	none	not_identifiable	E0	E0_not_estimable	True	False	none
F0122	ev_collapsed_ladder	ambiguous	activation	stress	not_identifiable	E1		True	True	outcome
F0123	ev_collapsed_ladder	ambiguous	activation	none	not_identifiable	E2		True	True	reversal
F0124	ev_collapsed_ladder	ambiguous	activation	none	not_identifiable	E2		True	True	rescue
F0125	ev_collapsed_ladder	ambiguous	activation	none	not_identifiable	E2		True	True	replication
F0126	ev_collapsed_ladder	ambiguous	activation	stress	not_identifiable	E0	E0_not_identifiable	True	False	none
F0127	ev_collapsed_ladder	ambiguous	activation	none	not_identifiable	E1		True	True	outcome
F0128	ev_collapsed_ladder	ambiguous	activation	stress	not_identifiable	E2		True	True	reversal
F0129	ev_collapsed_ladder	ambiguous	activation	none	not_identifiable	E2		True	True	rescue
F0130	ev_collapsed_ladder	ambiguous	activation	stress	not_identifiable	E2		True	True	replication
F0131	ev_collapsed_ladder	ambiguous	activation	stress	not_identifiable	E0	E0_not_identifiable	True	False	none
F0132	ev_collapsed_ladder	ambiguous	activation	stress	not_identifiable	E1		True	True	outcome
F0133	ev_collapsed_ladder	ambiguous	activation	none	not_identifiable	E2		True	True	reversal
F0134	ev_collapsed_ladder	ambiguous	activation	stress	not_identifiable	E2		True	True	rescue
F0135	ev_collapsed_ladder	ambiguous	activation	stress	not_identifiable	E2		True	True	replication
F0136	ev_collapsed_ladder	ambiguous	suppression	none	ambiguous	E0	E0_not_estimable	True	False	none
F0137	ev_collapsed_ladder	ambiguous	suppression	none	ambiguous	E1		True	True	outcome
F0138	ev_collapsed_ladder	ambiguous	suppression	none	ambiguous	E2		True	True	reversal
F0139	ev_collapsed_ladder	ambiguous	suppression	none	ambiguous	E2		True	True	rescue
F0140	ev_collapsed_ladder	ambiguous	suppression	none	ambiguous	E2		True	True	replication
F0141	ev_collapsed_ladder	ambiguous	suppression	none	ambiguous	E1		True	False	none
F0142	ev_collapsed_ladder	ambiguous	suppression	none	ambiguous	E1		True	False	outcome
F0143	ev_collapsed_ladder	ambiguous	suppression	none	ambiguous	E2		True	True	reversal
F0144	ev_collapsed_ladder	ambiguous	suppression	none	ambiguous	E2		True	True	rescue
F0145	ev_collapsed_ladder	ambiguous	suppression	none	ambiguous	E2		True	True	replication
F0146	ev_collapsed_ladder	ambiguous	suppression	none	ambiguous	E1		True	False	none
F0147	ev_collapsed_ladder	ambiguous	suppression	none	ambiguous	E1		True	False	outcome
F0148	ev_collapsed_ladder	ambiguous	suppression	none	ambiguous	E2		True	True	reversal
F0149	ev_collapsed_ladder	ambiguous	suppression	none	ambiguous	E2		True	True	rescue
F0150	ev_collapsed_ladder	suppression	suppression	none	identifiable	E2		False	False	replication
F0151	ev_collapsed_ladder	ambiguous	suppression	none	ambiguous	E0	E0_not_estimable	True	False	none
F0152	ev_collapsed_ladder	ambiguous	suppression	none	ambiguous	E1		True	True	outcome
F0153	ev_collapsed_ladder	ambiguous	suppression	none	ambiguous	E2		True	True	reversal
F0154	ev_collapsed_ladder	ambiguous	suppression	none	ambiguous	E2		True	True	rescue
F0155	ev_collapsed_ladder	ambiguous	suppression	none	ambiguous	E2		True	True	replication
F0156	ev_collapsed_ladder	ambiguous	suppression	none	ambiguous	E1		True	False	none
F0157	ev_collapsed_ladder	ambiguous	suppression	none	ambiguous	E1		True	False	outcome
F0158	ev_collapsed_ladder	ambiguous	suppression	none	ambiguous	E2		True	True	reversal
F0159	ev_collapsed_ladder	ambiguous	suppression	none	ambiguous	E2		True	True	rescue
F0160	ev_collapsed_ladder	ambiguous	suppression	none	ambiguous	E2		True	True	replication
F0161	ev_collapsed_ladder	ambiguous	suppression	none	ambiguous	E1		True	False	none
F0162	ev_collapsed_ladder	ambiguous	suppression	none	ambiguous	E1		True	False	outcome
F0163	ev_collapsed_ladder	ambiguous	suppression	none	ambiguous	E2		True	True	reversal
F0164	ev_collapsed_ladder	ambiguous	suppression	none	ambiguous	E2		True	True	rescue
F0165	ev_collapsed_ladder	ambiguous	suppression	none	ambiguous	E2		True	True	replication
F0166	ev_collapsed_ladder	ambiguous	suppression	none	not_identifiable	E0	E0_not_estimable	True	False	none
F0167	ev_collapsed_ladder	ambiguous	suppression	none	not_identifiable	E1		True	True	outcome
F0168	ev_collapsed_ladder	ambiguous	suppression	none	not_identifiable	E2		True	True	reversal
F0169	ev_collapsed_ladder	ambiguous	suppression	none	not_identifiable	E2		True	True	rescue
F0170	ev_collapsed_ladder	ambiguous	suppression	none	not_identifiable	E2		True	True	replication
F0171	ev_collapsed_ladder	ambiguous	suppression	none	not_identifiable	E0	E0_not_identifiable	True	False	none
F0172	ev_collapsed_ladder	ambiguous	suppression	none	not_identifiable	E1		True	True	outcome
F0173	ev_collapsed_ladder	ambiguous	suppression	none	not_identifiable	E2		True	True	reversal
F0174	ev_collapsed_ladder	ambiguous	suppression	none	not_identifiable	E2		True	True	rescue
F0175	ev_collapsed_ladder	ambiguous	suppression	none	not_identifiable	E2		True	True	replication
F0176	ev_collapsed_ladder	ambiguous	suppression	none	not_identifiable	E0	E0_not_identifiable	True	False	none
F0177	ev_collapsed_ladder	ambiguous	suppression	none	not_identifiable	E1		True	True	outcome
F0178	ev_collapsed_ladder	ambiguous	suppression	none	not_identifiable	E2		True	True	reversal
F0179	ev_collapsed_ladder	ambiguous	suppression	none	not_identifiable	E2		True	True	rescue
F0180	ev_collapsed_ladder	ambiguous	suppression	none	not_identifiable	E2		True	True	replication
F0181	ev_collapsed_ladder	ambiguous	suppression	composition	ambiguous	E0	E0_not_estimable	True	False	none
F0182	ev_collapsed_ladder	ambiguous	suppression	composition	ambiguous	E1		True	True	outcome
F0183	ev_collapsed_ladder	ambiguous	suppression	composition	ambiguous	E2		True	True	reversal
F0184	ev_collapsed_ladder	ambiguous	suppression	composition	ambiguous	E2		True	True	rescue
F0185	ev_collapsed_ladder	ambiguous	suppression	composition	ambiguous	E2		True	True	replication
F0186	ev_collapsed_ladder	ambiguous	suppression	composition	ambiguous	E0	E0_artifact_dominated	True	False	none
F0187	ev_collapsed_ladder	ambiguous	persistent_loss	composition	ambiguous	E1		True	True	outcome
F0188	ev_collapsed_ladder	ambiguous	suppression	composition	ambiguous	E2		True	True	reversal
F0189	ev_collapsed_ladder	ambiguous	suppression	composition	ambiguous	E2		True	True	rescue
F0190	ev_collapsed_ladder	ambiguous	suppression	composition	ambiguous	E2		True	True	replication
F0191	ev_collapsed_ladder	ambiguous	suppression	composition	ambiguous	E0	E0_artifact_dominated	True	False	none
F0192	ev_collapsed_ladder	ambiguous	suppression	composition	ambiguous	E1		True	True	outcome
F0193	ev_collapsed_ladder	ambiguous	suppression	composition	ambiguous	E2		True	True	reversal
F0194	ev_collapsed_ladder	ambiguous	persistent_loss	composition	ambiguous	E2		True	True	rescue
F0195	ev_collapsed_ladder	ambiguous	suppression	composition	ambiguous	E2		True	True	replication
F0196	ev_collapsed_ladder	ambiguous	persistent_loss	composition	ambiguous	E0	E0_not_estimable	True	False	none
F0197	ev_collapsed_ladder	ambiguous	persistent_loss	composition	ambiguous	E1		True	True	outcome
F0198	ev_collapsed_ladder	ambiguous	persistent_loss	composition	ambiguous	E2		True	True	reversal
F0199	ev_collapsed_ladder	ambiguous	persistent_loss	composition	ambiguous	E2		True	True	rescue
F0200	ev_collapsed_ladder	ambiguous	suppression	composition	ambiguous	E2		True	True	replication
F0201	ev_collapsed_ladder	ambiguous	persistent_loss	composition	ambiguous	E0	E0_artifact_dominated	True	False	none
F0202	ev_collapsed_ladder	ambiguous	suppression	composition	ambiguous	E1		True	True	outcome
F0203	ev_collapsed_ladder	ambiguous	suppression	composition	ambiguous	E2		True	True	reversal
F0204	ev_collapsed_ladder	ambiguous	persistent_loss	composition	ambiguous	E2		True	True	rescue
F0205	ev_collapsed_ladder	ambiguous	suppression	composition	ambiguous	E2		True	True	replication
F0206	ev_collapsed_ladder	ambiguous	suppression	composition	ambiguous	E0	E0_artifact_dominated	True	False	none
F0207	ev_collapsed_ladder	ambiguous	suppression	composition	ambiguous	E1		True	True	outcome
F0208	ev_collapsed_ladder	ambiguous	suppression	composition	ambiguous	E2		True	True	reversal
F0209	ev_collapsed_ladder	ambiguous	suppression	composition	ambiguous	E2		True	True	rescue
F0210	ev_collapsed_ladder	ambiguous	suppression	composition	ambiguous	E2		True	True	replication
F0211	ev_collapsed_ladder	ambiguous	redirection	composition	not_identifiable	E0	E0_not_estimable	True	False	none
F0212	ev_collapsed_ladder	ambiguous	persistent_loss	composition	not_identifiable	E1		True	True	outcome
F0213	ev_collapsed_ladder	ambiguous	redirection	composition	not_identifiable	E2		True	True	reversal
F0214	ev_collapsed_ladder	ambiguous	suppression	composition	not_identifiable	E2		True	True	rescue
F0215	ev_collapsed_ladder	ambiguous	suppression	composition	not_identifiable	E2		True	True	replication
F0216	ev_collapsed_ladder	ambiguous	persistent_loss	composition	not_identifiable	E0	E0_not_identifiable	True	False	none
F0217	ev_collapsed_ladder	ambiguous	persistent_loss	composition	not_identifiable	E1		True	True	outcome
F0218	ev_collapsed_ladder	ambiguous	suppression	composition	not_identifiable	E2		True	True	reversal
F0219	ev_collapsed_ladder	ambiguous	delay	composition	not_identifiable	E2		True	True	rescue
F0220	ev_collapsed_ladder	ambiguous	suppression	composition	not_identifiable	E2		True	True	replication
F0221	ev_collapsed_ladder	ambiguous	persistent_loss	composition	not_identifiable	E0	E0_not_identifiable	True	False	none
F0222	ev_collapsed_ladder	ambiguous	suppression	composition	not_identifiable	E1		True	True	outcome
F0223	ev_collapsed_ladder	ambiguous	persistent_loss	composition	not_identifiable	E2		True	True	reversal
F0224	ev_collapsed_ladder	ambiguous	suppression	composition	not_identifiable	E2		True	True	rescue
F0225	ev_collapsed_ladder	ambiguous	suppression	composition	not_identifiable	E2		True	True	replication
F0226	ev_collapsed_ladder	ambiguous	persistent_loss	stress	ambiguous	E0	E0_not_estimable	True	False	none
F0227	ev_collapsed_ladder	ambiguous	persistent_loss	stress	identifiable	E1		True	True	outcome
F0228	ev_collapsed_ladder	ambiguous	persistent_loss	stress	identifiable	E2		True	True	reversal
F0229	ev_collapsed_ladder	ambiguous	persistent_loss	stress	identifiable	E2		True	True	rescue
F0230	ev_collapsed_ladder	ambiguous	persistent_loss	stress	identifiable	E2		True	True	replication
F0231	ev_collapsed_ladder	ambiguous	persistent_loss	stress	identifiable	E0	E0_artifact_dominated	True	False	none
F0232	ev_collapsed_ladder	ambiguous	persistent_loss	stress	ambiguous	E1		True	True	outcome
F0233	ev_collapsed_ladder	ambiguous	persistent_loss	stress	identifiable	E2		True	True	reversal
F0234	ev_collapsed_ladder	ambiguous	persistent_loss	stress	identifiable	E2		True	True	rescue
F0235	ev_collapsed_ladder	ambiguous	persistent_loss	stress	identifiable	E2		True	True	replication
F0236	ev_collapsed_ladder	ambiguous	persistent_loss	stress	identifiable	E0	E0_artifact_dominated	True	False	none
F0237	ev_collapsed_ladder	ambiguous	persistent_loss	stress	identifiable	E1		True	True	outcome
F0238	ev_collapsed_ladder	ambiguous	persistent_loss	stress	identifiable	E2		True	True	reversal
F0239	ev_collapsed_ladder	ambiguous	persistent_loss	stress	identifiable	E2		True	True	rescue
F0240	ev_collapsed_ladder	ambiguous	persistent_loss	stress	identifiable	E2		True	True	replication
F0241	ev_collapsed_ladder	ambiguous	persistent_loss	stress	ambiguous	E0	E0_not_estimable	True	False	none
F0242	ev_collapsed_ladder	ambiguous	persistent_loss	stress	ambiguous	E1		True	True	outcome
F0243	ev_collapsed_ladder	ambiguous	persistent_loss	stress	ambiguous	E2		True	True	reversal
F0244	ev_collapsed_ladder	ambiguous	persistent_loss	stress	ambiguous	E2		True	True	rescue
F0245	ev_collapsed_ladder	ambiguous	persistent_loss	stress	ambiguous	E2		True	True	replication
F0246	ev_collapsed_ladder	ambiguous	persistent_loss	stress	ambiguous	E0	E0_artifact_dominated	True	False	none
F0247	ev_collapsed_ladder	ambiguous	persistent_loss	stress	ambiguous	E1		True	True	outcome
F0248	ev_collapsed_ladder	ambiguous	persistent_loss	stress	ambiguous	E2		True	True	reversal
F0249	ev_collapsed_ladder	ambiguous	persistent_loss	stress	ambiguous	E2		True	True	rescue
F0250	ev_collapsed_ladder	ambiguous	persistent_loss	stress	ambiguous	E2		True	True	replication
F0251	ev_collapsed_ladder	ambiguous	persistent_loss	stress	ambiguous	E0	E0_artifact_dominated	True	False	none
F0252	ev_collapsed_ladder	ambiguous	persistent_loss	stress	ambiguous	E1		True	True	outcome
F0253	ev_collapsed_ladder	ambiguous	persistent_loss	stress	ambiguous	E2		True	True	reversal
F0254	ev_collapsed_ladder	ambiguous	persistent_loss	stress	ambiguous	E2		True	True	rescue
F0255	ev_collapsed_ladder	ambiguous	persistent_loss	stress	ambiguous	E2		True	True	replication
F0256	ev_collapsed_ladder	ambiguous	suppression	none	not_identifiable	E0	E0_not_estimable	True	False	none
F0257	ev_collapsed_ladder	ambiguous	persistent_loss	stress	not_identifiable	E1		True	True	outcome
F0258	ev_collapsed_ladder	ambiguous	persistent_loss	none	not_identifiable	E2		True	True	reversal
F0259	ev_collapsed_ladder	ambiguous	redirection	stress	not_identifiable	E2		True	True	rescue
F0260	ev_collapsed_ladder	ambiguous	persistent_loss	none	not_identifiable	E2		True	True	replication
F0261	ev_collapsed_ladder	ambiguous	suppression	stress	not_identifiable	E0	E0_not_identifiable	True	False	none
F0262	ev_collapsed_ladder	ambiguous	persistent_loss	stress	not_identifiable	E1		True	True	outcome
F0263	ev_collapsed_ladder	ambiguous	persistent_loss	none	not_identifiable	E2		True	True	reversal
F0264	ev_collapsed_ladder	ambiguous	persistent_loss	none	not_identifiable	E2		True	True	rescue
F0265	ev_collapsed_ladder	ambiguous	persistent_loss	none	not_identifiable	E2		True	True	replication
F0266	ev_collapsed_ladder	ambiguous	redirection	stress	not_identifiable	E0	E0_not_identifiable	True	False	none
F0267	ev_collapsed_ladder	ambiguous	persistent_loss	stress	not_identifiable	E1		True	True	outcome
F0268	ev_collapsed_ladder	ambiguous	persistent_loss	stress	not_identifiable	E2		True	True	reversal
F0269	ev_collapsed_ladder	ambiguous	persistent_loss	stress	not_identifiable	E2		True	True	rescue
F0270	ev_collapsed_ladder	ambiguous	persistent_loss	stress	not_identifiable	E2		True	True	replication
F0271	ev_collapsed_ladder	delay	delay	none	identifiable	E0	E0_not_estimable	False	False	none
F0272	ev_collapsed_ladder	delay	delay	none	identifiable	E1		False	True	outcome
F0273	ev_collapsed_ladder	delay	delay	none	identifiable	E2		False	True	reversal
F0274	ev_collapsed_ladder	delay	delay	none	identifiable	E2		False	True	rescue
F0275	ev_collapsed_ladder	delay	delay	none	identifiable	E2		False	True	replication
F0276	ev_collapsed_ladder	delay	delay	none	identifiable	E1		False	False	none
F0277	ev_collapsed_ladder	delay	delay	none	identifiable	E1		False	False	outcome
F0278	ev_collapsed_ladder	delay	delay	none	identifiable	E2		False	True	reversal
F0279	ev_collapsed_ladder	delay	delay	none	identifiable	E2		False	True	rescue
F0280	ev_collapsed_ladder	delay	delay	none	identifiable	E2		False	True	replication
F0281	ev_collapsed_ladder	delay	delay	none	identifiable	E2		False	False	none
F0282	ev_collapsed_ladder	delay	delay	none	identifiable	E2		False	False	outcome
F0283	ev_collapsed_ladder	delay	delay	none	identifiable	E2		False	False	reversal
F0284	ev_collapsed_ladder	delay	delay	none	identifiable	E2		False	False	rescue
F0285	ev_collapsed_ladder	delay	delay	none	identifiable	E2		False	False	replication
F0286	ev_collapsed_ladder	ambiguous	delay	none	ambiguous	E0	E0_not_estimable	True	False	none
F0287	ev_collapsed_ladder	ambiguous	delay	none	ambiguous	E1		True	True	outcome
F0288	ev_collapsed_ladder	ambiguous	delay	none	ambiguous	E2		True	True	reversal
F0289	ev_collapsed_ladder	delay	delay	none	identifiable	E2		False	True	rescue
F0290	ev_collapsed_ladder	ambiguous	delay	none	ambiguous	E2		True	True	replication
F0291	ev_collapsed_ladder	ambiguous	delay	none	ambiguous	E1		True	False	none
F0292	ev_collapsed_ladder	ambiguous	delay	none	ambiguous	E1		True	False	outcome
F0293	ev_collapsed_ladder	ambiguous	delay	none	ambiguous	E2		True	True	reversal
F0294	ev_collapsed_ladder	ambiguous	delay	none	ambiguous	E2		True	True	rescue
F0295	ev_collapsed_ladder	ambiguous	delay	none	ambiguous	E2		True	True	replication
F0296	ev_collapsed_ladder	ambiguous	delay	none	ambiguous	E1		True	False	none
F0297	ev_collapsed_ladder	ambiguous	delay	none	ambiguous	E1		True	False	outcome
F0298	ev_collapsed_ladder	ambiguous	delay	none	ambiguous	E2		True	True	reversal
F0299	ev_collapsed_ladder	ambiguous	delay	none	ambiguous	E2		True	True	rescue
F0300	ev_collapsed_ladder	ambiguous	delay	none	ambiguous	E2		True	True	replication
F0301	ev_collapsed_ladder	ambiguous	delay	none	not_identifiable	E0	E0_not_estimable	True	False	none
F0302	ev_collapsed_ladder	ambiguous	delay	none	not_identifiable	E1		True	True	outcome
F0303	ev_collapsed_ladder	ambiguous	delay	none	not_identifiable	E2		True	True	reversal
F0304	ev_collapsed_ladder	ambiguous	delay	none	not_identifiable	E2		True	True	rescue
F0305	ev_collapsed_ladder	ambiguous	delay	none	not_identifiable	E2		True	True	replication
F0306	ev_collapsed_ladder	ambiguous	delay	none	not_identifiable	E0	E0_not_identifiable	True	False	none
F0307	ev_collapsed_ladder	ambiguous	delay	none	not_identifiable	E1		True	True	outcome
F0308	ev_collapsed_ladder	ambiguous	delay	none	not_identifiable	E2		True	True	reversal
F0309	ev_collapsed_ladder	ambiguous	delay	none	not_identifiable	E2		True	True	rescue
F0310	ev_collapsed_ladder	ambiguous	delay	none	not_identifiable	E2		True	True	replication
F0311	ev_collapsed_ladder	ambiguous	delay	none	not_identifiable	E0	E0_not_identifiable	True	False	none
F0312	ev_collapsed_ladder	ambiguous	delay	none	not_identifiable	E1		True	True	outcome
F0313	ev_collapsed_ladder	ambiguous	delay	none	not_identifiable	E2		True	True	reversal
F0314	ev_collapsed_ladder	ambiguous	delay	none	not_identifiable	E2		True	True	rescue
F0315	ev_collapsed_ladder	ambiguous	delay	none	not_identifiable	E2		True	True	replication
F0316	ev_collapsed_ladder	ambiguous	delay	composition	identifiable	E0	E0_not_estimable	True	False	none
F0317	ev_collapsed_ladder	ambiguous	delay	composition	identifiable	E1		True	True	outcome
F0318	ev_collapsed_ladder	ambiguous	delay	composition	identifiable	E2		True	True	reversal
F0319	ev_collapsed_ladder	ambiguous	delay	composition	identifiable	E2		True	True	rescue
F0320	ev_collapsed_ladder	ambiguous	delay	composition	identifiable	E2		True	True	replication
F0321	ev_collapsed_ladder	ambiguous	delay	composition	identifiable	E0	E0_artifact_dominated	True	False	none
F0322	ev_collapsed_ladder	ambiguous	delay	composition	identifiable	E1		True	True	outcome
F0323	ev_collapsed_ladder	ambiguous	delay	composition	identifiable	E2		True	True	reversal
F0324	ev_collapsed_ladder	ambiguous	delay	composition	identifiable	E2		True	True	rescue
F0325	ev_collapsed_ladder	ambiguous	delay	composition	identifiable	E2		True	True	replication
F0326	ev_collapsed_ladder	ambiguous	delay	composition	identifiable	E0	E0_artifact_dominated	True	False	none
F0327	ev_collapsed_ladder	ambiguous	delay	composition	identifiable	E1		True	True	outcome
F0328	ev_collapsed_ladder	ambiguous	delay	composition	identifiable	E2		True	True	reversal
F0329	ev_collapsed_ladder	ambiguous	delay	composition	identifiable	E2		True	True	rescue
F0330	ev_collapsed_ladder	ambiguous	delay	composition	identifiable	E2		True	True	replication
F0331	ev_collapsed_ladder	ambiguous	delay	composition	ambiguous	E0	E0_not_estimable	True	False	none
F0332	ev_collapsed_ladder	ambiguous	delay	composition	ambiguous	E1		True	True	outcome
F0333	ev_collapsed_ladder	ambiguous	delay	composition	ambiguous	E2		True	True	reversal
F0334	ev_collapsed_ladder	ambiguous	delay	composition	ambiguous	E2		True	True	rescue
F0335	ev_collapsed_ladder	ambiguous	delay	composition	ambiguous	E2		True	True	replication
F0336	ev_collapsed_ladder	ambiguous	delay	composition	ambiguous	E0	E0_artifact_dominated	True	False	none
F0337	ev_collapsed_ladder	ambiguous	delay	composition	ambiguous	E1		True	True	outcome
F0338	ev_collapsed_ladder	ambiguous	delay	composition	ambiguous	E2		True	True	reversal
F0339	ev_collapsed_ladder	ambiguous	delay	composition	ambiguous	E2		True	True	rescue
F0340	ev_collapsed_ladder	ambiguous	delay	composition	ambiguous	E2		True	True	replication
F0341	ev_collapsed_ladder	ambiguous	delay	composition	ambiguous	E0	E0_artifact_dominated	True	False	none
F0342	ev_collapsed_ladder	ambiguous	delay	composition	ambiguous	E1		True	True	outcome
F0343	ev_collapsed_ladder	ambiguous	delay	composition	ambiguous	E2		True	True	reversal
F0344	ev_collapsed_ladder	ambiguous	delay	composition	ambiguous	E2		True	True	rescue
F0345	ev_collapsed_ladder	ambiguous	delay	composition	ambiguous	E2		True	True	replication
F0346	ev_collapsed_ladder	ambiguous	delay	composition	not_identifiable	E0	E0_not_estimable	True	False	none
F0347	ev_collapsed_ladder	ambiguous	delay	composition	not_identifiable	E1		True	True	outcome
F0348	ev_collapsed_ladder	ambiguous	delay	composition	not_identifiable	E2		True	True	reversal
F0349	ev_collapsed_ladder	ambiguous	delay	composition	not_identifiable	E2		True	True	rescue
F0350	ev_collapsed_ladder	ambiguous	activation	composition	not_identifiable	E2		True	True	replication
F0351	ev_collapsed_ladder	ambiguous	activation	composition	not_identifiable	E0	E0_not_identifiable	True	False	none
F0352	ev_collapsed_ladder	ambiguous	activation	composition	not_identifiable	E1		True	True	outcome
F0353	ev_collapsed_ladder	ambiguous	delay	composition	not_identifiable	E2		True	True	reversal
F0354	ev_collapsed_ladder	ambiguous	delay	composition	not_identifiable	E2		True	True	rescue
F0355	ev_collapsed_ladder	ambiguous	delay	composition	not_identifiable	E2		True	True	replication
F0356	ev_collapsed_ladder	ambiguous	delay	composition	not_identifiable	E0	E0_not_identifiable	True	False	none
F0357	ev_collapsed_ladder	ambiguous	activation	composition	not_identifiable	E1		True	True	outcome
F0358	ev_collapsed_ladder	ambiguous	delay	composition	not_identifiable	E2		True	True	reversal
F0359	ev_collapsed_ladder	ambiguous	activation	composition	not_identifiable	E2		True	True	rescue
F0360	ev_collapsed_ladder	ambiguous	delay	composition	not_identifiable	E2		True	True	replication
F0361	ev_collapsed_ladder	ambiguous	delay	stress	identifiable	E0	E0_not_estimable	True	False	none
F0362	ev_collapsed_ladder	ambiguous	delay	stress	identifiable	E1		True	True	outcome
F0363	ev_collapsed_ladder	ambiguous	delay	stress	identifiable	E2		True	True	reversal
F0364	ev_collapsed_ladder	ambiguous	delay	stress	identifiable	E2		True	True	rescue
F0365	ev_collapsed_ladder	ambiguous	delay	stress	identifiable	E2		True	True	replication
F0366	ev_collapsed_ladder	ambiguous	delay	stress	identifiable	E0	E0_artifact_dominated	True	False	none
F0367	ev_collapsed_ladder	ambiguous	delay	stress	identifiable	E1		True	True	outcome
F0368	ev_collapsed_ladder	ambiguous	delay	stress	identifiable	E2		True	True	reversal
F0369	ev_collapsed_ladder	ambiguous	delay	stress	identifiable	E2		True	True	rescue
F0370	ev_collapsed_ladder	ambiguous	delay	stress	identifiable	E2		True	True	replication
F0371	ev_collapsed_ladder	ambiguous	delay	stress	identifiable	E0	E0_artifact_dominated	True	False	none
F0372	ev_collapsed_ladder	ambiguous	delay	stress	identifiable	E1		True	True	outcome
F0373	ev_collapsed_ladder	ambiguous	delay	stress	identifiable	E2		True	True	reversal
F0374	ev_collapsed_ladder	ambiguous	delay	stress	identifiable	E2		True	True	rescue
F0375	ev_collapsed_ladder	ambiguous	delay	stress	identifiable	E2		True	True	replication
F0376	ev_collapsed_ladder	ambiguous	delay	stress	ambiguous	E0	E0_not_estimable	True	False	none
F0377	ev_collapsed_ladder	ambiguous	delay	stress	ambiguous	E1		True	True	outcome
F0378	ev_collapsed_ladder	ambiguous	delay	stress	ambiguous	E2		True	True	reversal
F0379	ev_collapsed_ladder	ambiguous	delay	stress	ambiguous	E2		True	True	rescue
F0380	ev_collapsed_ladder	ambiguous	delay	stress	ambiguous	E2		True	True	replication
F0381	ev_collapsed_ladder	ambiguous	delay	stress	ambiguous	E0	E0_artifact_dominated	True	False	none
F0382	ev_collapsed_ladder	ambiguous	delay	stress	ambiguous	E1		True	True	outcome
F0383	ev_collapsed_ladder	ambiguous	delay	stress	ambiguous	E2		True	True	reversal
F0384	ev_collapsed_ladder	ambiguous	delay	stress	ambiguous	E2		True	True	rescue
F0385	ev_collapsed_ladder	ambiguous	delay	stress	ambiguous	E2		True	True	replication
F0386	ev_collapsed_ladder	ambiguous	delay	stress	ambiguous	E0	E0_artifact_dominated	True	False	none
F0387	ev_collapsed_ladder	ambiguous	delay	stress	ambiguous	E1		True	True	outcome
F0388	ev_collapsed_ladder	ambiguous	delay	stress	ambiguous	E2		True	True	reversal
F0389	ev_collapsed_ladder	ambiguous	delay	stress	ambiguous	E2		True	True	rescue
F0390	ev_collapsed_ladder	ambiguous	delay	stress	ambiguous	E2		True	True	replication
F0391	ev_collapsed_ladder	ambiguous	activation	stress	not_identifiable	E0	E0_not_estimable	True	False	none
F0392	ev_collapsed_ladder	ambiguous	delay	none	not_identifiable	E1		True	True	outcome
F0393	ev_collapsed_ladder	ambiguous	redirection	stress	not_identifiable	E2		True	True	reversal
F0394	ev_collapsed_ladder	ambiguous	redirection	stress	not_identifiable	E2		True	True	rescue
F0395	ev_collapsed_ladder	ambiguous	delay	stress	not_identifiable	E2		True	True	replication
F0396	ev_collapsed_ladder	ambiguous	redirection	stress	not_identifiable	E0	E0_not_identifiable	True	False	none
F0397	ev_collapsed_ladder	ambiguous	delay	stress	not_identifiable	E1		True	True	outcome
F0398	ev_collapsed_ladder	ambiguous	delay	stress	not_identifiable	E2		True	True	reversal
F0399	ev_collapsed_ladder	ambiguous	delay	stress	not_identifiable	E2		True	True	rescue
F0400	ev_collapsed_ladder	ambiguous	delay	stress	not_identifiable	E2		True	True	replication
F0401	ev_collapsed_ladder	ambiguous	delay	stress	not_identifiable	E0	E0_not_identifiable	True	False	none
F0402	ev_collapsed_ladder	ambiguous	delay	stress	not_identifiable	E1		True	True	outcome
F0403	ev_collapsed_ladder	ambiguous	persistent_loss	stress	not_identifiable	E2		True	True	reversal
F0404	ev_collapsed_ladder	ambiguous	delay	stress	not_identifiable	E2		True	True	rescue
F0405	ev_collapsed_ladder	ambiguous	delay	stress	not_identifiable	E2		True	True	replication
F0406	ev_collapsed_ladder	ambiguous	persistent_loss	none	ambiguous	E0	E0_not_estimable	True	False	none
F0407	ev_collapsed_ladder	persistent_loss	persistent_loss	none	identifiable	E1		False	True	outcome
F0408	ev_collapsed_ladder	ambiguous	persistent_loss	none	ambiguous	E2		True	True	reversal
F0409	ev_collapsed_ladder	ambiguous	persistent_loss	none	ambiguous	E2		True	True	rescue
F0410	ev_collapsed_ladder	ambiguous	persistent_loss	none	ambiguous	E2		True	True	replication
F0411	ev_collapsed_ladder	ambiguous	persistent_loss	none	ambiguous	E1		True	False	none
F0412	ev_collapsed_ladder	ambiguous	persistent_loss	none	ambiguous	E1		True	False	outcome
F0413	ev_collapsed_ladder	ambiguous	persistent_loss	none	ambiguous	E2		True	True	reversal
F0414	ev_collapsed_ladder	ambiguous	persistent_loss	none	ambiguous	E2		True	True	rescue
F0415	ev_collapsed_ladder	ambiguous	persistent_loss	none	ambiguous	E2		True	True	replication
F0416	ev_collapsed_ladder	ambiguous	persistent_loss	none	ambiguous	E1		True	False	none
F0417	ev_collapsed_ladder	ambiguous	persistent_loss	none	ambiguous	E1		True	False	outcome
F0418	ev_collapsed_ladder	ambiguous	persistent_loss	none	ambiguous	E2		True	True	reversal
F0419	ev_collapsed_ladder	persistent_loss	persistent_loss	none	identifiable	E2		False	False	rescue
F0420	ev_collapsed_ladder	ambiguous	persistent_loss	none	ambiguous	E2		True	True	replication
F0421	ev_collapsed_ladder	ambiguous	persistent_loss	none	ambiguous	E0	E0_not_estimable	True	False	none
F0422	ev_collapsed_ladder	ambiguous	persistent_loss	none	ambiguous	E1		True	True	outcome
F0423	ev_collapsed_ladder	ambiguous	persistent_loss	none	ambiguous	E2		True	True	reversal
F0424	ev_collapsed_ladder	ambiguous	persistent_loss	none	ambiguous	E2		True	True	rescue
F0425	ev_collapsed_ladder	ambiguous	persistent_loss	none	ambiguous	E2		True	True	replication
F0426	ev_collapsed_ladder	ambiguous	persistent_loss	none	ambiguous	E1		True	False	none
F0427	ev_collapsed_ladder	ambiguous	persistent_loss	none	ambiguous	E1		True	False	outcome
F0428	ev_collapsed_ladder	ambiguous	persistent_loss	none	ambiguous	E2		True	True	reversal
F0429	ev_collapsed_ladder	ambiguous	persistent_loss	none	ambiguous	E2		True	True	rescue
F0430	ev_collapsed_ladder	ambiguous	persistent_loss	none	ambiguous	E2		True	True	replication
F0431	ev_collapsed_ladder	ambiguous	persistent_loss	none	ambiguous	E1		True	False	none
F0432	ev_collapsed_ladder	ambiguous	persistent_loss	none	ambiguous	E1		True	False	outcome
F0433	ev_collapsed_ladder	ambiguous	persistent_loss	none	ambiguous	E2		True	True	reversal
F0434	ev_collapsed_ladder	ambiguous	persistent_loss	none	ambiguous	E2		True	True	rescue
F0435	ev_collapsed_ladder	ambiguous	persistent_loss	none	ambiguous	E2		True	True	replication
F0436	ev_collapsed_ladder	ambiguous	persistent_loss	none	not_identifiable	E0	E0_not_estimable	True	False	none
F0437	ev_collapsed_ladder	ambiguous	delay	none	not_identifiable	E1		True	True	outcome
F0438	ev_collapsed_ladder	ambiguous	persistent_loss	none	not_identifiable	E2		True	True	reversal
F0439	ev_collapsed_ladder	ambiguous	redirection	none	not_identifiable	E2		True	True	rescue
F0440	ev_collapsed_ladder	ambiguous	persistent_loss	none	not_identifiable	E2		True	True	replication
F0441	ev_collapsed_ladder	ambiguous	persistent_loss	none	not_identifiable	E0	E0_not_identifiable	True	False	none
F0442	ev_collapsed_ladder	ambiguous	persistent_loss	none	not_identifiable	E1		True	True	outcome
F0443	ev_collapsed_ladder	ambiguous	persistent_loss	none	not_identifiable	E2		True	True	reversal
F0444	ev_collapsed_ladder	ambiguous	suppression	none	not_identifiable	E2		True	True	rescue
F0445	ev_collapsed_ladder	ambiguous	persistent_loss	none	not_identifiable	E2		True	True	replication
F0446	ev_collapsed_ladder	ambiguous	suppression	none	not_identifiable	E0	E0_not_identifiable	True	False	none
F0447	ev_collapsed_ladder	ambiguous	suppression	none	not_identifiable	E1		True	True	outcome
F0448	ev_collapsed_ladder	ambiguous	suppression	none	not_identifiable	E2		True	True	reversal
F0449	ev_collapsed_ladder	ambiguous	persistent_loss	none	not_identifiable	E2		True	True	rescue
F0450	ev_collapsed_ladder	ambiguous	persistent_loss	none	not_identifiable	E2		True	True	replication
F0451	ev_collapsed_ladder	ambiguous	persistent_loss	composition	identifiable	E0	E0_not_estimable	True	False	none
F0452	ev_collapsed_ladder	ambiguous	persistent_loss	composition	identifiable	E1		True	True	outcome
F0453	ev_collapsed_ladder	ambiguous	persistent_loss	composition	identifiable	E2		True	True	reversal
F0454	ev_collapsed_ladder	ambiguous	persistent_loss	composition	identifiable	E2		True	True	rescue
F0455	ev_collapsed_ladder	ambiguous	persistent_loss	composition	identifiable	E2		True	True	replication
F0456	ev_collapsed_ladder	ambiguous	persistent_loss	composition	identifiable	E0	E0_artifact_dominated	True	False	none
F0457	ev_collapsed_ladder	ambiguous	persistent_loss	composition	identifiable	E1		True	True	outcome
F0458	ev_collapsed_ladder	ambiguous	persistent_loss	composition	identifiable	E2		True	True	reversal
F0459	ev_collapsed_ladder	ambiguous	persistent_loss	composition	identifiable	E2		True	True	rescue
F0460	ev_collapsed_ladder	ambiguous	persistent_loss	composition	identifiable	E2		True	True	replication
F0461	ev_collapsed_ladder	ambiguous	persistent_loss	composition	identifiable	E0	E0_artifact_dominated	True	False	none
F0462	ev_collapsed_ladder	ambiguous	persistent_loss	composition	identifiable	E1		True	True	outcome
F0463	ev_collapsed_ladder	ambiguous	persistent_loss	composition	identifiable	E2		True	True	reversal
F0464	ev_collapsed_ladder	ambiguous	persistent_loss	composition	identifiable	E2		True	True	rescue
F0465	ev_collapsed_ladder	ambiguous	persistent_loss	composition	identifiable	E2		True	True	replication
F0466	ev_collapsed_ladder	ambiguous	persistent_loss	composition	ambiguous	E0	E0_not_estimable	True	False	none
F0467	ev_collapsed_ladder	ambiguous	persistent_loss	composition	ambiguous	E1		True	True	outcome
F0468	ev_collapsed_ladder	ambiguous	persistent_loss	composition	ambiguous	E2		True	True	reversal
F0469	ev_collapsed_ladder	ambiguous	persistent_loss	composition	ambiguous	E2		True	True	rescue
F0470	ev_collapsed_ladder	ambiguous	persistent_loss	composition	ambiguous	E2		True	True	replication
F0471	ev_collapsed_ladder	ambiguous	persistent_loss	composition	ambiguous	E0	E0_artifact_dominated	True	False	none
F0472	ev_collapsed_ladder	ambiguous	persistent_loss	composition	ambiguous	E1		True	True	outcome
F0473	ev_collapsed_ladder	ambiguous	persistent_loss	composition	ambiguous	E2		True	True	reversal
F0474	ev_collapsed_ladder	ambiguous	persistent_loss	composition	ambiguous	E2		True	True	rescue
F0475	ev_collapsed_ladder	ambiguous	persistent_loss	composition	ambiguous	E2		True	True	replication
F0476	ev_collapsed_ladder	ambiguous	persistent_loss	composition	ambiguous	E0	E0_artifact_dominated	True	False	none
F0477	ev_collapsed_ladder	ambiguous	persistent_loss	composition	ambiguous	E1		True	True	outcome
F0478	ev_collapsed_ladder	ambiguous	persistent_loss	composition	ambiguous	E2		True	True	reversal
F0479	ev_collapsed_ladder	ambiguous	persistent_loss	composition	ambiguous	E2		True	True	rescue
F0480	ev_collapsed_ladder	ambiguous	persistent_loss	composition	ambiguous	E2		True	True	replication
F0481	ev_collapsed_ladder	ambiguous	persistent_loss	composition	not_identifiable	E0	E0_not_estimable	True	False	none
F0482	ev_collapsed_ladder	ambiguous	redirection	composition	not_identifiable	E1		True	True	outcome
F0483	ev_collapsed_ladder	ambiguous	persistent_loss	composition	not_identifiable	E2		True	True	reversal
F0484	ev_collapsed_ladder	ambiguous	persistent_loss	composition	not_identifiable	E2		True	True	rescue
F0485	ev_collapsed_ladder	ambiguous	persistent_loss	composition	not_identifiable	E2		True	True	replication
F0486	ev_collapsed_ladder	ambiguous	redirection	composition	not_identifiable	E0	E0_not_identifiable	True	False	none
F0487	ev_collapsed_ladder	ambiguous	persistent_loss	composition	not_identifiable	E1		True	True	outcome
F0488	ev_collapsed_ladder	ambiguous	persistent_loss	composition	not_identifiable	E2		True	True	reversal
F0489	ev_collapsed_ladder	ambiguous	persistent_loss	composition	not_identifiable	E2		True	True	rescue
F0490	ev_collapsed_ladder	ambiguous	persistent_loss	composition	not_identifiable	E2		True	True	replication
F0491	ev_collapsed_ladder	ambiguous	persistent_loss	composition	not_identifiable	E0	E0_not_identifiable	True	False	none
F0492	ev_collapsed_ladder	ambiguous	persistent_loss	composition	not_identifiable	E1		True	True	outcome
F0493	ev_collapsed_ladder	ambiguous	persistent_loss	composition	not_identifiable	E2		True	True	reversal
F0494	ev_collapsed_ladder	ambiguous	persistent_loss	composition	not_identifiable	E2		True	True	rescue
F0495	ev_collapsed_ladder	ambiguous	persistent_loss	composition	not_identifiable	E2		True	True	replication
F0496	ev_collapsed_ladder	ambiguous	persistent_loss	stress	identifiable	E0	E0_not_estimable	True	False	none
F0497	ev_collapsed_ladder	ambiguous	persistent_loss	stress	identifiable	E1		True	True	outcome
F0498	ev_collapsed_ladder	ambiguous	persistent_loss	stress	identifiable	E2		True	True	reversal
F0499	ev_collapsed_ladder	ambiguous	persistent_loss	stress	ambiguous	E2		True	True	rescue
F0500	ev_collapsed_ladder	ambiguous	persistent_loss	stress	identifiable	E2		True	True	replication
F0501	ev_collapsed_ladder	ambiguous	persistent_loss	stress	identifiable	E0	E0_artifact_dominated	True	False	none
F0502	ev_collapsed_ladder	ambiguous	persistent_loss	stress	identifiable	E1		True	True	outcome
F0503	ev_collapsed_ladder	ambiguous	persistent_loss	stress	identifiable	E2		True	True	reversal
F0504	ev_collapsed_ladder	ambiguous	persistent_loss	stress	identifiable	E2		True	True	rescue
F0505	ev_collapsed_ladder	ambiguous	persistent_loss	stress	identifiable	E2		True	True	replication
F0506	ev_collapsed_ladder	ambiguous	persistent_loss	stress	identifiable	E0	E0_artifact_dominated	True	False	none
F0507	ev_collapsed_ladder	ambiguous	persistent_loss	stress	identifiable	E1		True	True	outcome
F0508	ev_collapsed_ladder	ambiguous	persistent_loss	stress	identifiable	E2		True	True	reversal
F0509	ev_collapsed_ladder	ambiguous	persistent_loss	stress	identifiable	E2		True	True	rescue
F0510	ev_collapsed_ladder	ambiguous	persistent_loss	stress	identifiable	E2		True	True	replication
F0511	ev_collapsed_ladder	ambiguous	redirection	stress	ambiguous	E0	E0_not_estimable	True	False	none
F0512	ev_collapsed_ladder	ambiguous	redirection	stress	ambiguous	E1		True	True	outcome
F0513	ev_collapsed_ladder	ambiguous	redirection	stress	ambiguous	E2		True	True	reversal
F0514	ev_collapsed_ladder	ambiguous	persistent_loss	stress	ambiguous	E2		True	True	rescue
F0515	ev_collapsed_ladder	ambiguous	redirection	stress	ambiguous	E2		True	True	replication
F0516	ev_collapsed_ladder	ambiguous	persistent_loss	stress	ambiguous	E0	E0_artifact_dominated	True	False	none
F0517	ev_collapsed_ladder	ambiguous	persistent_loss	stress	ambiguous	E1		True	True	outcome
F0518	ev_collapsed_ladder	ambiguous	persistent_loss	stress	ambiguous	E2		True	True	reversal
F0519	ev_collapsed_ladder	ambiguous	persistent_loss	stress	ambiguous	E2		True	True	rescue
F0520	ev_collapsed_ladder	ambiguous	persistent_loss	stress	ambiguous	E2		True	True	replication
F0521	ev_collapsed_ladder	ambiguous	persistent_loss	stress	ambiguous	E0	E0_artifact_dominated	True	False	none
F0522	ev_collapsed_ladder	ambiguous	persistent_loss	stress	ambiguous	E1		True	True	outcome
F0523	ev_collapsed_ladder	ambiguous	persistent_loss	stress	ambiguous	E2		True	True	reversal
F0524	ev_collapsed_ladder	ambiguous	persistent_loss	stress	ambiguous	E2		True	True	rescue
F0525	ev_collapsed_ladder	ambiguous	persistent_loss	stress	ambiguous	E2		True	True	replication
F0526	ev_collapsed_ladder	ambiguous	persistent_loss	none	not_identifiable	E0	E0_not_estimable	True	False	none
F0527	ev_collapsed_ladder	ambiguous	activation	stress	not_identifiable	E1		True	True	outcome
F0528	ev_collapsed_ladder	ambiguous	redirection	stress	not_identifiable	E2		True	True	reversal
F0529	ev_collapsed_ladder	ambiguous	redirection	stress	not_identifiable	E2		True	True	rescue
F0530	ev_collapsed_ladder	ambiguous	persistent_loss	none	not_identifiable	E2		True	True	replication
F0531	ev_collapsed_ladder	ambiguous	persistent_loss	none	not_identifiable	E0	E0_not_identifiable	True	False	none
F0532	ev_collapsed_ladder	ambiguous	persistent_loss	none	not_identifiable	E1		True	True	outcome
F0533	ev_collapsed_ladder	ambiguous	persistent_loss	stress	not_identifiable	E2		True	True	reversal
F0534	ev_collapsed_ladder	ambiguous	persistent_loss	none	not_identifiable	E2		True	True	rescue
F0535	ev_collapsed_ladder	ambiguous	persistent_loss	none	not_identifiable	E2		True	True	replication
F0536	ev_collapsed_ladder	ambiguous	persistent_loss	stress	not_identifiable	E0	E0_not_identifiable	True	False	none
F0537	ev_collapsed_ladder	ambiguous	persistent_loss	stress	not_identifiable	E1		True	True	outcome
F0538	ev_collapsed_ladder	ambiguous	persistent_loss	none	not_identifiable	E2		True	True	reversal
F0539	ev_collapsed_ladder	ambiguous	redirection	stress	not_identifiable	E2		True	True	rescue
F0540	ev_collapsed_ladder	ambiguous	persistent_loss	none	not_identifiable	E2		True	True	replication
F0541	ev_collapsed_ladder	redirection	redirection	none	identifiable	E0	E0_not_estimable	False	False	none
F0542	ev_collapsed_ladder	redirection	redirection	none	identifiable	E1		False	True	outcome
F0543	ev_collapsed_ladder	redirection	redirection	none	identifiable	E2		False	True	reversal
F0544	ev_collapsed_ladder	redirection	redirection	none	identifiable	E2		False	True	rescue
F0545	ev_collapsed_ladder	redirection	redirection	none	identifiable	E2		False	True	replication
F0546	ev_collapsed_ladder	redirection	redirection	none	identifiable	E1		False	False	none
F0547	ev_collapsed_ladder	redirection	redirection	none	identifiable	E1		False	False	outcome
F0548	ev_collapsed_ladder	redirection	redirection	none	identifiable	E2		False	True	reversal
F0549	ev_collapsed_ladder	redirection	redirection	none	identifiable	E2		False	True	rescue
F0550	ev_collapsed_ladder	redirection	redirection	none	identifiable	E2		False	True	replication
F0551	ev_collapsed_ladder	redirection	redirection	none	identifiable	E2		False	False	none
F0552	ev_collapsed_ladder	redirection	redirection	none	identifiable	E2		False	False	outcome
F0553	ev_collapsed_ladder	redirection	redirection	none	identifiable	E2		False	False	reversal
F0554	ev_collapsed_ladder	redirection	redirection	none	identifiable	E2		False	False	rescue
F0555	ev_collapsed_ladder	redirection	redirection	none	identifiable	E2		False	False	replication
F0556	ev_collapsed_ladder	ambiguous	redirection	none	ambiguous	E0	E0_not_estimable	True	False	none
F0557	ev_collapsed_ladder	ambiguous	redirection	none	ambiguous	E1		True	True	outcome
F0558	ev_collapsed_ladder	ambiguous	redirection	none	ambiguous	E2		True	True	reversal
F0559	ev_collapsed_ladder	ambiguous	redirection	none	ambiguous	E2		True	True	rescue
F0560	ev_collapsed_ladder	redirection	redirection	none	identifiable	E2		False	True	replication
F0561	ev_collapsed_ladder	ambiguous	redirection	none	ambiguous	E1		True	False	none
F0562	ev_collapsed_ladder	ambiguous	redirection	none	ambiguous	E1		True	False	outcome
F0563	ev_collapsed_ladder	ambiguous	redirection	none	ambiguous	E2		True	True	reversal
F0564	ev_collapsed_ladder	ambiguous	redirection	none	ambiguous	E2		True	True	rescue
F0565	ev_collapsed_ladder	ambiguous	redirection	none	ambiguous	E2		True	True	replication
F0566	ev_collapsed_ladder	ambiguous	redirection	none	ambiguous	E1		True	False	none
F0567	ev_collapsed_ladder	ambiguous	redirection	none	ambiguous	E1		True	False	outcome
F0568	ev_collapsed_ladder	ambiguous	redirection	none	ambiguous	E2		True	True	reversal
F0569	ev_collapsed_ladder	ambiguous	redirection	none	ambiguous	E2		True	True	rescue
F0570	ev_collapsed_ladder	ambiguous	redirection	none	ambiguous	E2		True	True	replication
F0571	ev_collapsed_ladder	ambiguous	redirection	none	not_identifiable	E0	E0_not_estimable	True	False	none
F0572	ev_collapsed_ladder	ambiguous	redirection	none	not_identifiable	E1		True	True	outcome
F0573	ev_collapsed_ladder	ambiguous	delay	none	not_identifiable	E2		True	True	reversal
F0574	ev_collapsed_ladder	ambiguous	redirection	none	not_identifiable	E2		True	True	rescue
F0575	ev_collapsed_ladder	ambiguous	redirection	none	not_identifiable	E2		True	True	replication
F0576	ev_collapsed_ladder	ambiguous	redirection	none	not_identifiable	E0	E0_not_identifiable	True	False	none
F0577	ev_collapsed_ladder	ambiguous	redirection	none	not_identifiable	E1		True	True	outcome
F0578	ev_collapsed_ladder	ambiguous	redirection	none	not_identifiable	E2		True	True	reversal
F0579	ev_collapsed_ladder	ambiguous	redirection	none	not_identifiable	E2		True	True	rescue
F0580	ev_collapsed_ladder	ambiguous	redirection	none	not_identifiable	E2		True	True	replication
F0581	ev_collapsed_ladder	ambiguous	redirection	none	not_identifiable	E0	E0_not_identifiable	True	False	none
F0582	ev_collapsed_ladder	ambiguous	redirection	none	not_identifiable	E1		True	True	outcome
F0583	ev_collapsed_ladder	ambiguous	redirection	none	not_identifiable	E2		True	True	reversal
F0584	ev_collapsed_ladder	ambiguous	redirection	none	not_identifiable	E2		True	True	rescue
F0585	ev_collapsed_ladder	ambiguous	redirection	none	not_identifiable	E2		True	True	replication
F0586	ev_collapsed_ladder	ambiguous	redirection	composition	identifiable	E0	E0_not_estimable	True	False	none
F0587	ev_collapsed_ladder	ambiguous	redirection	composition	identifiable	E1		True	True	outcome
F0588	ev_collapsed_ladder	ambiguous	redirection	composition	identifiable	E2		True	True	reversal
F0589	ev_collapsed_ladder	ambiguous	redirection	composition	identifiable	E2		True	True	rescue
F0590	ev_collapsed_ladder	ambiguous	redirection	composition	identifiable	E2		True	True	replication
F0591	ev_collapsed_ladder	ambiguous	redirection	composition	identifiable	E0	E0_artifact_dominated	True	False	none
F0592	ev_collapsed_ladder	ambiguous	redirection	composition	identifiable	E1		True	True	outcome
F0593	ev_collapsed_ladder	ambiguous	redirection	composition	identifiable	E2		True	True	reversal
F0594	ev_collapsed_ladder	ambiguous	redirection	composition	identifiable	E2		True	True	rescue
F0595	ev_collapsed_ladder	ambiguous	redirection	composition	identifiable	E2		True	True	replication
F0596	ev_collapsed_ladder	ambiguous	redirection	composition	identifiable	E0	E0_artifact_dominated	True	False	none
F0597	ev_collapsed_ladder	ambiguous	redirection	composition	identifiable	E1		True	True	outcome
F0598	ev_collapsed_ladder	ambiguous	redirection	composition	identifiable	E2		True	True	reversal
F0599	ev_collapsed_ladder	ambiguous	redirection	composition	identifiable	E2		True	True	rescue
F0600	ev_collapsed_ladder	ambiguous	redirection	composition	identifiable	E2		True	True	replication
F0601	ev_collapsed_ladder	ambiguous	redirection	composition	ambiguous	E0	E0_not_estimable	True	False	none
F0602	ev_collapsed_ladder	ambiguous	redirection	composition	ambiguous	E1		True	True	outcome
F0603	ev_collapsed_ladder	ambiguous	redirection	composition	ambiguous	E2		True	True	reversal
F0604	ev_collapsed_ladder	ambiguous	redirection	composition	ambiguous	E2		True	True	rescue
F0605	ev_collapsed_ladder	ambiguous	redirection	composition	ambiguous	E2		True	True	replication
F0606	ev_collapsed_ladder	ambiguous	redirection	composition	ambiguous	E0	E0_artifact_dominated	True	False	none
F0607	ev_collapsed_ladder	ambiguous	redirection	composition	ambiguous	E1		True	True	outcome
F0608	ev_collapsed_ladder	ambiguous	redirection	composition	ambiguous	E2		True	True	reversal
F0609	ev_collapsed_ladder	ambiguous	redirection	composition	ambiguous	E2		True	True	rescue
F0610	ev_collapsed_ladder	ambiguous	redirection	composition	ambiguous	E2		True	True	replication
F0611	ev_collapsed_ladder	ambiguous	redirection	composition	ambiguous	E0	E0_artifact_dominated	True	False	none
F0612	ev_collapsed_ladder	ambiguous	redirection	composition	ambiguous	E1		True	True	outcome
F0613	ev_collapsed_ladder	ambiguous	redirection	composition	ambiguous	E2		True	True	reversal
F0614	ev_collapsed_ladder	ambiguous	redirection	composition	ambiguous	E2		True	True	rescue
F0615	ev_collapsed_ladder	ambiguous	redirection	composition	ambiguous	E2		True	True	replication
F0616	ev_collapsed_ladder	ambiguous	redirection	composition	not_identifiable	E0	E0_not_estimable	True	False	none
F0617	ev_collapsed_ladder	ambiguous	redirection	composition	not_identifiable	E1		True	True	outcome
F0618	ev_collapsed_ladder	ambiguous	redirection	composition	not_identifiable	E2		True	True	reversal
F0619	ev_collapsed_ladder	ambiguous	redirection	composition	not_identifiable	E2		True	True	rescue
F0620	ev_collapsed_ladder	ambiguous	redirection	composition	not_identifiable	E2		True	True	replication
F0621	ev_collapsed_ladder	ambiguous	redirection	composition	not_identifiable	E0	E0_not_identifiable	True	False	none
F0622	ev_collapsed_ladder	ambiguous	redirection	composition	not_identifiable	E1		True	True	outcome
F0623	ev_collapsed_ladder	ambiguous	redirection	composition	not_identifiable	E2		True	True	reversal
F0624	ev_collapsed_ladder	ambiguous	redirection	composition	not_identifiable	E2		True	True	rescue
F0625	ev_collapsed_ladder	ambiguous	redirection	composition	not_identifiable	E2		True	True	replication
F0626	ev_collapsed_ladder	ambiguous	redirection	composition	not_identifiable	E0	E0_not_identifiable	True	False	none
F0627	ev_collapsed_ladder	ambiguous	redirection	composition	not_identifiable	E1		True	True	outcome
F0628	ev_collapsed_ladder	ambiguous	redirection	composition	not_identifiable	E2		True	True	reversal
F0629	ev_collapsed_ladder	ambiguous	redirection	composition	not_identifiable	E2		True	True	rescue
F0630	ev_collapsed_ladder	ambiguous	redirection	composition	not_identifiable	E2		True	True	replication
F0631	ev_collapsed_ladder	ambiguous	redirection	stress	identifiable	E0	E0_not_estimable	True	False	none
F0632	ev_collapsed_ladder	ambiguous	redirection	stress	identifiable	E1		True	True	outcome
F0633	ev_collapsed_ladder	ambiguous	redirection	stress	identifiable	E2		True	True	reversal
F0634	ev_collapsed_ladder	ambiguous	redirection	stress	identifiable	E2		True	True	rescue
F0635	ev_collapsed_ladder	ambiguous	redirection	stress	identifiable	E2		True	True	replication
F0636	ev_collapsed_ladder	ambiguous	redirection	stress	identifiable	E0	E0_artifact_dominated	True	False	none
F0637	ev_collapsed_ladder	ambiguous	redirection	stress	identifiable	E1		True	True	outcome
F0638	ev_collapsed_ladder	redirection	redirection	none	identifiable	E2		False	True	reversal
F0639	ev_collapsed_ladder	ambiguous	redirection	stress	identifiable	E2		True	True	rescue
F0640	ev_collapsed_ladder	ambiguous	redirection	stress	identifiable	E2		True	True	replication
F0641	ev_collapsed_ladder	ambiguous	redirection	stress	identifiable	E0	E0_artifact_dominated	True	False	none
F0642	ev_collapsed_ladder	ambiguous	redirection	stress	identifiable	E1		True	True	outcome
F0643	ev_collapsed_ladder	ambiguous	redirection	stress	identifiable	E2		True	True	reversal
F0644	ev_collapsed_ladder	ambiguous	redirection	stress	identifiable	E2		True	True	rescue
F0645	ev_collapsed_ladder	ambiguous	redirection	stress	identifiable	E2		True	True	replication
F0646	ev_collapsed_ladder	ambiguous	redirection	none	ambiguous	E0	E0_not_estimable	True	False	none
F0647	ev_collapsed_ladder	ambiguous	redirection	none	ambiguous	E1		True	True	outcome
F0648	ev_collapsed_ladder	ambiguous	redirection	none	ambiguous	E2		True	True	reversal
F0649	ev_collapsed_ladder	ambiguous	redirection	none	ambiguous	E2		True	True	rescue
F0650	ev_collapsed_ladder	ambiguous	redirection	none	ambiguous	E2		True	True	replication
F0651	ev_collapsed_ladder	ambiguous	redirection	none	ambiguous	E1		True	False	none
F0652	ev_collapsed_ladder	ambiguous	redirection	stress	ambiguous	E1		True	True	outcome
F0653	ev_collapsed_ladder	ambiguous	redirection	none	ambiguous	E2		True	True	reversal
F0654	ev_collapsed_ladder	ambiguous	redirection	stress	ambiguous	E2		True	True	rescue
F0655	ev_collapsed_ladder	ambiguous	redirection	stress	ambiguous	E2		True	True	replication
F0656	ev_collapsed_ladder	ambiguous	redirection	stress	ambiguous	E0	E0_artifact_dominated	True	False	none
F0657	ev_collapsed_ladder	ambiguous	redirection	none	ambiguous	E1		True	False	outcome
F0658	ev_collapsed_ladder	ambiguous	redirection	stress	ambiguous	E2		True	True	reversal
F0659	ev_collapsed_ladder	ambiguous	redirection	none	ambiguous	E2		True	True	rescue
F0660	ev_collapsed_ladder	ambiguous	redirection	stress	ambiguous	E2		True	True	replication
F0661	ev_collapsed_ladder	ambiguous	redirection	none	not_identifiable	E0	E0_not_estimable	True	False	none
F0662	ev_collapsed_ladder	ambiguous	redirection	none	not_identifiable	E1		True	True	outcome
F0663	ev_collapsed_ladder	ambiguous	redirection	none	not_identifiable	E2		True	True	reversal
F0664	ev_collapsed_ladder	ambiguous	redirection	none	not_identifiable	E2		True	True	rescue
F0665	ev_collapsed_ladder	ambiguous	redirection	none	not_identifiable	E2		True	True	replication
F0666	ev_collapsed_ladder	ambiguous	redirection	none	not_identifiable	E0	E0_not_identifiable	True	False	none
F0667	ev_collapsed_ladder	ambiguous	redirection	none	not_identifiable	E1		True	True	outcome
F0668	ev_collapsed_ladder	ambiguous	redirection	stress	not_identifiable	E2		True	True	reversal
F0669	ev_collapsed_ladder	ambiguous	redirection	none	not_identifiable	E2		True	True	rescue
F0670	ev_collapsed_ladder	ambiguous	redirection	stress	not_identifiable	E2		True	True	replication
F0671	ev_collapsed_ladder	ambiguous	redirection	none	not_identifiable	E0	E0_not_identifiable	True	False	none
F0672	ev_collapsed_ladder	ambiguous	redirection	none	not_identifiable	E1		True	True	outcome
F0673	ev_collapsed_ladder	ambiguous	redirection	stress	not_identifiable	E2		True	True	reversal
F0674	ev_collapsed_ladder	ambiguous	redirection	none	not_identifiable	E2		True	True	rescue
F0675	ev_collapsed_ladder	ambiguous	redirection	none	not_identifiable	E2		True	True	replication
