scenario_id	n_blocks	n_pathways	n_windows	pathway_correlation	effect_size	artifact	n_perm	target_q	signal_modes	replicate	seed	method	exact_sign_permutation_resolution	fdp	family_wise_false_positive	power	onset_location_mae	peak_location_mae	false_e_promotion	false_e_demotion	non_e0_call_fraction	n_calls	n_false_calls	n_true_calls
AW01	3	20	10	0.0	null	none	1000	0.1	activation;suppression;delay;loss;redirection	0	20260716	naive_selected_window_bh	0.125	0.0	0.0				0.0	0.0	0.0	0	0	0
AW01	3	20	10	0.0	null	none	1000	0.1	activation;suppression;delay;loss;redirection	0	20260716	per_event_max_window_bh	0.125	0.0	0.0				0.0	0.0	0.0	0	0	0
AW01	3	20	10	0.0	null	none	1000	0.1	activation;suppression;delay;loss;redirection	0	20260716	family_wide_maxT_fwer	0.125	0.0	0.0				0.0	0.0	0.0	0	0	0
AW01	3	20	10	0.0	null	none	1000	0.1	activation;suppression;delay;loss;redirection	1	20261725	naive_selected_window_bh	0.125	0.0	0.0				0.0	0.0	0.0	0	0	0
AW01	3	20	10	0.0	null	none	1000	0.1	activation;suppression;delay;loss;redirection	1	20261725	per_event_max_window_bh	0.125	0.0	0.0				0.0	0.0	0.0	0	0	0
AW01	3	20	10	0.0	null	none	1000	0.1	activation;suppression;delay;loss;redirection	1	20261725	family_wide_maxT_fwer	0.125	0.0	0.0				0.0	0.0	0.0	0	0	0
AW01	3	20	10	0.0	null	none	1000	0.1	activation;suppression;delay;loss;redirection	2	20262734	naive_selected_window_bh	0.125	0.0	0.0				0.0	0.0	0.0	0	0	0
AW01	3	20	10	0.0	null	none	1000	0.1	activation;suppression;delay;loss;redirection	2	20262734	per_event_max_window_bh	0.125	0.0	0.0				0.0	0.0	0.0	0	0	0
AW01	3	20	10	0.0	null	none	1000	0.1	activation;suppression;delay;loss;redirection	2	20262734	family_wide_maxT_fwer	0.125	0.0	0.0				0.0	0.0	0.0	0	0	0
AW01	3	20	10	0.0	null	none	1000	0.1	activation;suppression;delay;loss;redirection	3	20263743	naive_selected_window_bh	0.125	0.0	0.0				0.0	0.0	0.0	0	0	0
AW01	3	20	10	0.0	null	none	1000	0.1	activation;suppression;delay;loss;redirection	3	20263743	per_event_max_window_bh	0.125	0.0	0.0				0.0	0.0	0.0	0	0	0
AW01	3	20	10	0.0	null	none	1000	0.1	activation;suppression;delay;loss;redirection	3	20263743	family_wide_maxT_fwer	0.125	0.0	0.0				0.0	0.0	0.0	0	0	0
AW01	3	20	10	0.0	null	none	1000	0.1	activation;suppression;delay;loss;redirection	4	20264752	naive_selected_window_bh	0.125	0.0	0.0				0.0	0.0	0.0	0	0	0
AW01	3	20	10	0.0	null	none	1000	0.1	activation;suppression;delay;loss;redirection	4	20264752	per_event_max_window_bh	0.125	0.0	0.0				0.0	0.0	0.0	0	0	0
AW01	3	20	10	0.0	null	none	1000	0.1	activation;suppression;delay;loss;redirection	4	20264752	family_wide_maxT_fwer	0.125	0.0	0.0				0.0	0.0	0.0	0	0	0
AW01	3	20	10	0.0	null	none	1000	0.1	activation;suppression;delay;loss;redirection	5	20265761	naive_selected_window_bh	0.125	0.0	0.0				0.0	0.0	0.0	0	0	0
AW01	3	20	10	0.0	null	none	1000	0.1	activation;suppression;delay;loss;redirection	5	20265761	per_event_max_window_bh	0.125	0.0	0.0				0.0	0.0	0.0	0	0	0
AW01	3	20	10	0.0	null	none	1000	0.1	activation;suppression;delay;loss;redirection	5	20265761	family_wide_maxT_fwer	0.125	0.0	0.0				0.0	0.0	0.0	0	0	0
AW01	3	20	10	0.0	null	none	1000	0.1	activation;suppression;delay;loss;redirection	6	20266770	naive_selected_window_bh	0.125	0.0	0.0				0.0	0.0	0.0	0	0	0
AW01	3	20	10	0.0	null	none	1000	0.1	activation;suppression;delay;loss;redirection	6	20266770	per_event_max_window_bh	0.125	0.0	0.0				0.0	0.0	0.0	0	0	0
AW01	3	20	10	0.0	null	none	1000	0.1	activation;suppression;delay;loss;redirection	6	20266770	family_wide_maxT_fwer	0.125	0.0	0.0				0.0	0.0	0.0	0	0	0
AW01	3	20	10	0.0	null	none	1000	0.1	activation;suppression;delay;loss;redirection	7	20267779	naive_selected_window_bh	0.125	0.0	0.0				0.0	0.0	0.0	0	0	0
AW01	3	20	10	0.0	null	none	1000	0.1	activation;suppression;delay;loss;redirection	7	20267779	per_event_max_window_bh	0.125	0.0	0.0				0.0	0.0	0.0	0	0	0
AW01	3	20	10	0.0	null	none	1000	0.1	activation;suppression;delay;loss;redirection	7	20267779	family_wide_maxT_fwer	0.125	0.0	0.0				0.0	0.0	0.0	0	0	0
AW01	3	20	10	0.0	null	none	1000	0.1	activation;suppression;delay;loss;redirection	8	20268788	naive_selected_window_bh	0.125	0.0	0.0				0.0	0.0	0.0	0	0	0
AW01	3	20	10	0.0	null	none	1000	0.1	activation;suppression;delay;loss;redirection	8	20268788	per_event_max_window_bh	0.125	0.0	0.0				0.0	0.0	0.0	0	0	0
AW01	3	20	10	0.0	null	none	1000	0.1	activation;suppression;delay;loss;redirection	8	20268788	family_wide_maxT_fwer	0.125	0.0	0.0				0.0	0.0	0.0	0	0	0
AW01	3	20	10	0.0	null	none	1000	0.1	activation;suppression;delay;loss;redirection	9	20269797	naive_selected_window_bh	0.125	0.0	0.0				0.0	0.0	0.0	0	0	0
AW01	3	20	10	0.0	null	none	1000	0.1	activation;suppression;delay;loss;redirection	9	20269797	per_event_max_window_bh	0.125	0.0	0.0				0.0	0.0	0.0	0	0	0
AW01	3	20	10	0.0	null	none	1000	0.1	activation;suppression;delay;loss;redirection	9	20269797	family_wide_maxT_fwer	0.125	0.0	0.0				0.0	0.0	0.0	0	0	0
AW01	3	20	10	0.0	null	none	1000	0.1	activation;suppression;delay;loss;redirection	10	20270806	naive_selected_window_bh	0.125	0.0	0.0				0.0	0.0	0.0	0	0	0
AW01	3	20	10	0.0	null	none	1000	0.1	activation;suppression;delay;loss;redirection	10	20270806	per_event_max_window_bh	0.125	0.0	0.0				0.0	0.0	0.0	0	0	0
AW01	3	20	10	0.0	null	none	1000	0.1	activation;suppression;delay;loss;redirection	10	20270806	family_wide_maxT_fwer	0.125	0.0	0.0				0.0	0.0	0.0	0	0	0
AW01	3	20	10	0.0	null	none	1000	0.1	activation;suppression;delay;loss;redirection	11	20271815	naive_selected_window_bh	0.125	0.0	0.0				0.0	0.0	0.0	0	0	0
AW01	3	20	10	0.0	null	none	1000	0.1	activation;suppression;delay;loss;redirection	11	20271815	per_event_max_window_bh	0.125	0.0	0.0				0.0	0.0	0.0	0	0	0
AW01	3	20	10	0.0	null	none	1000	0.1	activation;suppression;delay;loss;redirection	11	20271815	family_wide_maxT_fwer	0.125	0.0	0.0				0.0	0.0	0.0	0	0	0
AW01	3	20	10	0.0	null	none	1000	0.1	activation;suppression;delay;loss;redirection	12	20272824	naive_selected_window_bh	0.125	0.0	0.0				0.0	0.0	0.0	0	0	0
AW01	3	20	10	0.0	null	none	1000	0.1	activation;suppression;delay;loss;redirection	12	20272824	per_event_max_window_bh	0.125	0.0	0.0				0.0	0.0	0.0	0	0	0
AW01	3	20	10	0.0	null	none	1000	0.1	activation;suppression;delay;loss;redirection	12	20272824	family_wide_maxT_fwer	0.125	0.0	0.0				0.0	0.0	0.0	0	0	0
AW01	3	20	10	0.0	null	none	1000	0.1	activation;suppression;delay;loss;redirection	13	20273833	naive_selected_window_bh	0.125	0.0	0.0				0.0	0.0	0.0	0	0	0
AW01	3	20	10	0.0	null	none	1000	0.1	activation;suppression;delay;loss;redirection	13	20273833	per_event_max_window_bh	0.125	0.0	0.0				0.0	0.0	0.0	0	0	0
AW01	3	20	10	0.0	null	none	1000	0.1	activation;suppression;delay;loss;redirection	13	20273833	family_wide_maxT_fwer	0.125	0.0	0.0				0.0	0.0	0.0	0	0	0
AW01	3	20	10	0.0	null	none	1000	0.1	activation;suppression;delay;loss;redirection	14	20274842	naive_selected_window_bh	0.125	0.0	0.0				0.0	0.0	0.0	0	0	0
AW01	3	20	10	0.0	null	none	1000	0.1	activation;suppression;delay;loss;redirection	14	20274842	per_event_max_window_bh	0.125	0.0	0.0				0.0	0.0	0.0	0	0	0
AW01	3	20	10	0.0	null	none	1000	0.1	activation;suppression;delay;loss;redirection	14	20274842	family_wide_maxT_fwer	0.125	0.0	0.0				0.0	0.0	0.0	0	0	0
AW01	3	20	10	0.0	null	none	1000	0.1	activation;suppression;delay;loss;redirection	15	20275851	naive_selected_window_bh	0.125	0.0	0.0				0.0	0.0	0.0	0	0	0
AW01	3	20	10	0.0	null	none	1000	0.1	activation;suppression;delay;loss;redirection	15	20275851	per_event_max_window_bh	0.125	0.0	0.0				0.0	0.0	0.0	0	0	0
AW01	3	20	10	0.0	null	none	1000	0.1	activation;suppression;delay;loss;redirection	15	20275851	family_wide_maxT_fwer	0.125	0.0	0.0				0.0	0.0	0.0	0	0	0
AW01	3	20	10	0.0	null	none	1000	0.1	activation;suppression;delay;loss;redirection	16	20276860	naive_selected_window_bh	0.125	0.0	0.0				0.0	0.0	0.0	0	0	0
AW01	3	20	10	0.0	null	none	1000	0.1	activation;suppression;delay;loss;redirection	16	20276860	per_event_max_window_bh	0.125	0.0	0.0				0.0	0.0	0.0	0	0	0
AW01	3	20	10	0.0	null	none	1000	0.1	activation;suppression;delay;loss;redirection	16	20276860	family_wide_maxT_fwer	0.125	0.0	0.0				0.0	0.0	0.0	0	0	0
AW01	3	20	10	0.0	null	none	1000	0.1	activation;suppression;delay;loss;redirection	17	20277869	naive_selected_window_bh	0.125	0.0	0.0				0.0	0.0	0.0	0	0	0
AW01	3	20	10	0.0	null	none	1000	0.1	activation;suppression;delay;loss;redirection	17	20277869	per_event_max_window_bh	0.125	0.0	0.0				0.0	0.0	0.0	0	0	0
AW01	3	20	10	0.0	null	none	1000	0.1	activation;suppression;delay;loss;redirection	17	20277869	family_wide_maxT_fwer	0.125	0.0	0.0				0.0	0.0	0.0	0	0	0
AW01	3	20	10	0.0	null	none	1000	0.1	activation;suppression;delay;loss;redirection	18	20278878	naive_selected_window_bh	0.125	0.0	0.0				0.0	0.0	0.0	0	0	0
AW01	3	20	10	0.0	null	none	1000	0.1	activation;suppression;delay;loss;redirection	18	20278878	per_event_max_window_bh	0.125	0.0	0.0				0.0	0.0	0.0	0	0	0
AW01	3	20	10	0.0	null	none	1000	0.1	activation;suppression;delay;loss;redirection	18	20278878	family_wide_maxT_fwer	0.125	0.0	0.0				0.0	0.0	0.0	0	0	0
AW01	3	20	10	0.0	null	none	1000	0.1	activation;suppression;delay;loss;redirection	19	20279887	naive_selected_window_bh	0.125	0.0	0.0				0.0	0.0	0.0	0	0	0
AW01	3	20	10	0.0	null	none	1000	0.1	activation;suppression;delay;loss;redirection	19	20279887	per_event_max_window_bh	0.125	0.0	0.0				0.0	0.0	0.0	0	0	0
AW01	3	20	10	0.0	null	none	1000	0.1	activation;suppression;delay;loss;redirection	19	20279887	family_wide_maxT_fwer	0.125	0.0	0.0				0.0	0.0	0.0	0	0	0
AW01	3	20	10	0.0	null	none	1000	0.1	activation;suppression;delay;loss;redirection	20	20280896	naive_selected_window_bh	0.125	0.0	0.0				0.0	0.0	0.0	0	0	0
AW01	3	20	10	0.0	null	none	1000	0.1	activation;suppression;delay;loss;redirection	20	20280896	per_event_max_window_bh	0.125	0.0	0.0				0.0	0.0	0.0	0	0	0
AW01	3	20	10	0.0	null	none	1000	0.1	activation;suppression;delay;loss;redirection	20	20280896	family_wide_maxT_fwer	0.125	0.0	0.0				0.0	0.0	0.0	0	0	0
AW01	3	20	10	0.0	null	none	1000	0.1	activation;suppression;delay;loss;redirection	21	20281905	naive_selected_window_bh	0.125	0.0	0.0				0.0	0.0	0.0	0	0	0
AW01	3	20	10	0.0	null	none	1000	0.1	activation;suppression;delay;loss;redirection	21	20281905	per_event_max_window_bh	0.125	0.0	0.0				0.0	0.0	0.0	0	0	0
AW01	3	20	10	0.0	null	none	1000	0.1	activation;suppression;delay;loss;redirection	21	20281905	family_wide_maxT_fwer	0.125	0.0	0.0				0.0	0.0	0.0	0	0	0
AW01	3	20	10	0.0	null	none	1000	0.1	activation;suppression;delay;loss;redirection	22	20282914	naive_selected_window_bh	0.125	0.0	0.0				0.0	0.0	0.0	0	0	0
AW01	3	20	10	0.0	null	none	1000	0.1	activation;suppression;delay;loss;redirection	22	20282914	per_event_max_window_bh	0.125	0.0	0.0				0.0	0.0	0.0	0	0	0
AW01	3	20	10	0.0	null	none	1000	0.1	activation;suppression;delay;loss;redirection	22	20282914	family_wide_maxT_fwer	0.125	0.0	0.0				0.0	0.0	0.0	0	0	0
AW01	3	20	10	0.0	null	none	1000	0.1	activation;suppression;delay;loss;redirection	23	20283923	naive_selected_window_bh	0.125	0.0	0.0				0.0	0.0	0.0	0	0	0
AW01	3	20	10	0.0	null	none	1000	0.1	activation;suppression;delay;loss;redirection	23	20283923	per_event_max_window_bh	0.125	0.0	0.0				0.0	0.0	0.0	0	0	0
AW01	3	20	10	0.0	null	none	1000	0.1	activation;suppression;delay;loss;redirection	23	20283923	family_wide_maxT_fwer	0.125	0.0	0.0				0.0	0.0	0.0	0	0	0
AW01	3	20	10	0.0	null	none	1000	0.1	activation;suppression;delay;loss;redirection	24	20284932	naive_selected_window_bh	0.125	0.0	0.0				0.0	0.0	0.0	0	0	0
AW01	3	20	10	0.0	null	none	1000	0.1	activation;suppression;delay;loss;redirection	24	20284932	per_event_max_window_bh	0.125	0.0	0.0				0.0	0.0	0.0	0	0	0
AW01	3	20	10	0.0	null	none	1000	0.1	activation;suppression;delay;loss;redirection	24	20284932	family_wide_maxT_fwer	0.125	0.0	0.0				0.0	0.0	0.0	0	0	0
AW01	3	20	10	0.0	null	none	1000	0.1	activation;suppression;delay;loss;redirection	25	20285941	naive_selected_window_bh	0.125	0.0	0.0				0.0	0.0	0.0	0	0	0
AW01	3	20	10	0.0	null	none	1000	0.1	activation;suppression;delay;loss;redirection	25	20285941	per_event_max_window_bh	0.125	0.0	0.0				0.0	0.0	0.0	0	0	0
AW01	3	20	10	0.0	null	none	1000	0.1	activation;suppression;delay;loss;redirection	25	20285941	family_wide_maxT_fwer	0.125	0.0	0.0				0.0	0.0	0.0	0	0	0
AW01	3	20	10	0.0	null	none	1000	0.1	activation;suppression;delay;loss;redirection	26	20286950	naive_selected_window_bh	0.125	0.0	0.0				0.0	0.0	0.0	0	0	0
AW01	3	20	10	0.0	null	none	1000	0.1	activation;suppression;delay;loss;redirection	26	20286950	per_event_max_window_bh	0.125	0.0	0.0				0.0	0.0	0.0	0	0	0
AW01	3	20	10	0.0	null	none	1000	0.1	activation;suppression;delay;loss;redirection	26	20286950	family_wide_maxT_fwer	0.125	0.0	0.0				0.0	0.0	0.0	0	0	0
AW01	3	20	10	0.0	null	none	1000	0.1	activation;suppression;delay;loss;redirection	27	20287959	naive_selected_window_bh	0.125	0.0	0.0				0.0	0.0	0.0	0	0	0
AW01	3	20	10	0.0	null	none	1000	0.1	activation;suppression;delay;loss;redirection	27	20287959	per_event_max_window_bh	0.125	0.0	0.0				0.0	0.0	0.0	0	0	0
AW01	3	20	10	0.0	null	none	1000	0.1	activation;suppression;delay;loss;redirection	27	20287959	family_wide_maxT_fwer	0.125	0.0	0.0				0.0	0.0	0.0	0	0	0
AW01	3	20	10	0.0	null	none	1000	0.1	activation;suppression;delay;loss;redirection	28	20288968	naive_selected_window_bh	0.125	0.0	0.0				0.0	0.0	0.0	0	0	0
AW01	3	20	10	0.0	null	none	1000	0.1	activation;suppression;delay;loss;redirection	28	20288968	per_event_max_window_bh	0.125	0.0	0.0				0.0	0.0	0.0	0	0	0
AW01	3	20	10	0.0	null	none	1000	0.1	activation;suppression;delay;loss;redirection	28	20288968	family_wide_maxT_fwer	0.125	0.0	0.0				0.0	0.0	0.0	0	0	0
AW01	3	20	10	0.0	null	none	1000	0.1	activation;suppression;delay;loss;redirection	29	20289977	naive_selected_window_bh	0.125	0.0	0.0				0.0	0.0	0.0	0	0	0
AW01	3	20	10	0.0	null	none	1000	0.1	activation;suppression;delay;loss;redirection	29	20289977	per_event_max_window_bh	0.125	0.0	0.0				0.0	0.0	0.0	0	0	0
AW01	3	20	10	0.0	null	none	1000	0.1	activation;suppression;delay;loss;redirection	29	20289977	family_wide_maxT_fwer	0.125	0.0	0.0				0.0	0.0	0.0	0	0	0
AW01	3	20	10	0.0	null	none	1000	0.1	activation;suppression;delay;loss;redirection	30	20290986	naive_selected_window_bh	0.125	0.0	0.0				0.0	0.0	0.0	0	0	0
AW01	3	20	10	0.0	null	none	1000	0.1	activation;suppression;delay;loss;redirection	30	20290986	per_event_max_window_bh	0.125	0.0	0.0				0.0	0.0	0.0	0	0	0
AW01	3	20	10	0.0	null	none	1000	0.1	activation;suppression;delay;loss;redirection	30	20290986	family_wide_maxT_fwer	0.125	0.0	0.0				0.0	0.0	0.0	0	0	0
AW01	3	20	10	0.0	null	none	1000	0.1	activation;suppression;delay;loss;redirection	31	20291995	naive_selected_window_bh	0.125	0.0	0.0				0.0	0.0	0.0	0	0	0
AW01	3	20	10	0.0	null	none	1000	0.1	activation;suppression;delay;loss;redirection	31	20291995	per_event_max_window_bh	0.125	0.0	0.0				0.0	0.0	0.0	0	0	0
AW01	3	20	10	0.0	null	none	1000	0.1	activation;suppression;delay;loss;redirection	31	20291995	family_wide_maxT_fwer	0.125	0.0	0.0				0.0	0.0	0.0	0	0	0
AW01	3	20	10	0.0	null	none	1000	0.1	activation;suppression;delay;loss;redirection	32	20293004	naive_selected_window_bh	0.125	0.0	0.0				0.0	0.0	0.0	0	0	0
AW01	3	20	10	0.0	null	none	1000	0.1	activation;suppression;delay;loss;redirection	32	20293004	per_event_max_window_bh	0.125	0.0	0.0				0.0	0.0	0.0	0	0	0
AW01	3	20	10	0.0	null	none	1000	0.1	activation;suppression;delay;loss;redirection	32	20293004	family_wide_maxT_fwer	0.125	0.0	0.0				0.0	0.0	0.0	0	0	0
AW01	3	20	10	0.0	null	none	1000	0.1	activation;suppression;delay;loss;redirection	33	20294013	naive_selected_window_bh	0.125	0.0	0.0				0.0	0.0	0.0	0	0	0
AW01	3	20	10	0.0	null	none	1000	0.1	activation;suppression;delay;loss;redirection	33	20294013	per_event_max_window_bh	0.125	0.0	0.0				0.0	0.0	0.0	0	0	0
AW01	3	20	10	0.0	null	none	1000	0.1	activation;suppression;delay;loss;redirection	33	20294013	family_wide_maxT_fwer	0.125	0.0	0.0				0.0	0.0	0.0	0	0	0
AW01	3	20	10	0.0	null	none	1000	0.1	activation;suppression;delay;loss;redirection	34	20295022	naive_selected_window_bh	0.125	0.0	0.0				0.0	0.0	0.0	0	0	0
AW01	3	20	10	0.0	null	none	1000	0.1	activation;suppression;delay;loss;redirection	34	20295022	per_event_max_window_bh	0.125	0.0	0.0				0.0	0.0	0.0	0	0	0
AW01	3	20	10	0.0	null	none	1000	0.1	activation;suppression;delay;loss;redirection	34	20295022	family_wide_maxT_fwer	0.125	0.0	0.0				0.0	0.0	0.0	0	0	0
AW01	3	20	10	0.0	null	none	1000	0.1	activation;suppression;delay;loss;redirection	35	20296031	naive_selected_window_bh	0.125	0.0	0.0				0.0	0.0	0.0	0	0	0
AW01	3	20	10	0.0	null	none	1000	0.1	activation;suppression;delay;loss;redirection	35	20296031	per_event_max_window_bh	0.125	0.0	0.0				0.0	0.0	0.0	0	0	0
AW01	3	20	10	0.0	null	none	1000	0.1	activation;suppression;delay;loss;redirection	35	20296031	family_wide_maxT_fwer	0.125	0.0	0.0				0.0	0.0	0.0	0	0	0
AW01	3	20	10	0.0	null	none	1000	0.1	activation;suppression;delay;loss;redirection	36	20297040	naive_selected_window_bh	0.125	0.0	0.0				0.0	0.0	0.0	0	0	0
AW01	3	20	10	0.0	null	none	1000	0.1	activation;suppression;delay;loss;redirection	36	20297040	per_event_max_window_bh	0.125	0.0	0.0				0.0	0.0	0.0	0	0	0
AW01	3	20	10	0.0	null	none	1000	0.1	activation;suppression;delay;loss;redirection	36	20297040	family_wide_maxT_fwer	0.125	0.0	0.0				0.0	0.0	0.0	0	0	0
AW01	3	20	10	0.0	null	none	1000	0.1	activation;suppression;delay;loss;redirection	37	20298049	naive_selected_window_bh	0.125	0.0	0.0				0.0	0.0	0.0	0	0	0
AW01	3	20	10	0.0	null	none	1000	0.1	activation;suppression;delay;loss;redirection	37	20298049	per_event_max_window_bh	0.125	0.0	0.0				0.0	0.0	0.0	0	0	0
AW01	3	20	10	0.0	null	none	1000	0.1	activation;suppression;delay;loss;redirection	37	20298049	family_wide_maxT_fwer	0.125	0.0	0.0				0.0	0.0	0.0	0	0	0
AW01	3	20	10	0.0	null	none	1000	0.1	activation;suppression;delay;loss;redirection	38	20299058	naive_selected_window_bh	0.125	0.0	0.0				0.0	0.0	0.0	0	0	0
AW01	3	20	10	0.0	null	none	1000	0.1	activation;suppression;delay;loss;redirection	38	20299058	per_event_max_window_bh	0.125	0.0	0.0				0.0	0.0	0.0	0	0	0
AW01	3	20	10	0.0	null	none	1000	0.1	activation;suppression;delay;loss;redirection	38	20299058	family_wide_maxT_fwer	0.125	0.0	0.0				0.0	0.0	0.0	0	0	0
AW01	3	20	10	0.0	null	none	1000	0.1	activation;suppression;delay;loss;redirection	39	20300067	naive_selected_window_bh	0.125	0.0	0.0				0.0	0.0	0.0	0	0	0
AW01	3	20	10	0.0	null	none	1000	0.1	activation;suppression;delay;loss;redirection	39	20300067	per_event_max_window_bh	0.125	0.0	0.0				0.0	0.0	0.0	0	0	0
AW01	3	20	10	0.0	null	none	1000	0.1	activation;suppression;delay;loss;redirection	39	20300067	family_wide_maxT_fwer	0.125	0.0	0.0				0.0	0.0	0.0	0	0	0
AW01	3	20	10	0.0	null	none	1000	0.1	activation;suppression;delay;loss;redirection	40	20301076	naive_selected_window_bh	0.125	0.0	0.0				0.0	0.0	0.0	0	0	0
AW01	3	20	10	0.0	null	none	1000	0.1	activation;suppression;delay;loss;redirection	40	20301076	per_event_max_window_bh	0.125	0.0	0.0				0.0	0.0	0.0	0	0	0
AW01	3	20	10	0.0	null	none	1000	0.1	activation;suppression;delay;loss;redirection	40	20301076	family_wide_maxT_fwer	0.125	0.0	0.0				0.0	0.0	0.0	0	0	0
AW01	3	20	10	0.0	null	none	1000	0.1	activation;suppression;delay;loss;redirection	41	20302085	naive_selected_window_bh	0.125	0.0	0.0				0.0	0.0	0.0	0	0	0
AW01	3	20	10	0.0	null	none	1000	0.1	activation;suppression;delay;loss;redirection	41	20302085	per_event_max_window_bh	0.125	0.0	0.0				0.0	0.0	0.0	0	0	0
AW01	3	20	10	0.0	null	none	1000	0.1	activation;suppression;delay;loss;redirection	41	20302085	family_wide_maxT_fwer	0.125	0.0	0.0				0.0	0.0	0.0	0	0	0
AW01	3	20	10	0.0	null	none	1000	0.1	activation;suppression;delay;loss;redirection	42	20303094	naive_selected_window_bh	0.125	0.0	0.0				0.0	0.0	0.0	0	0	0
AW01	3	20	10	0.0	null	none	1000	0.1	activation;suppression;delay;loss;redirection	42	20303094	per_event_max_window_bh	0.125	0.0	0.0				0.0	0.0	0.0	0	0	0
AW01	3	20	10	0.0	null	none	1000	0.1	activation;suppression;delay;loss;redirection	42	20303094	family_wide_maxT_fwer	0.125	0.0	0.0				0.0	0.0	0.0	0	0	0
AW01	3	20	10	0.0	null	none	1000	0.1	activation;suppression;delay;loss;redirection	43	20304103	naive_selected_window_bh	0.125	0.0	0.0				0.0	0.0	0.0	0	0	0
AW01	3	20	10	0.0	null	none	1000	0.1	activation;suppression;delay;loss;redirection	43	20304103	per_event_max_window_bh	0.125	0.0	0.0				0.0	0.0	0.0	0	0	0
AW01	3	20	10	0.0	null	none	1000	0.1	activation;suppression;delay;loss;redirection	43	20304103	family_wide_maxT_fwer	0.125	0.0	0.0				0.0	0.0	0.0	0	0	0
AW01	3	20	10	0.0	null	none	1000	0.1	activation;suppression;delay;loss;redirection	44	20305112	naive_selected_window_bh	0.125	0.0	0.0				0.0	0.0	0.0	0	0	0
AW01	3	20	10	0.0	null	none	1000	0.1	activation;suppression;delay;loss;redirection	44	20305112	per_event_max_window_bh	0.125	0.0	0.0				0.0	0.0	0.0	0	0	0
AW01	3	20	10	0.0	null	none	1000	0.1	activation;suppression;delay;loss;redirection	44	20305112	family_wide_maxT_fwer	0.125	0.0	0.0				0.0	0.0	0.0	0	0	0
AW01	3	20	10	0.0	null	none	1000	0.1	activation;suppression;delay;loss;redirection	45	20306121	naive_selected_window_bh	0.125	0.0	0.0				0.0	0.0	0.0	0	0	0
AW01	3	20	10	0.0	null	none	1000	0.1	activation;suppression;delay;loss;redirection	45	20306121	per_event_max_window_bh	0.125	0.0	0.0				0.0	0.0	0.0	0	0	0
AW01	3	20	10	0.0	null	none	1000	0.1	activation;suppression;delay;loss;redirection	45	20306121	family_wide_maxT_fwer	0.125	0.0	0.0				0.0	0.0	0.0	0	0	0
AW01	3	20	10	0.0	null	none	1000	0.1	activation;suppression;delay;loss;redirection	46	20307130	naive_selected_window_bh	0.125	0.0	0.0				0.0	0.0	0.0	0	0	0
AW01	3	20	10	0.0	null	none	1000	0.1	activation;suppression;delay;loss;redirection	46	20307130	per_event_max_window_bh	0.125	0.0	0.0				0.0	0.0	0.0	0	0	0
AW01	3	20	10	0.0	null	none	1000	0.1	activation;suppression;delay;loss;redirection	46	20307130	family_wide_maxT_fwer	0.125	0.0	0.0				0.0	0.0	0.0	0	0	0
AW01	3	20	10	0.0	null	none	1000	0.1	activation;suppression;delay;loss;redirection	47	20308139	naive_selected_window_bh	0.125	0.0	0.0				0.0	0.0	0.0	0	0	0
AW01	3	20	10	0.0	null	none	1000	0.1	activation;suppression;delay;loss;redirection	47	20308139	per_event_max_window_bh	0.125	0.0	0.0				0.0	0.0	0.0	0	0	0
AW01	3	20	10	0.0	null	none	1000	0.1	activation;suppression;delay;loss;redirection	47	20308139	family_wide_maxT_fwer	0.125	0.0	0.0				0.0	0.0	0.0	0	0	0
AW01	3	20	10	0.0	null	none	1000	0.1	activation;suppression;delay;loss;redirection	48	20309148	naive_selected_window_bh	0.125	0.0	0.0				0.0	0.0	0.0	0	0	0
AW01	3	20	10	0.0	null	none	1000	0.1	activation;suppression;delay;loss;redirection	48	20309148	per_event_max_window_bh	0.125	0.0	0.0				0.0	0.0	0.0	0	0	0
AW01	3	20	10	0.0	null	none	1000	0.1	activation;suppression;delay;loss;redirection	48	20309148	family_wide_maxT_fwer	0.125	0.0	0.0				0.0	0.0	0.0	0	0	0
AW01	3	20	10	0.0	null	none	1000	0.1	activation;suppression;delay;loss;redirection	49	20310157	naive_selected_window_bh	0.125	0.0	0.0				0.0	0.0	0.0	0	0	0
AW01	3	20	10	0.0	null	none	1000	0.1	activation;suppression;delay;loss;redirection	49	20310157	per_event_max_window_bh	0.125	0.0	0.0				0.0	0.0	0.0	0	0	0
AW01	3	20	10	0.0	null	none	1000	0.1	activation;suppression;delay;loss;redirection	49	20310157	family_wide_maxT_fwer	0.125	0.0	0.0				0.0	0.0	0.0	0	0	0
AW01	3	20	10	0.0	null	none	1000	0.1	activation;suppression;delay;loss;redirection	50	20311166	naive_selected_window_bh	0.125	0.0	0.0				0.0	0.0	0.0	0	0	0
AW01	3	20	10	0.0	null	none	1000	0.1	activation;suppression;delay;loss;redirection	50	20311166	per_event_max_window_bh	0.125	0.0	0.0				0.0	0.0	0.0	0	0	0
AW01	3	20	10	0.0	null	none	1000	0.1	activation;suppression;delay;loss;redirection	50	20311166	family_wide_maxT_fwer	0.125	0.0	0.0				0.0	0.0	0.0	0	0	0
AW01	3	20	10	0.0	null	none	1000	0.1	activation;suppression;delay;loss;redirection	51	20312175	naive_selected_window_bh	0.125	0.0	0.0				0.0	0.0	0.0	0	0	0
AW01	3	20	10	0.0	null	none	1000	0.1	activation;suppression;delay;loss;redirection	51	20312175	per_event_max_window_bh	0.125	0.0	0.0				0.0	0.0	0.0	0	0	0
AW01	3	20	10	0.0	null	none	1000	0.1	activation;suppression;delay;loss;redirection	51	20312175	family_wide_maxT_fwer	0.125	0.0	0.0				0.0	0.0	0.0	0	0	0
AW01	3	20	10	0.0	null	none	1000	0.1	activation;suppression;delay;loss;redirection	52	20313184	naive_selected_window_bh	0.125	0.0	0.0				0.0	0.0	0.0	0	0	0
AW01	3	20	10	0.0	null	none	1000	0.1	activation;suppression;delay;loss;redirection	52	20313184	per_event_max_window_bh	0.125	0.0	0.0				0.0	0.0	0.0	0	0	0
AW01	3	20	10	0.0	null	none	1000	0.1	activation;suppression;delay;loss;redirection	52	20313184	family_wide_maxT_fwer	0.125	0.0	0.0				0.0	0.0	0.0	0	0	0
AW01	3	20	10	0.0	null	none	1000	0.1	activation;suppression;delay;loss;redirection	53	20314193	naive_selected_window_bh	0.125	0.0	0.0				0.0	0.0	0.0	0	0	0
AW01	3	20	10	0.0	null	none	1000	0.1	activation;suppression;delay;loss;redirection	53	20314193	per_event_max_window_bh	0.125	0.0	0.0				0.0	0.0	0.0	0	0	0
AW01	3	20	10	0.0	null	none	1000	0.1	activation;suppression;delay;loss;redirection	53	20314193	family_wide_maxT_fwer	0.125	0.0	0.0				0.0	0.0	0.0	0	0	0
AW01	3	20	10	0.0	null	none	1000	0.1	activation;suppression;delay;loss;redirection	54	20315202	naive_selected_window_bh	0.125	0.0	0.0				0.0	0.0	0.0	0	0	0
AW01	3	20	10	0.0	null	none	1000	0.1	activation;suppression;delay;loss;redirection	54	20315202	per_event_max_window_bh	0.125	0.0	0.0				0.0	0.0	0.0	0	0	0
AW01	3	20	10	0.0	null	none	1000	0.1	activation;suppression;delay;loss;redirection	54	20315202	family_wide_maxT_fwer	0.125	0.0	0.0				0.0	0.0	0.0	0	0	0
AW01	3	20	10	0.0	null	none	1000	0.1	activation;suppression;delay;loss;redirection	55	20316211	naive_selected_window_bh	0.125	0.0	0.0				0.0	0.0	0.0	0	0	0
AW01	3	20	10	0.0	null	none	1000	0.1	activation;suppression;delay;loss;redirection	55	20316211	per_event_max_window_bh	0.125	0.0	0.0				0.0	0.0	0.0	0	0	0
AW01	3	20	10	0.0	null	none	1000	0.1	activation;suppression;delay;loss;redirection	55	20316211	family_wide_maxT_fwer	0.125	0.0	0.0				0.0	0.0	0.0	0	0	0
AW01	3	20	10	0.0	null	none	1000	0.1	activation;suppression;delay;loss;redirection	56	20317220	naive_selected_window_bh	0.125	0.0	0.0				0.0	0.0	0.0	0	0	0
AW01	3	20	10	0.0	null	none	1000	0.1	activation;suppression;delay;loss;redirection	56	20317220	per_event_max_window_bh	0.125	0.0	0.0				0.0	0.0	0.0	0	0	0
AW01	3	20	10	0.0	null	none	1000	0.1	activation;suppression;delay;loss;redirection	56	20317220	family_wide_maxT_fwer	0.125	0.0	0.0				0.0	0.0	0.0	0	0	0
AW01	3	20	10	0.0	null	none	1000	0.1	activation;suppression;delay;loss;redirection	57	20318229	naive_selected_window_bh	0.125	0.0	0.0				0.0	0.0	0.0	0	0	0
AW01	3	20	10	0.0	null	none	1000	0.1	activation;suppression;delay;loss;redirection	57	20318229	per_event_max_window_bh	0.125	0.0	0.0				0.0	0.0	0.0	0	0	0
AW01	3	20	10	0.0	null	none	1000	0.1	activation;suppression;delay;loss;redirection	57	20318229	family_wide_maxT_fwer	0.125	0.0	0.0				0.0	0.0	0.0	0	0	0
AW01	3	20	10	0.0	null	none	1000	0.1	activation;suppression;delay;loss;redirection	58	20319238	naive_selected_window_bh	0.125	0.0	0.0				0.0	0.0	0.0	0	0	0
AW01	3	20	10	0.0	null	none	1000	0.1	activation;suppression;delay;loss;redirection	58	20319238	per_event_max_window_bh	0.125	0.0	0.0				0.0	0.0	0.0	0	0	0
AW01	3	20	10	0.0	null	none	1000	0.1	activation;suppression;delay;loss;redirection	58	20319238	family_wide_maxT_fwer	0.125	0.0	0.0				0.0	0.0	0.0	0	0	0
AW01	3	20	10	0.0	null	none	1000	0.1	activation;suppression;delay;loss;redirection	59	20320247	naive_selected_window_bh	0.125	0.0	0.0				0.0	0.0	0.0	0	0	0
AW01	3	20	10	0.0	null	none	1000	0.1	activation;suppression;delay;loss;redirection	59	20320247	per_event_max_window_bh	0.125	0.0	0.0				0.0	0.0	0.0	0	0	0
AW01	3	20	10	0.0	null	none	1000	0.1	activation;suppression;delay;loss;redirection	59	20320247	family_wide_maxT_fwer	0.125	0.0	0.0				0.0	0.0	0.0	0	0	0
AW01	3	20	10	0.0	null	none	1000	0.1	activation;suppression;delay;loss;redirection	60	20321256	naive_selected_window_bh	0.125	0.0	0.0				0.0	0.0	0.0	0	0	0
AW01	3	20	10	0.0	null	none	1000	0.1	activation;suppression;delay;loss;redirection	60	20321256	per_event_max_window_bh	0.125	0.0	0.0				0.0	0.0	0.0	0	0	0
AW01	3	20	10	0.0	null	none	1000	0.1	activation;suppression;delay;loss;redirection	60	20321256	family_wide_maxT_fwer	0.125	0.0	0.0				0.0	0.0	0.0	0	0	0
AW01	3	20	10	0.0	null	none	1000	0.1	activation;suppression;delay;loss;redirection	61	20322265	naive_selected_window_bh	0.125	0.0	0.0				0.0	0.0	0.0	0	0	0
AW01	3	20	10	0.0	null	none	1000	0.1	activation;suppression;delay;loss;redirection	61	20322265	per_event_max_window_bh	0.125	0.0	0.0				0.0	0.0	0.0	0	0	0
AW01	3	20	10	0.0	null	none	1000	0.1	activation;suppression;delay;loss;redirection	61	20322265	family_wide_maxT_fwer	0.125	0.0	0.0				0.0	0.0	0.0	0	0	0
AW01	3	20	10	0.0	null	none	1000	0.1	activation;suppression;delay;loss;redirection	62	20323274	naive_selected_window_bh	0.125	0.0	0.0				0.0	0.0	0.0	0	0	0
AW01	3	20	10	0.0	null	none	1000	0.1	activation;suppression;delay;loss;redirection	62	20323274	per_event_max_window_bh	0.125	0.0	0.0				0.0	0.0	0.0	0	0	0
AW01	3	20	10	0.0	null	none	1000	0.1	activation;suppression;delay;loss;redirection	62	20323274	family_wide_maxT_fwer	0.125	0.0	0.0				0.0	0.0	0.0	0	0	0
AW01	3	20	10	0.0	null	none	1000	0.1	activation;suppression;delay;loss;redirection	63	20324283	naive_selected_window_bh	0.125	0.0	0.0				0.0	0.0	0.0	0	0	0
AW01	3	20	10	0.0	null	none	1000	0.1	activation;suppression;delay;loss;redirection	63	20324283	per_event_max_window_bh	0.125	0.0	0.0				0.0	0.0	0.0	0	0	0
AW01	3	20	10	0.0	null	none	1000	0.1	activation;suppression;delay;loss;redirection	63	20324283	family_wide_maxT_fwer	0.125	0.0	0.0				0.0	0.0	0.0	0	0	0
AW01	3	20	10	0.0	null	none	1000	0.1	activation;suppression;delay;loss;redirection	64	20325292	naive_selected_window_bh	0.125	0.0	0.0				0.0	0.0	0.0	0	0	0
AW01	3	20	10	0.0	null	none	1000	0.1	activation;suppression;delay;loss;redirection	64	20325292	per_event_max_window_bh	0.125	0.0	0.0				0.0	0.0	0.0	0	0	0
AW01	3	20	10	0.0	null	none	1000	0.1	activation;suppression;delay;loss;redirection	64	20325292	family_wide_maxT_fwer	0.125	0.0	0.0				0.0	0.0	0.0	0	0	0
AW01	3	20	10	0.0	null	none	1000	0.1	activation;suppression;delay;loss;redirection	65	20326301	naive_selected_window_bh	0.125	0.0	0.0				0.0	0.0	0.0	0	0	0
AW01	3	20	10	0.0	null	none	1000	0.1	activation;suppression;delay;loss;redirection	65	20326301	per_event_max_window_bh	0.125	0.0	0.0				0.0	0.0	0.0	0	0	0
AW01	3	20	10	0.0	null	none	1000	0.1	activation;suppression;delay;loss;redirection	65	20326301	family_wide_maxT_fwer	0.125	0.0	0.0				0.0	0.0	0.0	0	0	0
AW01	3	20	10	0.0	null	none	1000	0.1	activation;suppression;delay;loss;redirection	66	20327310	naive_selected_window_bh	0.125	0.0	0.0				0.0	0.0	0.0	0	0	0
AW01	3	20	10	0.0	null	none	1000	0.1	activation;suppression;delay;loss;redirection	66	20327310	per_event_max_window_bh	0.125	0.0	0.0				0.0	0.0	0.0	0	0	0
AW01	3	20	10	0.0	null	none	1000	0.1	activation;suppression;delay;loss;redirection	66	20327310	family_wide_maxT_fwer	0.125	0.0	0.0				0.0	0.0	0.0	0	0	0
AW01	3	20	10	0.0	null	none	1000	0.1	activation;suppression;delay;loss;redirection	67	20328319	naive_selected_window_bh	0.125	0.0	0.0				0.0	0.0	0.0	0	0	0
AW01	3	20	10	0.0	null	none	1000	0.1	activation;suppression;delay;loss;redirection	67	20328319	per_event_max_window_bh	0.125	0.0	0.0				0.0	0.0	0.0	0	0	0
AW01	3	20	10	0.0	null	none	1000	0.1	activation;suppression;delay;loss;redirection	67	20328319	family_wide_maxT_fwer	0.125	0.0	0.0				0.0	0.0	0.0	0	0	0
AW01	3	20	10	0.0	null	none	1000	0.1	activation;suppression;delay;loss;redirection	68	20329328	naive_selected_window_bh	0.125	0.0	0.0				0.0	0.0	0.0	0	0	0
AW01	3	20	10	0.0	null	none	1000	0.1	activation;suppression;delay;loss;redirection	68	20329328	per_event_max_window_bh	0.125	0.0	0.0				0.0	0.0	0.0	0	0	0
AW01	3	20	10	0.0	null	none	1000	0.1	activation;suppression;delay;loss;redirection	68	20329328	family_wide_maxT_fwer	0.125	0.0	0.0				0.0	0.0	0.0	0	0	0
AW01	3	20	10	0.0	null	none	1000	0.1	activation;suppression;delay;loss;redirection	69	20330337	naive_selected_window_bh	0.125	0.0	0.0				0.0	0.0	0.0	0	0	0
AW01	3	20	10	0.0	null	none	1000	0.1	activation;suppression;delay;loss;redirection	69	20330337	per_event_max_window_bh	0.125	0.0	0.0				0.0	0.0	0.0	0	0	0
AW01	3	20	10	0.0	null	none	1000	0.1	activation;suppression;delay;loss;redirection	69	20330337	family_wide_maxT_fwer	0.125	0.0	0.0				0.0	0.0	0.0	0	0	0
AW01	3	20	10	0.0	null	none	1000	0.1	activation;suppression;delay;loss;redirection	70	20331346	naive_selected_window_bh	0.125	0.0	0.0				0.0	0.0	0.0	0	0	0
AW01	3	20	10	0.0	null	none	1000	0.1	activation;suppression;delay;loss;redirection	70	20331346	per_event_max_window_bh	0.125	0.0	0.0				0.0	0.0	0.0	0	0	0
AW01	3	20	10	0.0	null	none	1000	0.1	activation;suppression;delay;loss;redirection	70	20331346	family_wide_maxT_fwer	0.125	0.0	0.0				0.0	0.0	0.0	0	0	0
AW01	3	20	10	0.0	null	none	1000	0.1	activation;suppression;delay;loss;redirection	71	20332355	naive_selected_window_bh	0.125	0.0	0.0				0.0	0.0	0.0	0	0	0
AW01	3	20	10	0.0	null	none	1000	0.1	activation;suppression;delay;loss;redirection	71	20332355	per_event_max_window_bh	0.125	0.0	0.0				0.0	0.0	0.0	0	0	0
AW01	3	20	10	0.0	null	none	1000	0.1	activation;suppression;delay;loss;redirection	71	20332355	family_wide_maxT_fwer	0.125	0.0	0.0				0.0	0.0	0.0	0	0	0
AW01	3	20	10	0.0	null	none	1000	0.1	activation;suppression;delay;loss;redirection	72	20333364	naive_selected_window_bh	0.125	0.0	0.0				0.0	0.0	0.0	0	0	0
AW01	3	20	10	0.0	null	none	1000	0.1	activation;suppression;delay;loss;redirection	72	20333364	per_event_max_window_bh	0.125	0.0	0.0				0.0	0.0	0.0	0	0	0
AW01	3	20	10	0.0	null	none	1000	0.1	activation;suppression;delay;loss;redirection	72	20333364	family_wide_maxT_fwer	0.125	0.0	0.0				0.0	0.0	0.0	0	0	0
AW01	3	20	10	0.0	null	none	1000	0.1	activation;suppression;delay;loss;redirection	73	20334373	naive_selected_window_bh	0.125	0.0	0.0				0.0	0.0	0.0	0	0	0
AW01	3	20	10	0.0	null	none	1000	0.1	activation;suppression;delay;loss;redirection	73	20334373	per_event_max_window_bh	0.125	0.0	0.0				0.0	0.0	0.0	0	0	0
AW01	3	20	10	0.0	null	none	1000	0.1	activation;suppression;delay;loss;redirection	73	20334373	family_wide_maxT_fwer	0.125	0.0	0.0				0.0	0.0	0.0	0	0	0
AW01	3	20	10	0.0	null	none	1000	0.1	activation;suppression;delay;loss;redirection	74	20335382	naive_selected_window_bh	0.125	0.0	0.0				0.0	0.0	0.0	0	0	0
AW01	3	20	10	0.0	null	none	1000	0.1	activation;suppression;delay;loss;redirection	74	20335382	per_event_max_window_bh	0.125	0.0	0.0				0.0	0.0	0.0	0	0	0
AW01	3	20	10	0.0	null	none	1000	0.1	activation;suppression;delay;loss;redirection	74	20335382	family_wide_maxT_fwer	0.125	0.0	0.0				0.0	0.0	0.0	0	0	0
AW01	3	20	10	0.0	null	none	1000	0.1	activation;suppression;delay;loss;redirection	75	20336391	naive_selected_window_bh	0.125	0.0	0.0				0.0	0.0	0.0	0	0	0
AW01	3	20	10	0.0	null	none	1000	0.1	activation;suppression;delay;loss;redirection	75	20336391	per_event_max_window_bh	0.125	0.0	0.0				0.0	0.0	0.0	0	0	0
AW01	3	20	10	0.0	null	none	1000	0.1	activation;suppression;delay;loss;redirection	75	20336391	family_wide_maxT_fwer	0.125	0.0	0.0				0.0	0.0	0.0	0	0	0
AW01	3	20	10	0.0	null	none	1000	0.1	activation;suppression;delay;loss;redirection	76	20337400	naive_selected_window_bh	0.125	0.0	0.0				0.0	0.0	0.0	0	0	0
AW01	3	20	10	0.0	null	none	1000	0.1	activation;suppression;delay;loss;redirection	76	20337400	per_event_max_window_bh	0.125	0.0	0.0				0.0	0.0	0.0	0	0	0
AW01	3	20	10	0.0	null	none	1000	0.1	activation;suppression;delay;loss;redirection	76	20337400	family_wide_maxT_fwer	0.125	0.0	0.0				0.0	0.0	0.0	0	0	0
AW01	3	20	10	0.0	null	none	1000	0.1	activation;suppression;delay;loss;redirection	77	20338409	naive_selected_window_bh	0.125	0.0	0.0				0.0	0.0	0.0	0	0	0
AW01	3	20	10	0.0	null	none	1000	0.1	activation;suppression;delay;loss;redirection	77	20338409	per_event_max_window_bh	0.125	0.0	0.0				0.0	0.0	0.0	0	0	0
AW01	3	20	10	0.0	null	none	1000	0.1	activation;suppression;delay;loss;redirection	77	20338409	family_wide_maxT_fwer	0.125	0.0	0.0				0.0	0.0	0.0	0	0	0
AW01	3	20	10	0.0	null	none	1000	0.1	activation;suppression;delay;loss;redirection	78	20339418	naive_selected_window_bh	0.125	0.0	0.0				0.0	0.0	0.0	0	0	0
AW01	3	20	10	0.0	null	none	1000	0.1	activation;suppression;delay;loss;redirection	78	20339418	per_event_max_window_bh	0.125	0.0	0.0				0.0	0.0	0.0	0	0	0
AW01	3	20	10	0.0	null	none	1000	0.1	activation;suppression;delay;loss;redirection	78	20339418	family_wide_maxT_fwer	0.125	0.0	0.0				0.0	0.0	0.0	0	0	0
AW01	3	20	10	0.0	null	none	1000	0.1	activation;suppression;delay;loss;redirection	79	20340427	naive_selected_window_bh	0.125	0.0	0.0				0.0	0.0	0.0	0	0	0
AW01	3	20	10	0.0	null	none	1000	0.1	activation;suppression;delay;loss;redirection	79	20340427	per_event_max_window_bh	0.125	0.0	0.0				0.0	0.0	0.0	0	0	0
AW01	3	20	10	0.0	null	none	1000	0.1	activation;suppression;delay;loss;redirection	79	20340427	family_wide_maxT_fwer	0.125	0.0	0.0				0.0	0.0	0.0	0	0	0
AW01	3	20	10	0.0	null	none	1000	0.1	activation;suppression;delay;loss;redirection	80	20341436	naive_selected_window_bh	0.125	0.0	0.0				0.0	0.0	0.0	0	0	0
AW01	3	20	10	0.0	null	none	1000	0.1	activation;suppression;delay;loss;redirection	80	20341436	per_event_max_window_bh	0.125	0.0	0.0				0.0	0.0	0.0	0	0	0
AW01	3	20	10	0.0	null	none	1000	0.1	activation;suppression;delay;loss;redirection	80	20341436	family_wide_maxT_fwer	0.125	0.0	0.0				0.0	0.0	0.0	0	0	0
AW01	3	20	10	0.0	null	none	1000	0.1	activation;suppression;delay;loss;redirection	81	20342445	naive_selected_window_bh	0.125	0.0	0.0				0.0	0.0	0.0	0	0	0
AW01	3	20	10	0.0	null	none	1000	0.1	activation;suppression;delay;loss;redirection	81	20342445	per_event_max_window_bh	0.125	0.0	0.0				0.0	0.0	0.0	0	0	0
AW01	3	20	10	0.0	null	none	1000	0.1	activation;suppression;delay;loss;redirection	81	20342445	family_wide_maxT_fwer	0.125	0.0	0.0				0.0	0.0	0.0	0	0	0
AW01	3	20	10	0.0	null	none	1000	0.1	activation;suppression;delay;loss;redirection	82	20343454	naive_selected_window_bh	0.125	0.0	0.0				0.0	0.0	0.0	0	0	0
AW01	3	20	10	0.0	null	none	1000	0.1	activation;suppression;delay;loss;redirection	82	20343454	per_event_max_window_bh	0.125	0.0	0.0				0.0	0.0	0.0	0	0	0
AW01	3	20	10	0.0	null	none	1000	0.1	activation;suppression;delay;loss;redirection	82	20343454	family_wide_maxT_fwer	0.125	0.0	0.0				0.0	0.0	0.0	0	0	0
AW01	3	20	10	0.0	null	none	1000	0.1	activation;suppression;delay;loss;redirection	83	20344463	naive_selected_window_bh	0.125	0.0	0.0				0.0	0.0	0.0	0	0	0
AW01	3	20	10	0.0	null	none	1000	0.1	activation;suppression;delay;loss;redirection	83	20344463	per_event_max_window_bh	0.125	0.0	0.0				0.0	0.0	0.0	0	0	0
AW01	3	20	10	0.0	null	none	1000	0.1	activation;suppression;delay;loss;redirection	83	20344463	family_wide_maxT_fwer	0.125	0.0	0.0				0.0	0.0	0.0	0	0	0
AW01	3	20	10	0.0	null	none	1000	0.1	activation;suppression;delay;loss;redirection	84	20345472	naive_selected_window_bh	0.125	0.0	0.0				0.0	0.0	0.0	0	0	0
AW01	3	20	10	0.0	null	none	1000	0.1	activation;suppression;delay;loss;redirection	84	20345472	per_event_max_window_bh	0.125	0.0	0.0				0.0	0.0	0.0	0	0	0
AW01	3	20	10	0.0	null	none	1000	0.1	activation;suppression;delay;loss;redirection	84	20345472	family_wide_maxT_fwer	0.125	0.0	0.0				0.0	0.0	0.0	0	0	0
AW01	3	20	10	0.0	null	none	1000	0.1	activation;suppression;delay;loss;redirection	85	20346481	naive_selected_window_bh	0.125	0.0	0.0				0.0	0.0	0.0	0	0	0
AW01	3	20	10	0.0	null	none	1000	0.1	activation;suppression;delay;loss;redirection	85	20346481	per_event_max_window_bh	0.125	0.0	0.0				0.0	0.0	0.0	0	0	0
AW01	3	20	10	0.0	null	none	1000	0.1	activation;suppression;delay;loss;redirection	85	20346481	family_wide_maxT_fwer	0.125	0.0	0.0				0.0	0.0	0.0	0	0	0
AW01	3	20	10	0.0	null	none	1000	0.1	activation;suppression;delay;loss;redirection	86	20347490	naive_selected_window_bh	0.125	0.0	0.0				0.0	0.0	0.0	0	0	0
AW01	3	20	10	0.0	null	none	1000	0.1	activation;suppression;delay;loss;redirection	86	20347490	per_event_max_window_bh	0.125	0.0	0.0				0.0	0.0	0.0	0	0	0
AW01	3	20	10	0.0	null	none	1000	0.1	activation;suppression;delay;loss;redirection	86	20347490	family_wide_maxT_fwer	0.125	0.0	0.0				0.0	0.0	0.0	0	0	0
AW01	3	20	10	0.0	null	none	1000	0.1	activation;suppression;delay;loss;redirection	87	20348499	naive_selected_window_bh	0.125	0.0	0.0				0.0	0.0	0.0	0	0	0
AW01	3	20	10	0.0	null	none	1000	0.1	activation;suppression;delay;loss;redirection	87	20348499	per_event_max_window_bh	0.125	0.0	0.0				0.0	0.0	0.0	0	0	0
AW01	3	20	10	0.0	null	none	1000	0.1	activation;suppression;delay;loss;redirection	87	20348499	family_wide_maxT_fwer	0.125	0.0	0.0				0.0	0.0	0.0	0	0	0
AW01	3	20	10	0.0	null	none	1000	0.1	activation;suppression;delay;loss;redirection	88	20349508	naive_selected_window_bh	0.125	0.0	0.0				0.0	0.0	0.0	0	0	0
AW01	3	20	10	0.0	null	none	1000	0.1	activation;suppression;delay;loss;redirection	88	20349508	per_event_max_window_bh	0.125	0.0	0.0				0.0	0.0	0.0	0	0	0
AW01	3	20	10	0.0	null	none	1000	0.1	activation;suppression;delay;loss;redirection	88	20349508	family_wide_maxT_fwer	0.125	0.0	0.0				0.0	0.0	0.0	0	0	0
AW01	3	20	10	0.0	null	none	1000	0.1	activation;suppression;delay;loss;redirection	89	20350517	naive_selected_window_bh	0.125	0.0	0.0				0.0	0.0	0.0	0	0	0
AW01	3	20	10	0.0	null	none	1000	0.1	activation;suppression;delay;loss;redirection	89	20350517	per_event_max_window_bh	0.125	0.0	0.0				0.0	0.0	0.0	0	0	0
AW01	3	20	10	0.0	null	none	1000	0.1	activation;suppression;delay;loss;redirection	89	20350517	family_wide_maxT_fwer	0.125	0.0	0.0				0.0	0.0	0.0	0	0	0
AW01	3	20	10	0.0	null	none	1000	0.1	activation;suppression;delay;loss;redirection	90	20351526	naive_selected_window_bh	0.125	0.0	0.0				0.0	0.0	0.0	0	0	0
AW01	3	20	10	0.0	null	none	1000	0.1	activation;suppression;delay;loss;redirection	90	20351526	per_event_max_window_bh	0.125	0.0	0.0				0.0	0.0	0.0	0	0	0
AW01	3	20	10	0.0	null	none	1000	0.1	activation;suppression;delay;loss;redirection	90	20351526	family_wide_maxT_fwer	0.125	0.0	0.0				0.0	0.0	0.0	0	0	0
AW01	3	20	10	0.0	null	none	1000	0.1	activation;suppression;delay;loss;redirection	91	20352535	naive_selected_window_bh	0.125	0.0	0.0				0.0	0.0	0.0	0	0	0
AW01	3	20	10	0.0	null	none	1000	0.1	activation;suppression;delay;loss;redirection	91	20352535	per_event_max_window_bh	0.125	0.0	0.0				0.0	0.0	0.0	0	0	0
AW01	3	20	10	0.0	null	none	1000	0.1	activation;suppression;delay;loss;redirection	91	20352535	family_wide_maxT_fwer	0.125	0.0	0.0				0.0	0.0	0.0	0	0	0
AW01	3	20	10	0.0	null	none	1000	0.1	activation;suppression;delay;loss;redirection	92	20353544	naive_selected_window_bh	0.125	0.0	0.0				0.0	0.0	0.0	0	0	0
AW01	3	20	10	0.0	null	none	1000	0.1	activation;suppression;delay;loss;redirection	92	20353544	per_event_max_window_bh	0.125	0.0	0.0				0.0	0.0	0.0	0	0	0
AW01	3	20	10	0.0	null	none	1000	0.1	activation;suppression;delay;loss;redirection	92	20353544	family_wide_maxT_fwer	0.125	0.0	0.0				0.0	0.0	0.0	0	0	0
AW01	3	20	10	0.0	null	none	1000	0.1	activation;suppression;delay;loss;redirection	93	20354553	naive_selected_window_bh	0.125	0.0	0.0				0.0	0.0	0.0	0	0	0
AW01	3	20	10	0.0	null	none	1000	0.1	activation;suppression;delay;loss;redirection	93	20354553	per_event_max_window_bh	0.125	0.0	0.0				0.0	0.0	0.0	0	0	0
AW01	3	20	10	0.0	null	none	1000	0.1	activation;suppression;delay;loss;redirection	93	20354553	family_wide_maxT_fwer	0.125	0.0	0.0				0.0	0.0	0.0	0	0	0
AW01	3	20	10	0.0	null	none	1000	0.1	activation;suppression;delay;loss;redirection	94	20355562	naive_selected_window_bh	0.125	0.0	0.0				0.0	0.0	0.0	0	0	0
AW01	3	20	10	0.0	null	none	1000	0.1	activation;suppression;delay;loss;redirection	94	20355562	per_event_max_window_bh	0.125	0.0	0.0				0.0	0.0	0.0	0	0	0
AW01	3	20	10	0.0	null	none	1000	0.1	activation;suppression;delay;loss;redirection	94	20355562	family_wide_maxT_fwer	0.125	0.0	0.0				0.0	0.0	0.0	0	0	0
AW01	3	20	10	0.0	null	none	1000	0.1	activation;suppression;delay;loss;redirection	95	20356571	naive_selected_window_bh	0.125	0.0	0.0				0.0	0.0	0.0	0	0	0
AW01	3	20	10	0.0	null	none	1000	0.1	activation;suppression;delay;loss;redirection	95	20356571	per_event_max_window_bh	0.125	0.0	0.0				0.0	0.0	0.0	0	0	0
AW01	3	20	10	0.0	null	none	1000	0.1	activation;suppression;delay;loss;redirection	95	20356571	family_wide_maxT_fwer	0.125	0.0	0.0				0.0	0.0	0.0	0	0	0
AW01	3	20	10	0.0	null	none	1000	0.1	activation;suppression;delay;loss;redirection	96	20357580	naive_selected_window_bh	0.125	0.0	0.0				0.0	0.0	0.0	0	0	0
AW01	3	20	10	0.0	null	none	1000	0.1	activation;suppression;delay;loss;redirection	96	20357580	per_event_max_window_bh	0.125	0.0	0.0				0.0	0.0	0.0	0	0	0
AW01	3	20	10	0.0	null	none	1000	0.1	activation;suppression;delay;loss;redirection	96	20357580	family_wide_maxT_fwer	0.125	0.0	0.0				0.0	0.0	0.0	0	0	0
AW01	3	20	10	0.0	null	none	1000	0.1	activation;suppression;delay;loss;redirection	97	20358589	naive_selected_window_bh	0.125	0.0	0.0				0.0	0.0	0.0	0	0	0
AW01	3	20	10	0.0	null	none	1000	0.1	activation;suppression;delay;loss;redirection	97	20358589	per_event_max_window_bh	0.125	0.0	0.0				0.0	0.0	0.0	0	0	0
AW01	3	20	10	0.0	null	none	1000	0.1	activation;suppression;delay;loss;redirection	97	20358589	family_wide_maxT_fwer	0.125	0.0	0.0				0.0	0.0	0.0	0	0	0
AW01	3	20	10	0.0	null	none	1000	0.1	activation;suppression;delay;loss;redirection	98	20359598	naive_selected_window_bh	0.125	0.0	0.0				0.0	0.0	0.0	0	0	0
AW01	3	20	10	0.0	null	none	1000	0.1	activation;suppression;delay;loss;redirection	98	20359598	per_event_max_window_bh	0.125	0.0	0.0				0.0	0.0	0.0	0	0	0
AW01	3	20	10	0.0	null	none	1000	0.1	activation;suppression;delay;loss;redirection	98	20359598	family_wide_maxT_fwer	0.125	0.0	0.0				0.0	0.0	0.0	0	0	0
AW01	3	20	10	0.0	null	none	1000	0.1	activation;suppression;delay;loss;redirection	99	20360607	naive_selected_window_bh	0.125	0.0	0.0				0.0	0.0	0.0	0	0	0
AW01	3	20	10	0.0	null	none	1000	0.1	activation;suppression;delay;loss;redirection	99	20360607	per_event_max_window_bh	0.125	0.0	0.0				0.0	0.0	0.0	0	0	0
AW01	3	20	10	0.0	null	none	1000	0.1	activation;suppression;delay;loss;redirection	99	20360607	family_wide_maxT_fwer	0.125	0.0	0.0				0.0	0.0	0.0	0	0	0
AW02	5	20	10	0.7	weak	none	1000	0.1	activation;suppression;delay;loss;redirection	0	20360719	naive_selected_window_bh	0.03125	0.0	0.0	0.0			0.0	0.25	0.0	0	0	0
AW02	5	20	10	0.7	weak	none	1000	0.1	activation;suppression;delay;loss;redirection	0	20360719	per_event_max_window_bh	0.03125	0.0	0.0	0.0			0.0	0.25	0.0	0	0	0
AW02	5	20	10	0.7	weak	none	1000	0.1	activation;suppression;delay;loss;redirection	0	20360719	family_wide_maxT_fwer	0.03125	0.0	0.0	0.0			0.0	0.25	0.0	0	0	0
AW02	5	20	10	0.7	weak	none	1000	0.1	activation;suppression;delay;loss;redirection	1	20361728	naive_selected_window_bh	0.03125	0.0	0.0	0.0			0.0	0.25	0.0	0	0	0
AW02	5	20	10	0.7	weak	none	1000	0.1	activation;suppression;delay;loss;redirection	1	20361728	per_event_max_window_bh	0.03125	0.0	0.0	0.0			0.0	0.25	0.0	0	0	0
AW02	5	20	10	0.7	weak	none	1000	0.1	activation;suppression;delay;loss;redirection	1	20361728	family_wide_maxT_fwer	0.03125	0.0	0.0	0.0			0.0	0.25	0.0	0	0	0
AW02	5	20	10	0.7	weak	none	1000	0.1	activation;suppression;delay;loss;redirection	2	20362737	naive_selected_window_bh	0.03125	0.0	0.0	0.0			0.0	0.25	0.0	0	0	0
AW02	5	20	10	0.7	weak	none	1000	0.1	activation;suppression;delay;loss;redirection	2	20362737	per_event_max_window_bh	0.03125	0.0	0.0	0.0			0.0	0.25	0.0	0	0	0
AW02	5	20	10	0.7	weak	none	1000	0.1	activation;suppression;delay;loss;redirection	2	20362737	family_wide_maxT_fwer	0.03125	0.0	0.0	0.2	0.1694915254237288	0.0	0.05	0.2	0.05	1	0	1
AW02	5	20	10	0.7	weak	none	1000	0.1	activation;suppression;delay;loss;redirection	3	20363746	naive_selected_window_bh	0.03125	0.6666666666666666	1.0	1.0	0.42711864406779654	0.0576271186440678	0.75	0.0	0.75	15	10	5
AW02	5	20	10	0.7	weak	none	1000	0.1	activation;suppression;delay;loss;redirection	3	20363746	per_event_max_window_bh	0.03125	0.0	0.0	0.0			0.0	0.25	0.0	0	0	0
AW02	5	20	10	0.7	weak	none	1000	0.1	activation;suppression;delay;loss;redirection	3	20363746	family_wide_maxT_fwer	0.03125	0.0	0.0	0.4	0.5423728813559322	0.0847457627118644	0.1	0.15	0.1	2	0	2
AW02	5	20	10	0.7	weak	none	1000	0.1	activation;suppression;delay;loss;redirection	4	20364755	naive_selected_window_bh	0.03125	0.0	0.0	0.0			0.0	0.25	0.0	0	0	0
AW02	5	20	10	0.7	weak	none	1000	0.1	activation;suppression;delay;loss;redirection	4	20364755	per_event_max_window_bh	0.03125	0.0	0.0	0.0			0.0	0.25	0.0	0	0	0
AW02	5	20	10	0.7	weak	none	1000	0.1	activation;suppression;delay;loss;redirection	4	20364755	family_wide_maxT_fwer	0.03125	0.0	0.0	0.4	0.4067796610169491	0.22033898305084748	0.1	0.15	0.1	2	0	2
AW02	5	20	10	0.7	weak	none	1000	0.1	activation;suppression;delay;loss;redirection	5	20365764	naive_selected_window_bh	0.03125	0.0	0.0	0.0			0.0	0.25	0.0	0	0	0
AW02	5	20	10	0.7	weak	none	1000	0.1	activation;suppression;delay;loss;redirection	5	20365764	per_event_max_window_bh	0.03125	0.0	0.0	0.0			0.0	0.25	0.0	0	0	0
AW02	5	20	10	0.7	weak	none	1000	0.1	activation;suppression;delay;loss;redirection	5	20365764	family_wide_maxT_fwer	0.03125	0.0	0.0	0.0			0.0	0.25	0.0	0	0	0
AW02	5	20	10	0.7	weak	none	1000	0.1	activation;suppression;delay;loss;redirection	6	20366773	naive_selected_window_bh	0.03125	0.5454545454545454	1.0	1.0	0.24406779661016947	0.2406779661016949	0.55	0.0	0.55	11	6	5
AW02	5	20	10	0.7	weak	none	1000	0.1	activation;suppression;delay;loss;redirection	6	20366773	per_event_max_window_bh	0.03125	0.0	0.0	0.0			0.0	0.25	0.0	0	0	0
AW02	5	20	10	0.7	weak	none	1000	0.1	activation;suppression;delay;loss;redirection	6	20366773	family_wide_maxT_fwer	0.03125	1.0	1.0	0.0			0.05	0.25	0.05	1	1	0
AW02	5	20	10	0.7	weak	none	1000	0.1	activation;suppression;delay;loss;redirection	7	20367782	naive_selected_window_bh	0.03125	0.0	0.0	0.0			0.0	0.25	0.0	0	0	0
AW02	5	20	10	0.7	weak	none	1000	0.1	activation;suppression;delay;loss;redirection	7	20367782	per_event_max_window_bh	0.03125	0.0	0.0	0.0			0.0	0.25	0.0	0	0	0
AW02	5	20	10	0.7	weak	none	1000	0.1	activation;suppression;delay;loss;redirection	7	20367782	family_wide_maxT_fwer	0.03125	0.0	0.0	0.0			0.0	0.25	0.0	0	0	0
AW02	5	20	10	0.7	weak	none	1000	0.1	activation;suppression;delay;loss;redirection	8	20368791	naive_selected_window_bh	0.03125	0.0	0.0	0.0			0.0	0.25	0.0	0	0	0
AW02	5	20	10	0.7	weak	none	1000	0.1	activation;suppression;delay;loss;redirection	8	20368791	per_event_max_window_bh	0.03125	0.0	0.0	0.0			0.0	0.25	0.0	0	0	0
AW02	5	20	10	0.7	weak	none	1000	0.1	activation;suppression;delay;loss;redirection	8	20368791	family_wide_maxT_fwer	0.03125	1.0	1.0	0.0			0.05	0.25	0.05	1	1	0
AW02	5	20	10	0.7	weak	none	1000	0.1	activation;suppression;delay;loss;redirection	9	20369800	naive_selected_window_bh	0.03125	0.6428571428571429	1.0	1.0	0.33559322033898303	0.2983050847457628	0.7	0.0	0.7	14	9	5
AW02	5	20	10	0.7	weak	none	1000	0.1	activation;suppression;delay;loss;redirection	9	20369800	per_event_max_window_bh	0.03125	0.0	0.0	0.0			0.0	0.25	0.0	0	0	0
AW02	5	20	10	0.7	weak	none	1000	0.1	activation;suppression;delay;loss;redirection	9	20369800	family_wide_maxT_fwer	0.03125	0.0	0.0	0.0			0.0	0.25	0.0	0	0	0
AW02	5	20	10	0.7	weak	none	1000	0.1	activation;suppression;delay;loss;redirection	10	20370809	naive_selected_window_bh	0.03125	0.0	0.0	0.0			0.0	0.25	0.0	0	0	0
AW02	5	20	10	0.7	weak	none	1000	0.1	activation;suppression;delay;loss;redirection	10	20370809	per_event_max_window_bh	0.03125	0.0	0.0	0.0			0.0	0.25	0.0	0	0	0
AW02	5	20	10	0.7	weak	none	1000	0.1	activation;suppression;delay;loss;redirection	10	20370809	family_wide_maxT_fwer	0.03125	0.0	0.0	0.0			0.0	0.25	0.0	0	0	0
AW02	5	20	10	0.7	weak	none	1000	0.1	activation;suppression;delay;loss;redirection	11	20371818	naive_selected_window_bh	0.03125	0.0	0.0	0.0			0.0	0.25	0.0	0	0	0
AW02	5	20	10	0.7	weak	none	1000	0.1	activation;suppression;delay;loss;redirection	11	20371818	per_event_max_window_bh	0.03125	0.0	0.0	0.0			0.0	0.25	0.0	0	0	0
AW02	5	20	10	0.7	weak	none	1000	0.1	activation;suppression;delay;loss;redirection	11	20371818	family_wide_maxT_fwer	0.03125	0.0	0.0	0.0			0.0	0.25	0.0	0	0	0
AW03	10	20	10	0.3	moderate	composition	1000	0.1	activation;suppression;delay;loss;redirection	0	20460722	naive_selected_window_bh	0.0009765625	0.6666666666666666	1.0	1.0	0.2644067796610169	0.20677966101694917	0.4	0.0	0.65	15	10	5
AW03	10	20	10	0.3	moderate	composition	1000	0.1	activation;suppression;delay;loss;redirection	0	20460722	per_event_max_window_bh	0.0009765625	0.2857142857142857	1.0	1.0	0.2644067796610169	0.20677966101694917	0.0	0.0	0.25	7	2	5
AW03	10	20	10	0.3	moderate	composition	1000	0.1	activation;suppression;delay;loss;redirection	0	20460722	family_wide_maxT_fwer	0.0009765625	0.2857142857142857	1.0	1.0	0.2644067796610169	0.20677966101694917	0.0	0.0	0.25	7	2	5
AW03	10	20	10	0.3	moderate	composition	1000	0.1	activation;suppression;delay;loss;redirection	1	20461731	naive_selected_window_bh	0.0009765625	0.5833333333333334	1.0	1.0	0.223728813559322	0.26101694915254237	0.25	0.0	0.5	12	7	5
AW03	10	20	10	0.3	moderate	composition	1000	0.1	activation;suppression;delay;loss;redirection	1	20461731	per_event_max_window_bh	0.0009765625	0.2857142857142857	1.0	1.0	0.223728813559322	0.26101694915254237	0.0	0.0	0.25	7	2	5
AW03	10	20	10	0.3	moderate	composition	1000	0.1	activation;suppression;delay;loss;redirection	1	20461731	family_wide_maxT_fwer	0.0009765625	0.2857142857142857	1.0	1.0	0.223728813559322	0.26101694915254237	0.0	0.0	0.25	7	2	5
AW03	10	20	10	0.3	moderate	composition	1000	0.1	activation;suppression;delay;loss;redirection	2	20462740	naive_selected_window_bh	0.0009765625	0.375	1.0	1.0	0.447457627118644	0.22033898305084748	0.05	0.0	0.3	8	3	5
AW03	10	20	10	0.3	moderate	composition	1000	0.1	activation;suppression;delay;loss;redirection	2	20462740	per_event_max_window_bh	0.0009765625	0.2857142857142857	1.0	1.0	0.447457627118644	0.22033898305084748	0.0	0.0	0.25	7	2	5
AW03	10	20	10	0.3	moderate	composition	1000	0.1	activation;suppression;delay;loss;redirection	2	20462740	family_wide_maxT_fwer	0.0009765625	0.2857142857142857	1.0	1.0	0.447457627118644	0.22033898305084748	0.0	0.0	0.25	7	2	5
AW03	10	20	10	0.3	moderate	composition	1000	0.1	activation;suppression;delay;loss;redirection	3	20463749	naive_selected_window_bh	0.0009765625	0.5	1.0	1.0	0.26101694915254237	0.22372881355932206	0.15	0.0	0.4	10	5	5
AW03	10	20	10	0.3	moderate	composition	1000	0.1	activation;suppression;delay;loss;redirection	3	20463749	per_event_max_window_bh	0.0009765625	0.375	1.0	1.0	0.26101694915254237	0.22372881355932206	0.05	0.0	0.3	8	3	5
AW03	10	20	10	0.3	moderate	composition	1000	0.1	activation;suppression;delay;loss;redirection	3	20463749	family_wide_maxT_fwer	0.0009765625	0.2857142857142857	1.0	1.0	0.26101694915254237	0.22372881355932206	0.0	0.0	0.25	7	2	5
AW03	10	20	10	0.3	moderate	composition	1000	0.1	activation;suppression;delay;loss;redirection	4	20464758	naive_selected_window_bh	0.0009765625	0.5833333333333334	1.0	1.0	0.4135593220338983	0.22033898305084748	0.25	0.0	0.5	12	7	5
AW03	10	20	10	0.3	moderate	composition	1000	0.1	activation;suppression;delay;loss;redirection	4	20464758	per_event_max_window_bh	0.0009765625	0.2857142857142857	1.0	1.0	0.4135593220338983	0.22033898305084748	0.0	0.0	0.25	7	2	5
AW03	10	20	10	0.3	moderate	composition	1000	0.1	activation;suppression;delay;loss;redirection	4	20464758	family_wide_maxT_fwer	0.0009765625	0.2857142857142857	1.0	1.0	0.4135593220338983	0.22033898305084748	0.0	0.0	0.25	7	2	5
AW03	10	20	10	0.3	moderate	composition	1000	0.1	activation;suppression;delay;loss;redirection	5	20465767	naive_selected_window_bh	0.0009765625	0.5	1.0	1.0	0.2779661016949152	0.22711864406779664	0.15	0.0	0.4	10	5	5
AW03	10	20	10	0.3	moderate	composition	1000	0.1	activation;suppression;delay;loss;redirection	5	20465767	per_event_max_window_bh	0.0009765625	0.375	1.0	1.0	0.2779661016949152	0.22711864406779664	0.05	0.0	0.3	8	3	5
AW03	10	20	10	0.3	moderate	composition	1000	0.1	activation;suppression;delay;loss;redirection	5	20465767	family_wide_maxT_fwer	0.0009765625	0.375	1.0	1.0	0.2779661016949152	0.22711864406779664	0.05	0.0	0.3	8	3	5
AW03	10	20	10	0.3	moderate	composition	1000	0.1	activation;suppression;delay;loss;redirection	6	20466776	naive_selected_window_bh	0.0009765625	0.5	1.0	1.0	0.2949152542372881	0.18983050847457628	0.15	0.0	0.4	10	5	5
AW03	10	20	10	0.3	moderate	composition	1000	0.1	activation;suppression;delay;loss;redirection	6	20466776	per_event_max_window_bh	0.0009765625	0.375	1.0	1.0	0.2949152542372881	0.18983050847457628	0.05	0.0	0.3	8	3	5
AW03	10	20	10	0.3	moderate	composition	1000	0.1	activation;suppression;delay;loss;redirection	6	20466776	family_wide_maxT_fwer	0.0009765625	0.2857142857142857	1.0	1.0	0.2949152542372881	0.18983050847457628	0.0	0.0	0.25	7	2	5
AW03	10	20	10	0.3	moderate	composition	1000	0.1	activation;suppression;delay;loss;redirection	7	20467785	naive_selected_window_bh	0.0009765625	0.375	1.0	1.0	0.31525423728813556	0.31864406779661014	0.05	0.0	0.3	8	3	5
AW03	10	20	10	0.3	moderate	composition	1000	0.1	activation;suppression;delay;loss;redirection	7	20467785	per_event_max_window_bh	0.0009765625	0.2857142857142857	1.0	1.0	0.31525423728813556	0.31864406779661014	0.0	0.0	0.25	7	2	5
AW03	10	20	10	0.3	moderate	composition	1000	0.1	activation;suppression;delay;loss;redirection	7	20467785	family_wide_maxT_fwer	0.0009765625	0.2857142857142857	1.0	1.0	0.31525423728813556	0.31864406779661014	0.0	0.0	0.25	7	2	5
AW03	10	20	10	0.3	moderate	composition	1000	0.1	activation;suppression;delay;loss;redirection	8	20468794	naive_selected_window_bh	0.0009765625	0.5454545454545454	1.0	1.0	0.22711864406779658	0.24406779661016947	0.2	0.0	0.45	11	6	5
AW03	10	20	10	0.3	moderate	composition	1000	0.1	activation;suppression;delay;loss;redirection	8	20468794	per_event_max_window_bh	0.0009765625	0.375	1.0	1.0	0.22711864406779658	0.24406779661016947	0.05	0.0	0.3	8	3	5
AW03	10	20	10	0.3	moderate	composition	1000	0.1	activation;suppression;delay;loss;redirection	8	20468794	family_wide_maxT_fwer	0.0009765625	0.2857142857142857	1.0	1.0	0.22711864406779658	0.24406779661016947	0.0	0.0	0.25	7	2	5
AW03	10	20	10	0.3	moderate	composition	1000	0.1	activation;suppression;delay;loss;redirection	9	20469803	naive_selected_window_bh	0.0009765625	0.4444444444444444	1.0	1.0	0.2779661016949152	0.20677966101694914	0.1	0.0	0.35	9	4	5
AW03	10	20	10	0.3	moderate	composition	1000	0.1	activation;suppression;delay;loss;redirection	9	20469803	per_event_max_window_bh	0.0009765625	0.375	1.0	1.0	0.2779661016949152	0.20677966101694914	0.05	0.0	0.3	8	3	5
AW03	10	20	10	0.3	moderate	composition	1000	0.1	activation;suppression;delay;loss;redirection	9	20469803	family_wide_maxT_fwer	0.0009765625	0.375	1.0	1.0	0.2779661016949152	0.20677966101694914	0.05	0.0	0.3	8	3	5
AW03	10	20	10	0.3	moderate	composition	1000	0.1	activation;suppression;delay;loss;redirection	10	20470812	naive_selected_window_bh	0.0009765625	0.5	1.0	1.0	0.33898305084745756	0.14576271186440679	0.15	0.0	0.4	10	5	5
AW03	10	20	10	0.3	moderate	composition	1000	0.1	activation;suppression;delay;loss;redirection	10	20470812	per_event_max_window_bh	0.0009765625	0.2857142857142857	1.0	1.0	0.33898305084745756	0.14576271186440679	0.0	0.0	0.25	7	2	5
AW03	10	20	10	0.3	moderate	composition	1000	0.1	activation;suppression;delay;loss;redirection	10	20470812	family_wide_maxT_fwer	0.0009765625	0.2857142857142857	1.0	1.0	0.33898305084745756	0.14576271186440679	0.0	0.0	0.25	7	2	5
AW03	10	20	10	0.3	moderate	composition	1000	0.1	activation;suppression;delay;loss;redirection	11	20471821	naive_selected_window_bh	0.0009765625	0.6666666666666666	1.0	1.0	0.35254237288135587	0.16610169491525426	0.4	0.0	0.65	15	10	5
AW03	10	20	10	0.3	moderate	composition	1000	0.1	activation;suppression;delay;loss;redirection	11	20471821	per_event_max_window_bh	0.0009765625	0.2857142857142857	1.0	1.0	0.35254237288135587	0.16610169491525426	0.0	0.0	0.25	7	2	5
AW03	10	20	10	0.3	moderate	composition	1000	0.1	activation;suppression;delay;loss;redirection	11	20471821	family_wide_maxT_fwer	0.0009765625	0.2857142857142857	1.0	1.0	0.35254237288135587	0.16610169491525426	0.0	0.0	0.25	7	2	5
AW04	3	50	10	0.3	strong	composition	1000	0.1	activation;suppression;delay;loss;redirection	0	20560725	naive_selected_window_bh	0.125	0.0	0.0	0.0			0.0	0.24	0.0	0	0	0
AW04	3	50	10	0.3	strong	composition	1000	0.1	activation;suppression;delay;loss;redirection	0	20560725	per_event_max_window_bh	0.125	0.0	0.0	0.0			0.0	0.24	0.0	0	0	0
AW04	3	50	10	0.3	strong	composition	1000	0.1	activation;suppression;delay;loss;redirection	0	20560725	family_wide_maxT_fwer	0.125	0.0	0.0	0.0			0.0	0.24	0.0	0	0	0
AW04	3	50	10	0.3	strong	composition	1000	0.1	activation;suppression;delay;loss;redirection	1	20561734	naive_selected_window_bh	0.125	0.0	0.0	0.0			0.0	0.24	0.0	0	0	0
AW04	3	50	10	0.3	strong	composition	1000	0.1	activation;suppression;delay;loss;redirection	1	20561734	per_event_max_window_bh	0.125	0.0	0.0	0.0			0.0	0.24	0.0	0	0	0
AW04	3	50	10	0.3	strong	composition	1000	0.1	activation;suppression;delay;loss;redirection	1	20561734	family_wide_maxT_fwer	0.125	0.0	0.0	0.0			0.0	0.24	0.0	0	0	0
AW04	3	50	10	0.3	strong	composition	1000	0.1	activation;suppression;delay;loss;redirection	2	20562743	naive_selected_window_bh	0.125	0.0	0.0	0.0			0.0	0.24	0.0	0	0	0
AW04	3	50	10	0.3	strong	composition	1000	0.1	activation;suppression;delay;loss;redirection	2	20562743	per_event_max_window_bh	0.125	0.0	0.0	0.0			0.0	0.24	0.0	0	0	0
AW04	3	50	10	0.3	strong	composition	1000	0.1	activation;suppression;delay;loss;redirection	2	20562743	family_wide_maxT_fwer	0.125	0.0	0.0	0.0			0.0	0.24	0.0	0	0	0
AW04	3	50	10	0.3	strong	composition	1000	0.1	activation;suppression;delay;loss;redirection	3	20563752	naive_selected_window_bh	0.125	0.0	0.0	0.0			0.0	0.24	0.0	0	0	0
AW04	3	50	10	0.3	strong	composition	1000	0.1	activation;suppression;delay;loss;redirection	3	20563752	per_event_max_window_bh	0.125	0.0	0.0	0.0			0.0	0.24	0.0	0	0	0
AW04	3	50	10	0.3	strong	composition	1000	0.1	activation;suppression;delay;loss;redirection	3	20563752	family_wide_maxT_fwer	0.125	0.0	0.0	0.0			0.0	0.24	0.0	0	0	0
AW04	3	50	10	0.3	strong	composition	1000	0.1	activation;suppression;delay;loss;redirection	4	20564761	naive_selected_window_bh	0.125	0.0	0.0	0.0			0.0	0.24	0.0	0	0	0
AW04	3	50	10	0.3	strong	composition	1000	0.1	activation;suppression;delay;loss;redirection	4	20564761	per_event_max_window_bh	0.125	0.0	0.0	0.0			0.0	0.24	0.0	0	0	0
AW04	3	50	10	0.3	strong	composition	1000	0.1	activation;suppression;delay;loss;redirection	4	20564761	family_wide_maxT_fwer	0.125	0.0	0.0	0.0			0.0	0.24	0.0	0	0	0
AW04	3	50	10	0.3	strong	composition	1000	0.1	activation;suppression;delay;loss;redirection	5	20565770	naive_selected_window_bh	0.125	0.0	0.0	0.0			0.0	0.24	0.0	0	0	0
AW04	3	50	10	0.3	strong	composition	1000	0.1	activation;suppression;delay;loss;redirection	5	20565770	per_event_max_window_bh	0.125	0.0	0.0	0.0			0.0	0.24	0.0	0	0	0
AW04	3	50	10	0.3	strong	composition	1000	0.1	activation;suppression;delay;loss;redirection	5	20565770	family_wide_maxT_fwer	0.125	0.0	0.0	0.0			0.0	0.24	0.0	0	0	0
AW04	3	50	10	0.3	strong	composition	1000	0.1	activation;suppression;delay;loss;redirection	6	20566779	naive_selected_window_bh	0.125	0.0	0.0	0.0			0.0	0.24	0.0	0	0	0
AW04	3	50	10	0.3	strong	composition	1000	0.1	activation;suppression;delay;loss;redirection	6	20566779	per_event_max_window_bh	0.125	0.0	0.0	0.0			0.0	0.24	0.0	0	0	0
AW04	3	50	10	0.3	strong	composition	1000	0.1	activation;suppression;delay;loss;redirection	6	20566779	family_wide_maxT_fwer	0.125	0.0	0.0	0.0			0.0	0.24	0.0	0	0	0
AW04	3	50	10	0.3	strong	composition	1000	0.1	activation;suppression;delay;loss;redirection	7	20567788	naive_selected_window_bh	0.125	0.0	0.0	0.0			0.0	0.24	0.0	0	0	0
AW04	3	50	10	0.3	strong	composition	1000	0.1	activation;suppression;delay;loss;redirection	7	20567788	per_event_max_window_bh	0.125	0.0	0.0	0.0			0.0	0.24	0.0	0	0	0
AW04	3	50	10	0.3	strong	composition	1000	0.1	activation;suppression;delay;loss;redirection	7	20567788	family_wide_maxT_fwer	0.125	0.0	0.0	0.0			0.0	0.24	0.0	0	0	0
AW04	3	50	10	0.3	strong	composition	1000	0.1	activation;suppression;delay;loss;redirection	8	20568797	naive_selected_window_bh	0.125	0.0	0.0	0.0			0.0	0.24	0.0	0	0	0
AW04	3	50	10	0.3	strong	composition	1000	0.1	activation;suppression;delay;loss;redirection	8	20568797	per_event_max_window_bh	0.125	0.0	0.0	0.0			0.0	0.24	0.0	0	0	0
AW04	3	50	10	0.3	strong	composition	1000	0.1	activation;suppression;delay;loss;redirection	8	20568797	family_wide_maxT_fwer	0.125	0.0	0.0	0.0			0.0	0.24	0.0	0	0	0
AW04	3	50	10	0.3	strong	composition	1000	0.1	activation;suppression;delay;loss;redirection	9	20569806	naive_selected_window_bh	0.125	0.0	0.0	0.0			0.0	0.24	0.0	0	0	0
AW04	3	50	10	0.3	strong	composition	1000	0.1	activation;suppression;delay;loss;redirection	9	20569806	per_event_max_window_bh	0.125	0.0	0.0	0.0			0.0	0.24	0.0	0	0	0
AW04	3	50	10	0.3	strong	composition	1000	0.1	activation;suppression;delay;loss;redirection	9	20569806	family_wide_maxT_fwer	0.125	0.0	0.0	0.0			0.0	0.24	0.0	0	0	0
AW04	3	50	10	0.3	strong	composition	1000	0.1	activation;suppression;delay;loss;redirection	10	20570815	naive_selected_window_bh	0.125	0.0	0.0	0.0			0.0	0.24	0.0	0	0	0
AW04	3	50	10	0.3	strong	composition	1000	0.1	activation;suppression;delay;loss;redirection	10	20570815	per_event_max_window_bh	0.125	0.0	0.0	0.0			0.0	0.24	0.0	0	0	0
AW04	3	50	10	0.3	strong	composition	1000	0.1	activation;suppression;delay;loss;redirection	10	20570815	family_wide_maxT_fwer	0.125	0.0	0.0	0.0			0.0	0.24	0.0	0	0	0
AW04	3	50	10	0.3	strong	composition	1000	0.1	activation;suppression;delay;loss;redirection	11	20571824	naive_selected_window_bh	0.125	0.0	0.0	0.0			0.0	0.24	0.0	0	0	0
AW04	3	50	10	0.3	strong	composition	1000	0.1	activation;suppression;delay;loss;redirection	11	20571824	per_event_max_window_bh	0.125	0.0	0.0	0.0			0.0	0.24	0.0	0	0	0
AW04	3	50	10	0.3	strong	composition	1000	0.1	activation;suppression;delay;loss;redirection	11	20571824	family_wide_maxT_fwer	0.125	0.0	0.0	0.0			0.0	0.24	0.0	0	0	0
AW05	5	50	10	0.0	null	none	1000	0.1	activation;suppression;delay;loss;redirection	0	20660728	naive_selected_window_bh	0.03125	0.0	0.0				0.0	0.0	0.0	0	0	0
AW05	5	50	10	0.0	null	none	1000	0.1	activation;suppression;delay;loss;redirection	0	20660728	per_event_max_window_bh	0.03125	0.0	0.0				0.0	0.0	0.0	0	0	0
AW05	5	50	10	0.0	null	none	1000	0.1	activation;suppression;delay;loss;redirection	0	20660728	family_wide_maxT_fwer	0.03125	0.0	0.0				0.0	0.0	0.0	0	0	0
AW05	5	50	10	0.0	null	none	1000	0.1	activation;suppression;delay;loss;redirection	1	20661737	naive_selected_window_bh	0.03125	0.0	0.0				0.0	0.0	0.0	0	0	0
AW05	5	50	10	0.0	null	none	1000	0.1	activation;suppression;delay;loss;redirection	1	20661737	per_event_max_window_bh	0.03125	0.0	0.0				0.0	0.0	0.0	0	0	0
AW05	5	50	10	0.0	null	none	1000	0.1	activation;suppression;delay;loss;redirection	1	20661737	family_wide_maxT_fwer	0.03125	1.0	1.0				0.02	0.0	0.02	1	1	0
AW05	5	50	10	0.0	null	none	1000	0.1	activation;suppression;delay;loss;redirection	2	20662746	naive_selected_window_bh	0.03125	0.0	0.0				0.0	0.0	0.0	0	0	0
AW05	5	50	10	0.0	null	none	1000	0.1	activation;suppression;delay;loss;redirection	2	20662746	per_event_max_window_bh	0.03125	0.0	0.0				0.0	0.0	0.0	0	0	0
AW05	5	50	10	0.0	null	none	1000	0.1	activation;suppression;delay;loss;redirection	2	20662746	family_wide_maxT_fwer	0.03125	0.0	0.0				0.0	0.0	0.0	0	0	0
AW05	5	50	10	0.0	null	none	1000	0.1	activation;suppression;delay;loss;redirection	3	20663755	naive_selected_window_bh	0.03125	0.0	0.0				0.0	0.0	0.0	0	0	0
AW05	5	50	10	0.0	null	none	1000	0.1	activation;suppression;delay;loss;redirection	3	20663755	per_event_max_window_bh	0.03125	0.0	0.0				0.0	0.0	0.0	0	0	0
AW05	5	50	10	0.0	null	none	1000	0.1	activation;suppression;delay;loss;redirection	3	20663755	family_wide_maxT_fwer	0.03125	0.0	0.0				0.0	0.0	0.0	0	0	0
AW05	5	50	10	0.0	null	none	1000	0.1	activation;suppression;delay;loss;redirection	4	20664764	naive_selected_window_bh	0.03125	0.0	0.0				0.0	0.0	0.0	0	0	0
AW05	5	50	10	0.0	null	none	1000	0.1	activation;suppression;delay;loss;redirection	4	20664764	per_event_max_window_bh	0.03125	0.0	0.0				0.0	0.0	0.0	0	0	0
AW05	5	50	10	0.0	null	none	1000	0.1	activation;suppression;delay;loss;redirection	4	20664764	family_wide_maxT_fwer	0.03125	0.0	0.0				0.0	0.0	0.0	0	0	0
AW05	5	50	10	0.0	null	none	1000	0.1	activation;suppression;delay;loss;redirection	5	20665773	naive_selected_window_bh	0.03125	0.0	0.0				0.0	0.0	0.0	0	0	0
AW05	5	50	10	0.0	null	none	1000	0.1	activation;suppression;delay;loss;redirection	5	20665773	per_event_max_window_bh	0.03125	0.0	0.0				0.0	0.0	0.0	0	0	0
AW05	5	50	10	0.0	null	none	1000	0.1	activation;suppression;delay;loss;redirection	5	20665773	family_wide_maxT_fwer	0.03125	0.0	0.0				0.0	0.0	0.0	0	0	0
AW05	5	50	10	0.0	null	none	1000	0.1	activation;suppression;delay;loss;redirection	6	20666782	naive_selected_window_bh	0.03125	0.0	0.0				0.0	0.0	0.0	0	0	0
AW05	5	50	10	0.0	null	none	1000	0.1	activation;suppression;delay;loss;redirection	6	20666782	per_event_max_window_bh	0.03125	0.0	0.0				0.0	0.0	0.0	0	0	0
AW05	5	50	10	0.0	null	none	1000	0.1	activation;suppression;delay;loss;redirection	6	20666782	family_wide_maxT_fwer	0.03125	0.0	0.0				0.0	0.0	0.0	0	0	0
AW05	5	50	10	0.0	null	none	1000	0.1	activation;suppression;delay;loss;redirection	7	20667791	naive_selected_window_bh	0.03125	0.0	0.0				0.0	0.0	0.0	0	0	0
AW05	5	50	10	0.0	null	none	1000	0.1	activation;suppression;delay;loss;redirection	7	20667791	per_event_max_window_bh	0.03125	0.0	0.0				0.0	0.0	0.0	0	0	0
AW05	5	50	10	0.0	null	none	1000	0.1	activation;suppression;delay;loss;redirection	7	20667791	family_wide_maxT_fwer	0.03125	0.0	0.0				0.0	0.0	0.0	0	0	0
AW05	5	50	10	0.0	null	none	1000	0.1	activation;suppression;delay;loss;redirection	8	20668800	naive_selected_window_bh	0.03125	0.0	0.0				0.0	0.0	0.0	0	0	0
AW05	5	50	10	0.0	null	none	1000	0.1	activation;suppression;delay;loss;redirection	8	20668800	per_event_max_window_bh	0.03125	0.0	0.0				0.0	0.0	0.0	0	0	0
AW05	5	50	10	0.0	null	none	1000	0.1	activation;suppression;delay;loss;redirection	8	20668800	family_wide_maxT_fwer	0.03125	0.0	0.0				0.0	0.0	0.0	0	0	0
AW05	5	50	10	0.0	null	none	1000	0.1	activation;suppression;delay;loss;redirection	9	20669809	naive_selected_window_bh	0.03125	0.0	0.0				0.0	0.0	0.0	0	0	0
AW05	5	50	10	0.0	null	none	1000	0.1	activation;suppression;delay;loss;redirection	9	20669809	per_event_max_window_bh	0.03125	0.0	0.0				0.0	0.0	0.0	0	0	0
AW05	5	50	10	0.0	null	none	1000	0.1	activation;suppression;delay;loss;redirection	9	20669809	family_wide_maxT_fwer	0.03125	0.0	0.0				0.0	0.0	0.0	0	0	0
AW05	5	50	10	0.0	null	none	1000	0.1	activation;suppression;delay;loss;redirection	10	20670818	naive_selected_window_bh	0.03125	0.0	0.0				0.0	0.0	0.0	0	0	0
AW05	5	50	10	0.0	null	none	1000	0.1	activation;suppression;delay;loss;redirection	10	20670818	per_event_max_window_bh	0.03125	0.0	0.0				0.0	0.0	0.0	0	0	0
AW05	5	50	10	0.0	null	none	1000	0.1	activation;suppression;delay;loss;redirection	10	20670818	family_wide_maxT_fwer	0.03125	0.0	0.0				0.0	0.0	0.0	0	0	0
AW05	5	50	10	0.0	null	none	1000	0.1	activation;suppression;delay;loss;redirection	11	20671827	naive_selected_window_bh	0.03125	0.0	0.0				0.0	0.0	0.0	0	0	0
AW05	5	50	10	0.0	null	none	1000	0.1	activation;suppression;delay;loss;redirection	11	20671827	per_event_max_window_bh	0.03125	0.0	0.0				0.0	0.0	0.0	0	0	0
AW05	5	50	10	0.0	null	none	1000	0.1	activation;suppression;delay;loss;redirection	11	20671827	family_wide_maxT_fwer	0.03125	0.0	0.0				0.0	0.0	0.0	0	0	0
AW05	5	50	10	0.0	null	none	1000	0.1	activation;suppression;delay;loss;redirection	12	20672836	naive_selected_window_bh	0.03125	0.0	0.0				0.0	0.0	0.0	0	0	0
AW05	5	50	10	0.0	null	none	1000	0.1	activation;suppression;delay;loss;redirection	12	20672836	per_event_max_window_bh	0.03125	0.0	0.0				0.0	0.0	0.0	0	0	0
AW05	5	50	10	0.0	null	none	1000	0.1	activation;suppression;delay;loss;redirection	12	20672836	family_wide_maxT_fwer	0.03125	0.0	0.0				0.0	0.0	0.0	0	0	0
AW05	5	50	10	0.0	null	none	1000	0.1	activation;suppression;delay;loss;redirection	13	20673845	naive_selected_window_bh	0.03125	0.0	0.0				0.0	0.0	0.0	0	0	0
AW05	5	50	10	0.0	null	none	1000	0.1	activation;suppression;delay;loss;redirection	13	20673845	per_event_max_window_bh	0.03125	0.0	0.0				0.0	0.0	0.0	0	0	0
AW05	5	50	10	0.0	null	none	1000	0.1	activation;suppression;delay;loss;redirection	13	20673845	family_wide_maxT_fwer	0.03125	0.0	0.0				0.0	0.0	0.0	0	0	0
AW05	5	50	10	0.0	null	none	1000	0.1	activation;suppression;delay;loss;redirection	14	20674854	naive_selected_window_bh	0.03125	0.0	0.0				0.0	0.0	0.0	0	0	0
AW05	5	50	10	0.0	null	none	1000	0.1	activation;suppression;delay;loss;redirection	14	20674854	per_event_max_window_bh	0.03125	0.0	0.0				0.0	0.0	0.0	0	0	0
AW05	5	50	10	0.0	null	none	1000	0.1	activation;suppression;delay;loss;redirection	14	20674854	family_wide_maxT_fwer	0.03125	0.0	0.0				0.0	0.0	0.0	0	0	0
AW05	5	50	10	0.0	null	none	1000	0.1	activation;suppression;delay;loss;redirection	15	20675863	naive_selected_window_bh	0.03125	0.0	0.0				0.0	0.0	0.0	0	0	0
AW05	5	50	10	0.0	null	none	1000	0.1	activation;suppression;delay;loss;redirection	15	20675863	per_event_max_window_bh	0.03125	0.0	0.0				0.0	0.0	0.0	0	0	0
AW05	5	50	10	0.0	null	none	1000	0.1	activation;suppression;delay;loss;redirection	15	20675863	family_wide_maxT_fwer	0.03125	1.0	1.0				0.02	0.0	0.02	1	1	0
AW05	5	50	10	0.0	null	none	1000	0.1	activation;suppression;delay;loss;redirection	16	20676872	naive_selected_window_bh	0.03125	0.0	0.0				0.0	0.0	0.0	0	0	0
AW05	5	50	10	0.0	null	none	1000	0.1	activation;suppression;delay;loss;redirection	16	20676872	per_event_max_window_bh	0.03125	0.0	0.0				0.0	0.0	0.0	0	0	0
AW05	5	50	10	0.0	null	none	1000	0.1	activation;suppression;delay;loss;redirection	16	20676872	family_wide_maxT_fwer	0.03125	0.0	0.0				0.0	0.0	0.0	0	0	0
AW05	5	50	10	0.0	null	none	1000	0.1	activation;suppression;delay;loss;redirection	17	20677881	naive_selected_window_bh	0.03125	0.0	0.0				0.0	0.0	0.0	0	0	0
AW05	5	50	10	0.0	null	none	1000	0.1	activation;suppression;delay;loss;redirection	17	20677881	per_event_max_window_bh	0.03125	0.0	0.0				0.0	0.0	0.0	0	0	0
AW05	5	50	10	0.0	null	none	1000	0.1	activation;suppression;delay;loss;redirection	17	20677881	family_wide_maxT_fwer	0.03125	0.0	0.0				0.0	0.0	0.0	0	0	0
AW05	5	50	10	0.0	null	none	1000	0.1	activation;suppression;delay;loss;redirection	18	20678890	naive_selected_window_bh	0.03125	0.0	0.0				0.0	0.0	0.0	0	0	0
AW05	5	50	10	0.0	null	none	1000	0.1	activation;suppression;delay;loss;redirection	18	20678890	per_event_max_window_bh	0.03125	0.0	0.0				0.0	0.0	0.0	0	0	0
AW05	5	50	10	0.0	null	none	1000	0.1	activation;suppression;delay;loss;redirection	18	20678890	family_wide_maxT_fwer	0.03125	0.0	0.0				0.0	0.0	0.0	0	0	0
AW05	5	50	10	0.0	null	none	1000	0.1	activation;suppression;delay;loss;redirection	19	20679899	naive_selected_window_bh	0.03125	0.0	0.0				0.0	0.0	0.0	0	0	0
AW05	5	50	10	0.0	null	none	1000	0.1	activation;suppression;delay;loss;redirection	19	20679899	per_event_max_window_bh	0.03125	0.0	0.0				0.0	0.0	0.0	0	0	0
AW05	5	50	10	0.0	null	none	1000	0.1	activation;suppression;delay;loss;redirection	19	20679899	family_wide_maxT_fwer	0.03125	0.0	0.0				0.0	0.0	0.0	0	0	0
AW05	5	50	10	0.0	null	none	1000	0.1	activation;suppression;delay;loss;redirection	20	20680908	naive_selected_window_bh	0.03125	0.0	0.0				0.0	0.0	0.0	0	0	0
AW05	5	50	10	0.0	null	none	1000	0.1	activation;suppression;delay;loss;redirection	20	20680908	per_event_max_window_bh	0.03125	0.0	0.0				0.0	0.0	0.0	0	0	0
AW05	5	50	10	0.0	null	none	1000	0.1	activation;suppression;delay;loss;redirection	20	20680908	family_wide_maxT_fwer	0.03125	0.0	0.0				0.0	0.0	0.0	0	0	0
AW05	5	50	10	0.0	null	none	1000	0.1	activation;suppression;delay;loss;redirection	21	20681917	naive_selected_window_bh	0.03125	0.0	0.0				0.0	0.0	0.0	0	0	0
AW05	5	50	10	0.0	null	none	1000	0.1	activation;suppression;delay;loss;redirection	21	20681917	per_event_max_window_bh	0.03125	0.0	0.0				0.0	0.0	0.0	0	0	0
AW05	5	50	10	0.0	null	none	1000	0.1	activation;suppression;delay;loss;redirection	21	20681917	family_wide_maxT_fwer	0.03125	1.0	1.0				0.02	0.0	0.02	1	1	0
AW05	5	50	10	0.0	null	none	1000	0.1	activation;suppression;delay;loss;redirection	22	20682926	naive_selected_window_bh	0.03125	0.0	0.0				0.0	0.0	0.0	0	0	0
AW05	5	50	10	0.0	null	none	1000	0.1	activation;suppression;delay;loss;redirection	22	20682926	per_event_max_window_bh	0.03125	0.0	0.0				0.0	0.0	0.0	0	0	0
AW05	5	50	10	0.0	null	none	1000	0.1	activation;suppression;delay;loss;redirection	22	20682926	family_wide_maxT_fwer	0.03125	0.0	0.0				0.0	0.0	0.0	0	0	0
AW05	5	50	10	0.0	null	none	1000	0.1	activation;suppression;delay;loss;redirection	23	20683935	naive_selected_window_bh	0.03125	0.0	0.0				0.0	0.0	0.0	0	0	0
AW05	5	50	10	0.0	null	none	1000	0.1	activation;suppression;delay;loss;redirection	23	20683935	per_event_max_window_bh	0.03125	0.0	0.0				0.0	0.0	0.0	0	0	0
AW05	5	50	10	0.0	null	none	1000	0.1	activation;suppression;delay;loss;redirection	23	20683935	family_wide_maxT_fwer	0.03125	1.0	1.0				0.02	0.0	0.02	1	1	0
AW05	5	50	10	0.0	null	none	1000	0.1	activation;suppression;delay;loss;redirection	24	20684944	naive_selected_window_bh	0.03125	0.0	0.0				0.0	0.0	0.0	0	0	0
AW05	5	50	10	0.0	null	none	1000	0.1	activation;suppression;delay;loss;redirection	24	20684944	per_event_max_window_bh	0.03125	0.0	0.0				0.0	0.0	0.0	0	0	0
AW05	5	50	10	0.0	null	none	1000	0.1	activation;suppression;delay;loss;redirection	24	20684944	family_wide_maxT_fwer	0.03125	0.0	0.0				0.0	0.0	0.0	0	0	0
AW05	5	50	10	0.0	null	none	1000	0.1	activation;suppression;delay;loss;redirection	25	20685953	naive_selected_window_bh	0.03125	0.0	0.0				0.0	0.0	0.0	0	0	0
AW05	5	50	10	0.0	null	none	1000	0.1	activation;suppression;delay;loss;redirection	25	20685953	per_event_max_window_bh	0.03125	0.0	0.0				0.0	0.0	0.0	0	0	0
AW05	5	50	10	0.0	null	none	1000	0.1	activation;suppression;delay;loss;redirection	25	20685953	family_wide_maxT_fwer	0.03125	0.0	0.0				0.0	0.0	0.0	0	0	0
AW05	5	50	10	0.0	null	none	1000	0.1	activation;suppression;delay;loss;redirection	26	20686962	naive_selected_window_bh	0.03125	0.0	0.0				0.0	0.0	0.0	0	0	0
AW05	5	50	10	0.0	null	none	1000	0.1	activation;suppression;delay;loss;redirection	26	20686962	per_event_max_window_bh	0.03125	0.0	0.0				0.0	0.0	0.0	0	0	0
AW05	5	50	10	0.0	null	none	1000	0.1	activation;suppression;delay;loss;redirection	26	20686962	family_wide_maxT_fwer	0.03125	0.0	0.0				0.0	0.0	0.0	0	0	0
AW05	5	50	10	0.0	null	none	1000	0.1	activation;suppression;delay;loss;redirection	27	20687971	naive_selected_window_bh	0.03125	0.0	0.0				0.0	0.0	0.0	0	0	0
AW05	5	50	10	0.0	null	none	1000	0.1	activation;suppression;delay;loss;redirection	27	20687971	per_event_max_window_bh	0.03125	0.0	0.0				0.0	0.0	0.0	0	0	0
AW05	5	50	10	0.0	null	none	1000	0.1	activation;suppression;delay;loss;redirection	27	20687971	family_wide_maxT_fwer	0.03125	1.0	1.0				0.02	0.0	0.02	1	1	0
AW05	5	50	10	0.0	null	none	1000	0.1	activation;suppression;delay;loss;redirection	28	20688980	naive_selected_window_bh	0.03125	0.0	0.0				0.0	0.0	0.0	0	0	0
AW05	5	50	10	0.0	null	none	1000	0.1	activation;suppression;delay;loss;redirection	28	20688980	per_event_max_window_bh	0.03125	0.0	0.0				0.0	0.0	0.0	0	0	0
AW05	5	50	10	0.0	null	none	1000	0.1	activation;suppression;delay;loss;redirection	28	20688980	family_wide_maxT_fwer	0.03125	0.0	0.0				0.0	0.0	0.0	0	0	0
AW05	5	50	10	0.0	null	none	1000	0.1	activation;suppression;delay;loss;redirection	29	20689989	naive_selected_window_bh	0.03125	0.0	0.0				0.0	0.0	0.0	0	0	0
AW05	5	50	10	0.0	null	none	1000	0.1	activation;suppression;delay;loss;redirection	29	20689989	per_event_max_window_bh	0.03125	0.0	0.0				0.0	0.0	0.0	0	0	0
AW05	5	50	10	0.0	null	none	1000	0.1	activation;suppression;delay;loss;redirection	29	20689989	family_wide_maxT_fwer	0.03125	0.0	0.0				0.0	0.0	0.0	0	0	0
AW05	5	50	10	0.0	null	none	1000	0.1	activation;suppression;delay;loss;redirection	30	20690998	naive_selected_window_bh	0.03125	0.0	0.0				0.0	0.0	0.0	0	0	0
AW05	5	50	10	0.0	null	none	1000	0.1	activation;suppression;delay;loss;redirection	30	20690998	per_event_max_window_bh	0.03125	0.0	0.0				0.0	0.0	0.0	0	0	0
AW05	5	50	10	0.0	null	none	1000	0.1	activation;suppression;delay;loss;redirection	30	20690998	family_wide_maxT_fwer	0.03125	0.0	0.0				0.0	0.0	0.0	0	0	0
AW05	5	50	10	0.0	null	none	1000	0.1	activation;suppression;delay;loss;redirection	31	20692007	naive_selected_window_bh	0.03125	0.0	0.0				0.0	0.0	0.0	0	0	0
AW05	5	50	10	0.0	null	none	1000	0.1	activation;suppression;delay;loss;redirection	31	20692007	per_event_max_window_bh	0.03125	0.0	0.0				0.0	0.0	0.0	0	0	0
AW05	5	50	10	0.0	null	none	1000	0.1	activation;suppression;delay;loss;redirection	31	20692007	family_wide_maxT_fwer	0.03125	0.0	0.0				0.0	0.0	0.0	0	0	0
AW05	5	50	10	0.0	null	none	1000	0.1	activation;suppression;delay;loss;redirection	32	20693016	naive_selected_window_bh	0.03125	0.0	0.0				0.0	0.0	0.0	0	0	0
AW05	5	50	10	0.0	null	none	1000	0.1	activation;suppression;delay;loss;redirection	32	20693016	per_event_max_window_bh	0.03125	0.0	0.0				0.0	0.0	0.0	0	0	0
AW05	5	50	10	0.0	null	none	1000	0.1	activation;suppression;delay;loss;redirection	32	20693016	family_wide_maxT_fwer	0.03125	1.0	1.0				0.02	0.0	0.02	1	1	0
AW05	5	50	10	0.0	null	none	1000	0.1	activation;suppression;delay;loss;redirection	33	20694025	naive_selected_window_bh	0.03125	0.0	0.0				0.0	0.0	0.0	0	0	0
AW05	5	50	10	0.0	null	none	1000	0.1	activation;suppression;delay;loss;redirection	33	20694025	per_event_max_window_bh	0.03125	0.0	0.0				0.0	0.0	0.0	0	0	0
AW05	5	50	10	0.0	null	none	1000	0.1	activation;suppression;delay;loss;redirection	33	20694025	family_wide_maxT_fwer	0.03125	0.0	0.0				0.0	0.0	0.0	0	0	0
AW05	5	50	10	0.0	null	none	1000	0.1	activation;suppression;delay;loss;redirection	34	20695034	naive_selected_window_bh	0.03125	0.0	0.0				0.0	0.0	0.0	0	0	0
AW05	5	50	10	0.0	null	none	1000	0.1	activation;suppression;delay;loss;redirection	34	20695034	per_event_max_window_bh	0.03125	0.0	0.0				0.0	0.0	0.0	0	0	0
AW05	5	50	10	0.0	null	none	1000	0.1	activation;suppression;delay;loss;redirection	34	20695034	family_wide_maxT_fwer	0.03125	0.0	0.0				0.0	0.0	0.0	0	0	0
AW05	5	50	10	0.0	null	none	1000	0.1	activation;suppression;delay;loss;redirection	35	20696043	naive_selected_window_bh	0.03125	0.0	0.0				0.0	0.0	0.0	0	0	0
AW05	5	50	10	0.0	null	none	1000	0.1	activation;suppression;delay;loss;redirection	35	20696043	per_event_max_window_bh	0.03125	0.0	0.0				0.0	0.0	0.0	0	0	0
AW05	5	50	10	0.0	null	none	1000	0.1	activation;suppression;delay;loss;redirection	35	20696043	family_wide_maxT_fwer	0.03125	0.0	0.0				0.0	0.0	0.0	0	0	0
AW05	5	50	10	0.0	null	none	1000	0.1	activation;suppression;delay;loss;redirection	36	20697052	naive_selected_window_bh	0.03125	0.0	0.0				0.0	0.0	0.0	0	0	0
AW05	5	50	10	0.0	null	none	1000	0.1	activation;suppression;delay;loss;redirection	36	20697052	per_event_max_window_bh	0.03125	0.0	0.0				0.0	0.0	0.0	0	0	0
AW05	5	50	10	0.0	null	none	1000	0.1	activation;suppression;delay;loss;redirection	36	20697052	family_wide_maxT_fwer	0.03125	0.0	0.0				0.0	0.0	0.0	0	0	0
AW05	5	50	10	0.0	null	none	1000	0.1	activation;suppression;delay;loss;redirection	37	20698061	naive_selected_window_bh	0.03125	0.0	0.0				0.0	0.0	0.0	0	0	0
AW05	5	50	10	0.0	null	none	1000	0.1	activation;suppression;delay;loss;redirection	37	20698061	per_event_max_window_bh	0.03125	0.0	0.0				0.0	0.0	0.0	0	0	0
AW05	5	50	10	0.0	null	none	1000	0.1	activation;suppression;delay;loss;redirection	37	20698061	family_wide_maxT_fwer	0.03125	0.0	0.0				0.0	0.0	0.0	0	0	0
AW05	5	50	10	0.0	null	none	1000	0.1	activation;suppression;delay;loss;redirection	38	20699070	naive_selected_window_bh	0.03125	0.0	0.0				0.0	0.0	0.0	0	0	0
AW05	5	50	10	0.0	null	none	1000	0.1	activation;suppression;delay;loss;redirection	38	20699070	per_event_max_window_bh	0.03125	0.0	0.0				0.0	0.0	0.0	0	0	0
AW05	5	50	10	0.0	null	none	1000	0.1	activation;suppression;delay;loss;redirection	38	20699070	family_wide_maxT_fwer	0.03125	0.0	0.0				0.0	0.0	0.0	0	0	0
AW05	5	50	10	0.0	null	none	1000	0.1	activation;suppression;delay;loss;redirection	39	20700079	naive_selected_window_bh	0.03125	0.0	0.0				0.0	0.0	0.0	0	0	0
AW05	5	50	10	0.0	null	none	1000	0.1	activation;suppression;delay;loss;redirection	39	20700079	per_event_max_window_bh	0.03125	0.0	0.0				0.0	0.0	0.0	0	0	0
AW05	5	50	10	0.0	null	none	1000	0.1	activation;suppression;delay;loss;redirection	39	20700079	family_wide_maxT_fwer	0.03125	0.0	0.0				0.0	0.0	0.0	0	0	0
AW05	5	50	10	0.0	null	none	1000	0.1	activation;suppression;delay;loss;redirection	40	20701088	naive_selected_window_bh	0.03125	0.0	0.0				0.0	0.0	0.0	0	0	0
AW05	5	50	10	0.0	null	none	1000	0.1	activation;suppression;delay;loss;redirection	40	20701088	per_event_max_window_bh	0.03125	0.0	0.0				0.0	0.0	0.0	0	0	0
AW05	5	50	10	0.0	null	none	1000	0.1	activation;suppression;delay;loss;redirection	40	20701088	family_wide_maxT_fwer	0.03125	0.0	0.0				0.0	0.0	0.0	0	0	0
AW05	5	50	10	0.0	null	none	1000	0.1	activation;suppression;delay;loss;redirection	41	20702097	naive_selected_window_bh	0.03125	0.0	0.0				0.0	0.0	0.0	0	0	0
AW05	5	50	10	0.0	null	none	1000	0.1	activation;suppression;delay;loss;redirection	41	20702097	per_event_max_window_bh	0.03125	0.0	0.0				0.0	0.0	0.0	0	0	0
AW05	5	50	10	0.0	null	none	1000	0.1	activation;suppression;delay;loss;redirection	41	20702097	family_wide_maxT_fwer	0.03125	0.0	0.0				0.0	0.0	0.0	0	0	0
AW05	5	50	10	0.0	null	none	1000	0.1	activation;suppression;delay;loss;redirection	42	20703106	naive_selected_window_bh	0.03125	0.0	0.0				0.0	0.0	0.0	0	0	0
AW05	5	50	10	0.0	null	none	1000	0.1	activation;suppression;delay;loss;redirection	42	20703106	per_event_max_window_bh	0.03125	0.0	0.0				0.0	0.0	0.0	0	0	0
AW05	5	50	10	0.0	null	none	1000	0.1	activation;suppression;delay;loss;redirection	42	20703106	family_wide_maxT_fwer	0.03125	0.0	0.0				0.0	0.0	0.0	0	0	0
AW05	5	50	10	0.0	null	none	1000	0.1	activation;suppression;delay;loss;redirection	43	20704115	naive_selected_window_bh	0.03125	0.0	0.0				0.0	0.0	0.0	0	0	0
AW05	5	50	10	0.0	null	none	1000	0.1	activation;suppression;delay;loss;redirection	43	20704115	per_event_max_window_bh	0.03125	0.0	0.0				0.0	0.0	0.0	0	0	0
AW05	5	50	10	0.0	null	none	1000	0.1	activation;suppression;delay;loss;redirection	43	20704115	family_wide_maxT_fwer	0.03125	0.0	0.0				0.0	0.0	0.0	0	0	0
AW05	5	50	10	0.0	null	none	1000	0.1	activation;suppression;delay;loss;redirection	44	20705124	naive_selected_window_bh	0.03125	0.0	0.0				0.0	0.0	0.0	0	0	0
AW05	5	50	10	0.0	null	none	1000	0.1	activation;suppression;delay;loss;redirection	44	20705124	per_event_max_window_bh	0.03125	0.0	0.0				0.0	0.0	0.0	0	0	0
AW05	5	50	10	0.0	null	none	1000	0.1	activation;suppression;delay;loss;redirection	44	20705124	family_wide_maxT_fwer	0.03125	0.0	0.0				0.0	0.0	0.0	0	0	0
AW05	5	50	10	0.0	null	none	1000	0.1	activation;suppression;delay;loss;redirection	45	20706133	naive_selected_window_bh	0.03125	0.0	0.0				0.0	0.0	0.0	0	0	0
AW05	5	50	10	0.0	null	none	1000	0.1	activation;suppression;delay;loss;redirection	45	20706133	per_event_max_window_bh	0.03125	0.0	0.0				0.0	0.0	0.0	0	0	0
AW05	5	50	10	0.0	null	none	1000	0.1	activation;suppression;delay;loss;redirection	45	20706133	family_wide_maxT_fwer	0.03125	0.0	0.0				0.0	0.0	0.0	0	0	0
AW05	5	50	10	0.0	null	none	1000	0.1	activation;suppression;delay;loss;redirection	46	20707142	naive_selected_window_bh	0.03125	0.0	0.0				0.0	0.0	0.0	0	0	0
AW05	5	50	10	0.0	null	none	1000	0.1	activation;suppression;delay;loss;redirection	46	20707142	per_event_max_window_bh	0.03125	0.0	0.0				0.0	0.0	0.0	0	0	0
AW05	5	50	10	0.0	null	none	1000	0.1	activation;suppression;delay;loss;redirection	46	20707142	family_wide_maxT_fwer	0.03125	0.0	0.0				0.0	0.0	0.0	0	0	0
AW05	5	50	10	0.0	null	none	1000	0.1	activation;suppression;delay;loss;redirection	47	20708151	naive_selected_window_bh	0.03125	0.0	0.0				0.0	0.0	0.0	0	0	0
AW05	5	50	10	0.0	null	none	1000	0.1	activation;suppression;delay;loss;redirection	47	20708151	per_event_max_window_bh	0.03125	0.0	0.0				0.0	0.0	0.0	0	0	0
AW05	5	50	10	0.0	null	none	1000	0.1	activation;suppression;delay;loss;redirection	47	20708151	family_wide_maxT_fwer	0.03125	0.0	0.0				0.0	0.0	0.0	0	0	0
AW05	5	50	10	0.0	null	none	1000	0.1	activation;suppression;delay;loss;redirection	48	20709160	naive_selected_window_bh	0.03125	0.0	0.0				0.0	0.0	0.0	0	0	0
AW05	5	50	10	0.0	null	none	1000	0.1	activation;suppression;delay;loss;redirection	48	20709160	per_event_max_window_bh	0.03125	0.0	0.0				0.0	0.0	0.0	0	0	0
AW05	5	50	10	0.0	null	none	1000	0.1	activation;suppression;delay;loss;redirection	48	20709160	family_wide_maxT_fwer	0.03125	0.0	0.0				0.0	0.0	0.0	0	0	0
AW05	5	50	10	0.0	null	none	1000	0.1	activation;suppression;delay;loss;redirection	49	20710169	naive_selected_window_bh	0.03125	0.0	0.0				0.0	0.0	0.0	0	0	0
AW05	5	50	10	0.0	null	none	1000	0.1	activation;suppression;delay;loss;redirection	49	20710169	per_event_max_window_bh	0.03125	0.0	0.0				0.0	0.0	0.0	0	0	0
AW05	5	50	10	0.0	null	none	1000	0.1	activation;suppression;delay;loss;redirection	49	20710169	family_wide_maxT_fwer	0.03125	0.0	0.0				0.0	0.0	0.0	0	0	0
AW05	5	50	10	0.0	null	none	1000	0.1	activation;suppression;delay;loss;redirection	50	20711178	naive_selected_window_bh	0.03125	0.0	0.0				0.0	0.0	0.0	0	0	0
AW05	5	50	10	0.0	null	none	1000	0.1	activation;suppression;delay;loss;redirection	50	20711178	per_event_max_window_bh	0.03125	0.0	0.0				0.0	0.0	0.0	0	0	0
AW05	5	50	10	0.0	null	none	1000	0.1	activation;suppression;delay;loss;redirection	50	20711178	family_wide_maxT_fwer	0.03125	0.0	0.0				0.0	0.0	0.0	0	0	0
AW05	5	50	10	0.0	null	none	1000	0.1	activation;suppression;delay;loss;redirection	51	20712187	naive_selected_window_bh	0.03125	0.0	0.0				0.0	0.0	0.0	0	0	0
AW05	5	50	10	0.0	null	none	1000	0.1	activation;suppression;delay;loss;redirection	51	20712187	per_event_max_window_bh	0.03125	0.0	0.0				0.0	0.0	0.0	0	0	0
AW05	5	50	10	0.0	null	none	1000	0.1	activation;suppression;delay;loss;redirection	51	20712187	family_wide_maxT_fwer	0.03125	0.0	0.0				0.0	0.0	0.0	0	0	0
AW05	5	50	10	0.0	null	none	1000	0.1	activation;suppression;delay;loss;redirection	52	20713196	naive_selected_window_bh	0.03125	0.0	0.0				0.0	0.0	0.0	0	0	0
AW05	5	50	10	0.0	null	none	1000	0.1	activation;suppression;delay;loss;redirection	52	20713196	per_event_max_window_bh	0.03125	0.0	0.0				0.0	0.0	0.0	0	0	0
AW05	5	50	10	0.0	null	none	1000	0.1	activation;suppression;delay;loss;redirection	52	20713196	family_wide_maxT_fwer	0.03125	0.0	0.0				0.0	0.0	0.0	0	0	0
AW05	5	50	10	0.0	null	none	1000	0.1	activation;suppression;delay;loss;redirection	53	20714205	naive_selected_window_bh	0.03125	0.0	0.0				0.0	0.0	0.0	0	0	0
AW05	5	50	10	0.0	null	none	1000	0.1	activation;suppression;delay;loss;redirection	53	20714205	per_event_max_window_bh	0.03125	0.0	0.0				0.0	0.0	0.0	0	0	0
AW05	5	50	10	0.0	null	none	1000	0.1	activation;suppression;delay;loss;redirection	53	20714205	family_wide_maxT_fwer	0.03125	0.0	0.0				0.0	0.0	0.0	0	0	0
AW05	5	50	10	0.0	null	none	1000	0.1	activation;suppression;delay;loss;redirection	54	20715214	naive_selected_window_bh	0.03125	0.0	0.0				0.0	0.0	0.0	0	0	0
AW05	5	50	10	0.0	null	none	1000	0.1	activation;suppression;delay;loss;redirection	54	20715214	per_event_max_window_bh	0.03125	0.0	0.0				0.0	0.0	0.0	0	0	0
AW05	5	50	10	0.0	null	none	1000	0.1	activation;suppression;delay;loss;redirection	54	20715214	family_wide_maxT_fwer	0.03125	1.0	1.0				0.02	0.0	0.02	1	1	0
AW05	5	50	10	0.0	null	none	1000	0.1	activation;suppression;delay;loss;redirection	55	20716223	naive_selected_window_bh	0.03125	0.0	0.0				0.0	0.0	0.0	0	0	0
AW05	5	50	10	0.0	null	none	1000	0.1	activation;suppression;delay;loss;redirection	55	20716223	per_event_max_window_bh	0.03125	0.0	0.0				0.0	0.0	0.0	0	0	0
AW05	5	50	10	0.0	null	none	1000	0.1	activation;suppression;delay;loss;redirection	55	20716223	family_wide_maxT_fwer	0.03125	0.0	0.0				0.0	0.0	0.0	0	0	0
AW05	5	50	10	0.0	null	none	1000	0.1	activation;suppression;delay;loss;redirection	56	20717232	naive_selected_window_bh	0.03125	0.0	0.0				0.0	0.0	0.0	0	0	0
AW05	5	50	10	0.0	null	none	1000	0.1	activation;suppression;delay;loss;redirection	56	20717232	per_event_max_window_bh	0.03125	0.0	0.0				0.0	0.0	0.0	0	0	0
AW05	5	50	10	0.0	null	none	1000	0.1	activation;suppression;delay;loss;redirection	56	20717232	family_wide_maxT_fwer	0.03125	0.0	0.0				0.0	0.0	0.0	0	0	0
AW05	5	50	10	0.0	null	none	1000	0.1	activation;suppression;delay;loss;redirection	57	20718241	naive_selected_window_bh	0.03125	0.0	0.0				0.0	0.0	0.0	0	0	0
AW05	5	50	10	0.0	null	none	1000	0.1	activation;suppression;delay;loss;redirection	57	20718241	per_event_max_window_bh	0.03125	0.0	0.0				0.0	0.0	0.0	0	0	0
AW05	5	50	10	0.0	null	none	1000	0.1	activation;suppression;delay;loss;redirection	57	20718241	family_wide_maxT_fwer	0.03125	0.0	0.0				0.0	0.0	0.0	0	0	0
AW05	5	50	10	0.0	null	none	1000	0.1	activation;suppression;delay;loss;redirection	58	20719250	naive_selected_window_bh	0.03125	0.0	0.0				0.0	0.0	0.0	0	0	0
AW05	5	50	10	0.0	null	none	1000	0.1	activation;suppression;delay;loss;redirection	58	20719250	per_event_max_window_bh	0.03125	0.0	0.0				0.0	0.0	0.0	0	0	0
AW05	5	50	10	0.0	null	none	1000	0.1	activation;suppression;delay;loss;redirection	58	20719250	family_wide_maxT_fwer	0.03125	0.0	0.0				0.0	0.0	0.0	0	0	0
AW05	5	50	10	0.0	null	none	1000	0.1	activation;suppression;delay;loss;redirection	59	20720259	naive_selected_window_bh	0.03125	0.0	0.0				0.0	0.0	0.0	0	0	0
AW05	5	50	10	0.0	null	none	1000	0.1	activation;suppression;delay;loss;redirection	59	20720259	per_event_max_window_bh	0.03125	0.0	0.0				0.0	0.0	0.0	0	0	0
AW05	5	50	10	0.0	null	none	1000	0.1	activation;suppression;delay;loss;redirection	59	20720259	family_wide_maxT_fwer	0.03125	0.0	0.0				0.0	0.0	0.0	0	0	0
AW05	5	50	10	0.0	null	none	1000	0.1	activation;suppression;delay;loss;redirection	60	20721268	naive_selected_window_bh	0.03125	0.0	0.0				0.0	0.0	0.0	0	0	0
AW05	5	50	10	0.0	null	none	1000	0.1	activation;suppression;delay;loss;redirection	60	20721268	per_event_max_window_bh	0.03125	0.0	0.0				0.0	0.0	0.0	0	0	0
AW05	5	50	10	0.0	null	none	1000	0.1	activation;suppression;delay;loss;redirection	60	20721268	family_wide_maxT_fwer	0.03125	0.0	0.0				0.0	0.0	0.0	0	0	0
AW05	5	50	10	0.0	null	none	1000	0.1	activation;suppression;delay;loss;redirection	61	20722277	naive_selected_window_bh	0.03125	0.0	0.0				0.0	0.0	0.0	0	0	0
AW05	5	50	10	0.0	null	none	1000	0.1	activation;suppression;delay;loss;redirection	61	20722277	per_event_max_window_bh	0.03125	0.0	0.0				0.0	0.0	0.0	0	0	0
AW05	5	50	10	0.0	null	none	1000	0.1	activation;suppression;delay;loss;redirection	61	20722277	family_wide_maxT_fwer	0.03125	0.0	0.0				0.0	0.0	0.0	0	0	0
AW05	5	50	10	0.0	null	none	1000	0.1	activation;suppression;delay;loss;redirection	62	20723286	naive_selected_window_bh	0.03125	0.0	0.0				0.0	0.0	0.0	0	0	0
AW05	5	50	10	0.0	null	none	1000	0.1	activation;suppression;delay;loss;redirection	62	20723286	per_event_max_window_bh	0.03125	0.0	0.0				0.0	0.0	0.0	0	0	0
AW05	5	50	10	0.0	null	none	1000	0.1	activation;suppression;delay;loss;redirection	62	20723286	family_wide_maxT_fwer	0.03125	0.0	0.0				0.0	0.0	0.0	0	0	0
AW05	5	50	10	0.0	null	none	1000	0.1	activation;suppression;delay;loss;redirection	63	20724295	naive_selected_window_bh	0.03125	0.0	0.0				0.0	0.0	0.0	0	0	0
AW05	5	50	10	0.0	null	none	1000	0.1	activation;suppression;delay;loss;redirection	63	20724295	per_event_max_window_bh	0.03125	0.0	0.0				0.0	0.0	0.0	0	0	0
AW05	5	50	10	0.0	null	none	1000	0.1	activation;suppression;delay;loss;redirection	63	20724295	family_wide_maxT_fwer	0.03125	1.0	1.0				0.02	0.0	0.02	1	1	0
AW05	5	50	10	0.0	null	none	1000	0.1	activation;suppression;delay;loss;redirection	64	20725304	naive_selected_window_bh	0.03125	0.0	0.0				0.0	0.0	0.0	0	0	0
AW05	5	50	10	0.0	null	none	1000	0.1	activation;suppression;delay;loss;redirection	64	20725304	per_event_max_window_bh	0.03125	0.0	0.0				0.0	0.0	0.0	0	0	0
AW05	5	50	10	0.0	null	none	1000	0.1	activation;suppression;delay;loss;redirection	64	20725304	family_wide_maxT_fwer	0.03125	1.0	1.0				0.02	0.0	0.02	1	1	0
AW05	5	50	10	0.0	null	none	1000	0.1	activation;suppression;delay;loss;redirection	65	20726313	naive_selected_window_bh	0.03125	0.0	0.0				0.0	0.0	0.0	0	0	0
AW05	5	50	10	0.0	null	none	1000	0.1	activation;suppression;delay;loss;redirection	65	20726313	per_event_max_window_bh	0.03125	0.0	0.0				0.0	0.0	0.0	0	0	0
AW05	5	50	10	0.0	null	none	1000	0.1	activation;suppression;delay;loss;redirection	65	20726313	family_wide_maxT_fwer	0.03125	0.0	0.0				0.0	0.0	0.0	0	0	0
AW05	5	50	10	0.0	null	none	1000	0.1	activation;suppression;delay;loss;redirection	66	20727322	naive_selected_window_bh	0.03125	0.0	0.0				0.0	0.0	0.0	0	0	0
AW05	5	50	10	0.0	null	none	1000	0.1	activation;suppression;delay;loss;redirection	66	20727322	per_event_max_window_bh	0.03125	0.0	0.0				0.0	0.0	0.0	0	0	0
AW05	5	50	10	0.0	null	none	1000	0.1	activation;suppression;delay;loss;redirection	66	20727322	family_wide_maxT_fwer	0.03125	0.0	0.0				0.0	0.0	0.0	0	0	0
AW05	5	50	10	0.0	null	none	1000	0.1	activation;suppression;delay;loss;redirection	67	20728331	naive_selected_window_bh	0.03125	0.0	0.0				0.0	0.0	0.0	0	0	0
AW05	5	50	10	0.0	null	none	1000	0.1	activation;suppression;delay;loss;redirection	67	20728331	per_event_max_window_bh	0.03125	0.0	0.0				0.0	0.0	0.0	0	0	0
AW05	5	50	10	0.0	null	none	1000	0.1	activation;suppression;delay;loss;redirection	67	20728331	family_wide_maxT_fwer	0.03125	0.0	0.0				0.0	0.0	0.0	0	0	0
AW05	5	50	10	0.0	null	none	1000	0.1	activation;suppression;delay;loss;redirection	68	20729340	naive_selected_window_bh	0.03125	0.0	0.0				0.0	0.0	0.0	0	0	0
AW05	5	50	10	0.0	null	none	1000	0.1	activation;suppression;delay;loss;redirection	68	20729340	per_event_max_window_bh	0.03125	0.0	0.0				0.0	0.0	0.0	0	0	0
AW05	5	50	10	0.0	null	none	1000	0.1	activation;suppression;delay;loss;redirection	68	20729340	family_wide_maxT_fwer	0.03125	0.0	0.0				0.0	0.0	0.0	0	0	0
AW05	5	50	10	0.0	null	none	1000	0.1	activation;suppression;delay;loss;redirection	69	20730349	naive_selected_window_bh	0.03125	0.0	0.0				0.0	0.0	0.0	0	0	0
AW05	5	50	10	0.0	null	none	1000	0.1	activation;suppression;delay;loss;redirection	69	20730349	per_event_max_window_bh	0.03125	0.0	0.0				0.0	0.0	0.0	0	0	0
AW05	5	50	10	0.0	null	none	1000	0.1	activation;suppression;delay;loss;redirection	69	20730349	family_wide_maxT_fwer	0.03125	0.0	0.0				0.0	0.0	0.0	0	0	0
AW05	5	50	10	0.0	null	none	1000	0.1	activation;suppression;delay;loss;redirection	70	20731358	naive_selected_window_bh	0.03125	0.0	0.0				0.0	0.0	0.0	0	0	0
AW05	5	50	10	0.0	null	none	1000	0.1	activation;suppression;delay;loss;redirection	70	20731358	per_event_max_window_bh	0.03125	0.0	0.0				0.0	0.0	0.0	0	0	0
AW05	5	50	10	0.0	null	none	1000	0.1	activation;suppression;delay;loss;redirection	70	20731358	family_wide_maxT_fwer	0.03125	1.0	1.0				0.02	0.0	0.02	1	1	0
AW05	5	50	10	0.0	null	none	1000	0.1	activation;suppression;delay;loss;redirection	71	20732367	naive_selected_window_bh	0.03125	0.0	0.0				0.0	0.0	0.0	0	0	0
AW05	5	50	10	0.0	null	none	1000	0.1	activation;suppression;delay;loss;redirection	71	20732367	per_event_max_window_bh	0.03125	0.0	0.0				0.0	0.0	0.0	0	0	0
AW05	5	50	10	0.0	null	none	1000	0.1	activation;suppression;delay;loss;redirection	71	20732367	family_wide_maxT_fwer	0.03125	0.0	0.0				0.0	0.0	0.0	0	0	0
AW05	5	50	10	0.0	null	none	1000	0.1	activation;suppression;delay;loss;redirection	72	20733376	naive_selected_window_bh	0.03125	0.0	0.0				0.0	0.0	0.0	0	0	0
AW05	5	50	10	0.0	null	none	1000	0.1	activation;suppression;delay;loss;redirection	72	20733376	per_event_max_window_bh	0.03125	0.0	0.0				0.0	0.0	0.0	0	0	0
AW05	5	50	10	0.0	null	none	1000	0.1	activation;suppression;delay;loss;redirection	72	20733376	family_wide_maxT_fwer	0.03125	0.0	0.0				0.0	0.0	0.0	0	0	0
AW05	5	50	10	0.0	null	none	1000	0.1	activation;suppression;delay;loss;redirection	73	20734385	naive_selected_window_bh	0.03125	0.0	0.0				0.0	0.0	0.0	0	0	0
AW05	5	50	10	0.0	null	none	1000	0.1	activation;suppression;delay;loss;redirection	73	20734385	per_event_max_window_bh	0.03125	0.0	0.0				0.0	0.0	0.0	0	0	0
AW05	5	50	10	0.0	null	none	1000	0.1	activation;suppression;delay;loss;redirection	73	20734385	family_wide_maxT_fwer	0.03125	1.0	1.0				0.02	0.0	0.02	1	1	0
AW05	5	50	10	0.0	null	none	1000	0.1	activation;suppression;delay;loss;redirection	74	20735394	naive_selected_window_bh	0.03125	0.0	0.0				0.0	0.0	0.0	0	0	0
AW05	5	50	10	0.0	null	none	1000	0.1	activation;suppression;delay;loss;redirection	74	20735394	per_event_max_window_bh	0.03125	0.0	0.0				0.0	0.0	0.0	0	0	0
AW05	5	50	10	0.0	null	none	1000	0.1	activation;suppression;delay;loss;redirection	74	20735394	family_wide_maxT_fwer	0.03125	0.0	0.0				0.0	0.0	0.0	0	0	0
AW05	5	50	10	0.0	null	none	1000	0.1	activation;suppression;delay;loss;redirection	75	20736403	naive_selected_window_bh	0.03125	0.0	0.0				0.0	0.0	0.0	0	0	0
AW05	5	50	10	0.0	null	none	1000	0.1	activation;suppression;delay;loss;redirection	75	20736403	per_event_max_window_bh	0.03125	0.0	0.0				0.0	0.0	0.0	0	0	0
AW05	5	50	10	0.0	null	none	1000	0.1	activation;suppression;delay;loss;redirection	75	20736403	family_wide_maxT_fwer	0.03125	0.0	0.0				0.0	0.0	0.0	0	0	0
AW05	5	50	10	0.0	null	none	1000	0.1	activation;suppression;delay;loss;redirection	76	20737412	naive_selected_window_bh	0.03125	0.0	0.0				0.0	0.0	0.0	0	0	0
AW05	5	50	10	0.0	null	none	1000	0.1	activation;suppression;delay;loss;redirection	76	20737412	per_event_max_window_bh	0.03125	0.0	0.0				0.0	0.0	0.0	0	0	0
AW05	5	50	10	0.0	null	none	1000	0.1	activation;suppression;delay;loss;redirection	76	20737412	family_wide_maxT_fwer	0.03125	0.0	0.0				0.0	0.0	0.0	0	0	0
AW05	5	50	10	0.0	null	none	1000	0.1	activation;suppression;delay;loss;redirection	77	20738421	naive_selected_window_bh	0.03125	0.0	0.0				0.0	0.0	0.0	0	0	0
AW05	5	50	10	0.0	null	none	1000	0.1	activation;suppression;delay;loss;redirection	77	20738421	per_event_max_window_bh	0.03125	0.0	0.0				0.0	0.0	0.0	0	0	0
AW05	5	50	10	0.0	null	none	1000	0.1	activation;suppression;delay;loss;redirection	77	20738421	family_wide_maxT_fwer	0.03125	0.0	0.0				0.0	0.0	0.0	0	0	0
AW05	5	50	10	0.0	null	none	1000	0.1	activation;suppression;delay;loss;redirection	78	20739430	naive_selected_window_bh	0.03125	0.0	0.0				0.0	0.0	0.0	0	0	0
AW05	5	50	10	0.0	null	none	1000	0.1	activation;suppression;delay;loss;redirection	78	20739430	per_event_max_window_bh	0.03125	0.0	0.0				0.0	0.0	0.0	0	0	0
AW05	5	50	10	0.0	null	none	1000	0.1	activation;suppression;delay;loss;redirection	78	20739430	family_wide_maxT_fwer	0.03125	0.0	0.0				0.0	0.0	0.0	0	0	0
AW05	5	50	10	0.0	null	none	1000	0.1	activation;suppression;delay;loss;redirection	79	20740439	naive_selected_window_bh	0.03125	0.0	0.0				0.0	0.0	0.0	0	0	0
AW05	5	50	10	0.0	null	none	1000	0.1	activation;suppression;delay;loss;redirection	79	20740439	per_event_max_window_bh	0.03125	0.0	0.0				0.0	0.0	0.0	0	0	0
AW05	5	50	10	0.0	null	none	1000	0.1	activation;suppression;delay;loss;redirection	79	20740439	family_wide_maxT_fwer	0.03125	0.0	0.0				0.0	0.0	0.0	0	0	0
AW05	5	50	10	0.0	null	none	1000	0.1	activation;suppression;delay;loss;redirection	80	20741448	naive_selected_window_bh	0.03125	0.0	0.0				0.0	0.0	0.0	0	0	0
AW05	5	50	10	0.0	null	none	1000	0.1	activation;suppression;delay;loss;redirection	80	20741448	per_event_max_window_bh	0.03125	0.0	0.0				0.0	0.0	0.0	0	0	0
AW05	5	50	10	0.0	null	none	1000	0.1	activation;suppression;delay;loss;redirection	80	20741448	family_wide_maxT_fwer	0.03125	0.0	0.0				0.0	0.0	0.0	0	0	0
AW05	5	50	10	0.0	null	none	1000	0.1	activation;suppression;delay;loss;redirection	81	20742457	naive_selected_window_bh	0.03125	0.0	0.0				0.0	0.0	0.0	0	0	0
AW05	5	50	10	0.0	null	none	1000	0.1	activation;suppression;delay;loss;redirection	81	20742457	per_event_max_window_bh	0.03125	0.0	0.0				0.0	0.0	0.0	0	0	0
AW05	5	50	10	0.0	null	none	1000	0.1	activation;suppression;delay;loss;redirection	81	20742457	family_wide_maxT_fwer	0.03125	0.0	0.0				0.0	0.0	0.0	0	0	0
AW05	5	50	10	0.0	null	none	1000	0.1	activation;suppression;delay;loss;redirection	82	20743466	naive_selected_window_bh	0.03125	0.0	0.0				0.0	0.0	0.0	0	0	0
AW05	5	50	10	0.0	null	none	1000	0.1	activation;suppression;delay;loss;redirection	82	20743466	per_event_max_window_bh	0.03125	0.0	0.0				0.0	0.0	0.0	0	0	0
AW05	5	50	10	0.0	null	none	1000	0.1	activation;suppression;delay;loss;redirection	82	20743466	family_wide_maxT_fwer	0.03125	0.0	0.0				0.0	0.0	0.0	0	0	0
AW05	5	50	10	0.0	null	none	1000	0.1	activation;suppression;delay;loss;redirection	83	20744475	naive_selected_window_bh	0.03125	0.0	0.0				0.0	0.0	0.0	0	0	0
AW05	5	50	10	0.0	null	none	1000	0.1	activation;suppression;delay;loss;redirection	83	20744475	per_event_max_window_bh	0.03125	0.0	0.0				0.0	0.0	0.0	0	0	0
AW05	5	50	10	0.0	null	none	1000	0.1	activation;suppression;delay;loss;redirection	83	20744475	family_wide_maxT_fwer	0.03125	0.0	0.0				0.0	0.0	0.0	0	0	0
AW05	5	50	10	0.0	null	none	1000	0.1	activation;suppression;delay;loss;redirection	84	20745484	naive_selected_window_bh	0.03125	0.0	0.0				0.0	0.0	0.0	0	0	0
AW05	5	50	10	0.0	null	none	1000	0.1	activation;suppression;delay;loss;redirection	84	20745484	per_event_max_window_bh	0.03125	0.0	0.0				0.0	0.0	0.0	0	0	0
AW05	5	50	10	0.0	null	none	1000	0.1	activation;suppression;delay;loss;redirection	84	20745484	family_wide_maxT_fwer	0.03125	0.0	0.0				0.0	0.0	0.0	0	0	0
AW05	5	50	10	0.0	null	none	1000	0.1	activation;suppression;delay;loss;redirection	85	20746493	naive_selected_window_bh	0.03125	0.0	0.0				0.0	0.0	0.0	0	0	0
AW05	5	50	10	0.0	null	none	1000	0.1	activation;suppression;delay;loss;redirection	85	20746493	per_event_max_window_bh	0.03125	0.0	0.0				0.0	0.0	0.0	0	0	0
AW05	5	50	10	0.0	null	none	1000	0.1	activation;suppression;delay;loss;redirection	85	20746493	family_wide_maxT_fwer	0.03125	0.0	0.0				0.0	0.0	0.0	0	0	0
AW05	5	50	10	0.0	null	none	1000	0.1	activation;suppression;delay;loss;redirection	86	20747502	naive_selected_window_bh	0.03125	0.0	0.0				0.0	0.0	0.0	0	0	0
AW05	5	50	10	0.0	null	none	1000	0.1	activation;suppression;delay;loss;redirection	86	20747502	per_event_max_window_bh	0.03125	0.0	0.0				0.0	0.0	0.0	0	0	0
AW05	5	50	10	0.0	null	none	1000	0.1	activation;suppression;delay;loss;redirection	86	20747502	family_wide_maxT_fwer	0.03125	0.0	0.0				0.0	0.0	0.0	0	0	0
AW05	5	50	10	0.0	null	none	1000	0.1	activation;suppression;delay;loss;redirection	87	20748511	naive_selected_window_bh	0.03125	0.0	0.0				0.0	0.0	0.0	0	0	0
AW05	5	50	10	0.0	null	none	1000	0.1	activation;suppression;delay;loss;redirection	87	20748511	per_event_max_window_bh	0.03125	0.0	0.0				0.0	0.0	0.0	0	0	0
AW05	5	50	10	0.0	null	none	1000	0.1	activation;suppression;delay;loss;redirection	87	20748511	family_wide_maxT_fwer	0.03125	0.0	0.0				0.0	0.0	0.0	0	0	0
AW05	5	50	10	0.0	null	none	1000	0.1	activation;suppression;delay;loss;redirection	88	20749520	naive_selected_window_bh	0.03125	0.0	0.0				0.0	0.0	0.0	0	0	0
AW05	5	50	10	0.0	null	none	1000	0.1	activation;suppression;delay;loss;redirection	88	20749520	per_event_max_window_bh	0.03125	0.0	0.0				0.0	0.0	0.0	0	0	0
AW05	5	50	10	0.0	null	none	1000	0.1	activation;suppression;delay;loss;redirection	88	20749520	family_wide_maxT_fwer	0.03125	0.0	0.0				0.0	0.0	0.0	0	0	0
AW05	5	50	10	0.0	null	none	1000	0.1	activation;suppression;delay;loss;redirection	89	20750529	naive_selected_window_bh	0.03125	0.0	0.0				0.0	0.0	0.0	0	0	0
AW05	5	50	10	0.0	null	none	1000	0.1	activation;suppression;delay;loss;redirection	89	20750529	per_event_max_window_bh	0.03125	0.0	0.0				0.0	0.0	0.0	0	0	0
AW05	5	50	10	0.0	null	none	1000	0.1	activation;suppression;delay;loss;redirection	89	20750529	family_wide_maxT_fwer	0.03125	0.0	0.0				0.0	0.0	0.0	0	0	0
AW05	5	50	10	0.0	null	none	1000	0.1	activation;suppression;delay;loss;redirection	90	20751538	naive_selected_window_bh	0.03125	0.0	0.0				0.0	0.0	0.0	0	0	0
AW05	5	50	10	0.0	null	none	1000	0.1	activation;suppression;delay;loss;redirection	90	20751538	per_event_max_window_bh	0.03125	0.0	0.0				0.0	0.0	0.0	0	0	0
AW05	5	50	10	0.0	null	none	1000	0.1	activation;suppression;delay;loss;redirection	90	20751538	family_wide_maxT_fwer	0.03125	0.0	0.0				0.0	0.0	0.0	0	0	0
AW05	5	50	10	0.0	null	none	1000	0.1	activation;suppression;delay;loss;redirection	91	20752547	naive_selected_window_bh	0.03125	0.0	0.0				0.0	0.0	0.0	0	0	0
AW05	5	50	10	0.0	null	none	1000	0.1	activation;suppression;delay;loss;redirection	91	20752547	per_event_max_window_bh	0.03125	0.0	0.0				0.0	0.0	0.0	0	0	0
AW05	5	50	10	0.0	null	none	1000	0.1	activation;suppression;delay;loss;redirection	91	20752547	family_wide_maxT_fwer	0.03125	0.0	0.0				0.0	0.0	0.0	0	0	0
AW05	5	50	10	0.0	null	none	1000	0.1	activation;suppression;delay;loss;redirection	92	20753556	naive_selected_window_bh	0.03125	0.0	0.0				0.0	0.0	0.0	0	0	0
AW05	5	50	10	0.0	null	none	1000	0.1	activation;suppression;delay;loss;redirection	92	20753556	per_event_max_window_bh	0.03125	0.0	0.0				0.0	0.0	0.0	0	0	0
AW05	5	50	10	0.0	null	none	1000	0.1	activation;suppression;delay;loss;redirection	92	20753556	family_wide_maxT_fwer	0.03125	0.0	0.0				0.0	0.0	0.0	0	0	0
AW05	5	50	10	0.0	null	none	1000	0.1	activation;suppression;delay;loss;redirection	93	20754565	naive_selected_window_bh	0.03125	0.0	0.0				0.0	0.0	0.0	0	0	0
AW05	5	50	10	0.0	null	none	1000	0.1	activation;suppression;delay;loss;redirection	93	20754565	per_event_max_window_bh	0.03125	0.0	0.0				0.0	0.0	0.0	0	0	0
AW05	5	50	10	0.0	null	none	1000	0.1	activation;suppression;delay;loss;redirection	93	20754565	family_wide_maxT_fwer	0.03125	0.0	0.0				0.0	0.0	0.0	0	0	0
AW05	5	50	10	0.0	null	none	1000	0.1	activation;suppression;delay;loss;redirection	94	20755574	naive_selected_window_bh	0.03125	0.0	0.0				0.0	0.0	0.0	0	0	0
AW05	5	50	10	0.0	null	none	1000	0.1	activation;suppression;delay;loss;redirection	94	20755574	per_event_max_window_bh	0.03125	0.0	0.0				0.0	0.0	0.0	0	0	0
AW05	5	50	10	0.0	null	none	1000	0.1	activation;suppression;delay;loss;redirection	94	20755574	family_wide_maxT_fwer	0.03125	0.0	0.0				0.0	0.0	0.0	0	0	0
AW05	5	50	10	0.0	null	none	1000	0.1	activation;suppression;delay;loss;redirection	95	20756583	naive_selected_window_bh	0.03125	0.0	0.0				0.0	0.0	0.0	0	0	0
AW05	5	50	10	0.0	null	none	1000	0.1	activation;suppression;delay;loss;redirection	95	20756583	per_event_max_window_bh	0.03125	0.0	0.0				0.0	0.0	0.0	0	0	0
AW05	5	50	10	0.0	null	none	1000	0.1	activation;suppression;delay;loss;redirection	95	20756583	family_wide_maxT_fwer	0.03125	0.0	0.0				0.0	0.0	0.0	0	0	0
AW05	5	50	10	0.0	null	none	1000	0.1	activation;suppression;delay;loss;redirection	96	20757592	naive_selected_window_bh	0.03125	0.0	0.0				0.0	0.0	0.0	0	0	0
AW05	5	50	10	0.0	null	none	1000	0.1	activation;suppression;delay;loss;redirection	96	20757592	per_event_max_window_bh	0.03125	0.0	0.0				0.0	0.0	0.0	0	0	0
AW05	5	50	10	0.0	null	none	1000	0.1	activation;suppression;delay;loss;redirection	96	20757592	family_wide_maxT_fwer	0.03125	0.0	0.0				0.0	0.0	0.0	0	0	0
AW05	5	50	10	0.0	null	none	1000	0.1	activation;suppression;delay;loss;redirection	97	20758601	naive_selected_window_bh	0.03125	0.0	0.0				0.0	0.0	0.0	0	0	0
AW05	5	50	10	0.0	null	none	1000	0.1	activation;suppression;delay;loss;redirection	97	20758601	per_event_max_window_bh	0.03125	0.0	0.0				0.0	0.0	0.0	0	0	0
AW05	5	50	10	0.0	null	none	1000	0.1	activation;suppression;delay;loss;redirection	97	20758601	family_wide_maxT_fwer	0.03125	0.0	0.0				0.0	0.0	0.0	0	0	0
AW05	5	50	10	0.0	null	none	1000	0.1	activation;suppression;delay;loss;redirection	98	20759610	naive_selected_window_bh	0.03125	0.0	0.0				0.0	0.0	0.0	0	0	0
AW05	5	50	10	0.0	null	none	1000	0.1	activation;suppression;delay;loss;redirection	98	20759610	per_event_max_window_bh	0.03125	0.0	0.0				0.0	0.0	0.0	0	0	0
AW05	5	50	10	0.0	null	none	1000	0.1	activation;suppression;delay;loss;redirection	98	20759610	family_wide_maxT_fwer	0.03125	0.0	0.0				0.0	0.0	0.0	0	0	0
AW05	5	50	10	0.0	null	none	1000	0.1	activation;suppression;delay;loss;redirection	99	20760619	naive_selected_window_bh	0.03125	0.0	0.0				0.0	0.0	0.0	0	0	0
AW05	5	50	10	0.0	null	none	1000	0.1	activation;suppression;delay;loss;redirection	99	20760619	per_event_max_window_bh	0.03125	0.0	0.0				0.0	0.0	0.0	0	0	0
AW05	5	50	10	0.0	null	none	1000	0.1	activation;suppression;delay;loss;redirection	99	20760619	family_wide_maxT_fwer	0.03125	0.0	0.0				0.0	0.0	0.0	0	0	0
AW06	10	50	10	0.7	weak	stress	5000	0.1	activation;suppression;delay;loss;redirection	0	20760731	naive_selected_window_bh	0.0009765625	0.6666666666666666	1.0	1.0	0.3629943502824859	0.14830508474576268	0.6	0.0	0.6	36	24	12
AW06	10	50	10	0.7	weak	stress	5000	0.1	activation;suppression;delay;loss;redirection	0	20760731	per_event_max_window_bh	0.0009765625	0.4	1.0	1.0	0.3629943502824859	0.14830508474576268	0.28	0.0	0.28	20	8	12
AW06	10	50	10	0.7	weak	stress	5000	0.1	activation;suppression;delay;loss;redirection	0	20760731	family_wide_maxT_fwer	0.0009765625	0.3888888888888889	1.0	0.9166666666666666	0.38058551617873654	0.1571648690292758	0.24	0.02	0.24	18	7	11
AW06	10	50	10	0.7	weak	stress	5000	0.1	activation;suppression;delay;loss;redirection	1	20761740	naive_selected_window_bh	0.0009765625	0.45454545454545453	1.0	1.0	0.3446327683615819	0.172316384180791	0.32	0.0	0.32	22	10	12
AW06	10	50	10	0.7	weak	stress	5000	0.1	activation;suppression;delay;loss;redirection	1	20761740	per_event_max_window_bh	0.0009765625	0.3333333333333333	1.0	1.0	0.3446327683615819	0.172316384180791	0.24	0.0	0.24	18	6	12
AW06	10	50	10	0.7	weak	stress	5000	0.1	activation;suppression;delay;loss;redirection	1	20761740	family_wide_maxT_fwer	0.0009765625	0.35294117647058826	1.0	0.9166666666666666	0.3605546995377503	0.18335901386748849	0.22	0.02	0.22	17	6	11
AW06	10	50	10	0.7	weak	stress	5000	0.1	activation;suppression;delay;loss;redirection	2	20762749	naive_selected_window_bh	0.0009765625	0.5862068965517241	1.0	1.0	0.31497175141242933	0.230225988700565	0.46	0.0	0.46	29	17	12
AW06	10	50	10	0.7	weak	stress	5000	0.1	activation;suppression;delay;loss;redirection	2	20762749	per_event_max_window_bh	0.0009765625	0.3684210526315789	1.0	1.0	0.31497175141242933	0.230225988700565	0.26	0.0	0.26	19	7	12
AW06	10	50	10	0.7	weak	stress	5000	0.1	activation;suppression;delay;loss;redirection	2	20762749	family_wide_maxT_fwer	0.0009765625	0.375	1.0	0.8333333333333334	0.32711864406779656	0.2593220338983051	0.2	0.04	0.2	16	6	10
AW06	10	50	10	0.7	weak	stress	5000	0.1	activation;suppression;delay;loss;redirection	3	20763758	naive_selected_window_bh	0.0009765625	0.6470588235294118	1.0	1.0	0.3008474576271187	0.21045197740112995	0.56	0.0	0.56	34	22	12
AW06	10	50	10	0.7	weak	stress	5000	0.1	activation;suppression;delay;loss;redirection	3	20763758	per_event_max_window_bh	0.0009765625	0.3684210526315789	1.0	1.0	0.3008474576271187	0.21045197740112995	0.26	0.0	0.26	19	7	12
AW06	10	50	10	0.7	weak	stress	5000	0.1	activation;suppression;delay;loss;redirection	3	20763758	family_wide_maxT_fwer	0.0009765625	0.3333333333333333	1.0	1.0	0.3008474576271187	0.21045197740112995	0.24	0.0	0.24	18	6	12
AW06	10	50	10	0.7	weak	stress	5000	0.1	activation;suppression;delay;loss;redirection	4	20764767	naive_selected_window_bh	0.0009765625	0.5862068965517241	1.0	1.0	0.28389830508474573	0.24152542372881358	0.46	0.0	0.46	29	17	12
AW06	10	50	10	0.7	weak	stress	5000	0.1	activation;suppression;delay;loss;redirection	4	20764767	per_event_max_window_bh	0.0009765625	0.3333333333333333	1.0	1.0	0.28389830508474573	0.24152542372881358	0.24	0.0	0.24	18	6	12
AW06	10	50	10	0.7	weak	stress	5000	0.1	activation;suppression;delay;loss;redirection	4	20764767	family_wide_maxT_fwer	0.0009765625	0.3333333333333333	1.0	1.0	0.28389830508474573	0.24152542372881358	0.24	0.0	0.24	18	6	12
AW06	10	50	10	0.7	weak	stress	5000	0.1	activation;suppression;delay;loss;redirection	5	20765776	naive_selected_window_bh	0.0009765625	0.5714285714285714	1.0	1.0	0.3008474576271186	0.21045197740112997	0.44	0.0	0.44	28	16	12
AW06	10	50	10	0.7	weak	stress	5000	0.1	activation;suppression;delay;loss;redirection	5	20765776	per_event_max_window_bh	0.0009765625	0.3333333333333333	1.0	1.0	0.3008474576271186	0.21045197740112997	0.24	0.0	0.24	18	6	12
AW06	10	50	10	0.7	weak	stress	5000	0.1	activation;suppression;delay;loss;redirection	5	20765776	family_wide_maxT_fwer	0.0009765625	0.375	1.0	0.8333333333333334	0.335593220338983	0.20677966101694917	0.2	0.04	0.2	16	6	10
AW06	10	50	10	0.7	weak	stress	5000	0.1	activation;suppression;delay;loss;redirection	6	20766785	naive_selected_window_bh	0.0009765625	0.5384615384615384	1.0	1.0	0.3531073446327684	0.16949152542372883	0.4	0.0	0.4	26	14	12
AW06	10	50	10	0.7	weak	stress	5000	0.1	activation;suppression;delay;loss;redirection	6	20766785	per_event_max_window_bh	0.0009765625	0.3333333333333333	1.0	1.0	0.3531073446327684	0.16949152542372883	0.24	0.0	0.24	18	6	12
AW06	10	50	10	0.7	weak	stress	5000	0.1	activation;suppression;delay;loss;redirection	6	20766785	family_wide_maxT_fwer	0.0009765625	0.375	1.0	0.8333333333333334	0.38983050847457623	0.20338983050847462	0.2	0.04	0.2	16	6	10
AW06	10	50	10	0.7	weak	stress	5000	0.1	activation;suppression;delay;loss;redirection	7	20767794	naive_selected_window_bh	0.0009765625	0.52	1.0	1.0	0.2838983050847458	0.23870056497175143	0.38	0.0	0.38	25	13	12
AW06	10	50	10	0.7	weak	stress	5000	0.1	activation;suppression;delay;loss;redirection	7	20767794	per_event_max_window_bh	0.0009765625	0.3684210526315789	1.0	1.0	0.2838983050847458	0.23870056497175143	0.26	0.0	0.26	19	7	12
AW06	10	50	10	0.7	weak	stress	5000	0.1	activation;suppression;delay;loss;redirection	7	20767794	family_wide_maxT_fwer	0.0009765625	0.3333333333333333	1.0	1.0	0.2838983050847458	0.23870056497175143	0.24	0.0	0.24	18	6	12
AW06	10	50	10	0.7	weak	stress	5000	0.1	activation;suppression;delay;loss;redirection	8	20768803	naive_selected_window_bh	0.0009765625	0.6470588235294118	1.0	1.0	0.32344632768361575	0.21045197740112997	0.56	0.0	0.56	34	22	12
AW06	10	50	10	0.7	weak	stress	5000	0.1	activation;suppression;delay;loss;redirection	8	20768803	per_event_max_window_bh	0.0009765625	0.4	1.0	1.0	0.32344632768361575	0.21045197740112997	0.28	0.0	0.28	20	8	12
AW06	10	50	10	0.7	weak	stress	5000	0.1	activation;suppression;delay;loss;redirection	8	20768803	family_wide_maxT_fwer	0.0009765625	0.35294117647058826	1.0	0.9166666666666666	0.31278890600924497	0.20493066255778122	0.22	0.02	0.22	17	6	11
AW06	10	50	10	0.7	weak	stress	5000	0.1	activation;suppression;delay;loss;redirection	9	20769812	naive_selected_window_bh	0.0009765625	0.6571428571428571	1.0	1.0	0.26129943502824854	0.2556497175141243	0.58	0.0	0.58	35	23	12
AW06	10	50	10	0.7	weak	stress	5000	0.1	activation;suppression;delay;loss;redirection	9	20769812	per_event_max_window_bh	0.0009765625	0.3333333333333333	1.0	1.0	0.26129943502824854	0.2556497175141243	0.24	0.0	0.24	18	6	12
AW06	10	50	10	0.7	weak	stress	5000	0.1	activation;suppression;delay;loss;redirection	9	20769812	family_wide_maxT_fwer	0.0009765625	0.3333333333333333	1.0	1.0	0.26129943502824854	0.2556497175141243	0.24	0.0	0.24	18	6	12
AW06	10	50	10	0.7	weak	stress	5000	0.1	activation;suppression;delay;loss;redirection	10	20770821	naive_selected_window_bh	0.0009765625	0.6756756756756757	1.0	1.0	0.2627118644067796	0.2598870056497175	0.62	0.0	0.62	37	25	12
AW06	10	50	10	0.7	weak	stress	5000	0.1	activation;suppression;delay;loss;redirection	10	20770821	per_event_max_window_bh	0.0009765625	0.3333333333333333	1.0	1.0	0.2627118644067796	0.2598870056497175	0.24	0.0	0.24	18	6	12
AW06	10	50	10	0.7	weak	stress	5000	0.1	activation;suppression;delay;loss;redirection	10	20770821	family_wide_maxT_fwer	0.0009765625	0.375	1.0	0.8333333333333334	0.2813559322033898	0.25762711864406784	0.2	0.04	0.2	16	6	10
AW06	10	50	10	0.7	weak	stress	5000	0.1	activation;suppression;delay;loss;redirection	11	20771830	naive_selected_window_bh	0.0009765625	0.6129032258064516	1.0	1.0	0.29237288135593215	0.23870056497175143	0.5	0.0	0.5	31	19	12
AW06	10	50	10	0.7	weak	stress	5000	0.1	activation;suppression;delay;loss;redirection	11	20771830	per_event_max_window_bh	0.0009765625	0.3684210526315789	1.0	1.0	0.29237288135593215	0.23870056497175143	0.26	0.0	0.26	19	7	12
AW06	10	50	10	0.7	weak	stress	5000	0.1	activation;suppression;delay;loss;redirection	11	20771830	family_wide_maxT_fwer	0.0009765625	0.375	1.0	0.8333333333333334	0.3084745762711864	0.2728813559322035	0.2	0.04	0.2	16	6	10
AW07	3	100	10	0.7	moderate	batch_time	1000	0.1	activation;suppression;delay;loss;redirection	0	20860734	naive_selected_window_bh	0.125	0.0	0.0	0.0			0.0	0.25	0.0	0	0	0
AW07	3	100	10	0.7	moderate	batch_time	1000	0.1	activation;suppression;delay;loss;redirection	0	20860734	per_event_max_window_bh	0.125	0.0	0.0	0.0			0.0	0.25	0.0	0	0	0
AW07	3	100	10	0.7	moderate	batch_time	1000	0.1	activation;suppression;delay;loss;redirection	0	20860734	family_wide_maxT_fwer	0.125	0.0	0.0	0.0			0.0	0.25	0.0	0	0	0
AW07	3	100	10	0.7	moderate	batch_time	1000	0.1	activation;suppression;delay;loss;redirection	1	20861743	naive_selected_window_bh	0.125	0.0	0.0	0.0			0.0	0.25	0.0	0	0	0
AW07	3	100	10	0.7	moderate	batch_time	1000	0.1	activation;suppression;delay;loss;redirection	1	20861743	per_event_max_window_bh	0.125	0.0	0.0	0.0			0.0	0.25	0.0	0	0	0
AW07	3	100	10	0.7	moderate	batch_time	1000	0.1	activation;suppression;delay;loss;redirection	1	20861743	family_wide_maxT_fwer	0.125	0.0	0.0	0.0			0.0	0.25	0.0	0	0	0
AW07	3	100	10	0.7	moderate	batch_time	1000	0.1	activation;suppression;delay;loss;redirection	2	20862752	naive_selected_window_bh	0.125	0.0	0.0	0.0			0.0	0.25	0.0	0	0	0
AW07	3	100	10	0.7	moderate	batch_time	1000	0.1	activation;suppression;delay;loss;redirection	2	20862752	per_event_max_window_bh	0.125	0.0	0.0	0.0			0.0	0.25	0.0	0	0	0
AW07	3	100	10	0.7	moderate	batch_time	1000	0.1	activation;suppression;delay;loss;redirection	2	20862752	family_wide_maxT_fwer	0.125	0.0	0.0	0.0			0.0	0.25	0.0	0	0	0
AW07	3	100	10	0.7	moderate	batch_time	1000	0.1	activation;suppression;delay;loss;redirection	3	20863761	naive_selected_window_bh	0.125	0.0	0.0	0.0			0.0	0.25	0.0	0	0	0
AW07	3	100	10	0.7	moderate	batch_time	1000	0.1	activation;suppression;delay;loss;redirection	3	20863761	per_event_max_window_bh	0.125	0.0	0.0	0.0			0.0	0.25	0.0	0	0	0
AW07	3	100	10	0.7	moderate	batch_time	1000	0.1	activation;suppression;delay;loss;redirection	3	20863761	family_wide_maxT_fwer	0.125	0.0	0.0	0.0			0.0	0.25	0.0	0	0	0
AW07	3	100	10	0.7	moderate	batch_time	1000	0.1	activation;suppression;delay;loss;redirection	4	20864770	naive_selected_window_bh	0.125	0.0	0.0	0.0			0.0	0.25	0.0	0	0	0
AW07	3	100	10	0.7	moderate	batch_time	1000	0.1	activation;suppression;delay;loss;redirection	4	20864770	per_event_max_window_bh	0.125	0.0	0.0	0.0			0.0	0.25	0.0	0	0	0
AW07	3	100	10	0.7	moderate	batch_time	1000	0.1	activation;suppression;delay;loss;redirection	4	20864770	family_wide_maxT_fwer	0.125	0.0	0.0	0.0			0.0	0.25	0.0	0	0	0
AW07	3	100	10	0.7	moderate	batch_time	1000	0.1	activation;suppression;delay;loss;redirection	5	20865779	naive_selected_window_bh	0.125	0.0	0.0	0.0			0.0	0.25	0.0	0	0	0
AW07	3	100	10	0.7	moderate	batch_time	1000	0.1	activation;suppression;delay;loss;redirection	5	20865779	per_event_max_window_bh	0.125	0.0	0.0	0.0			0.0	0.25	0.0	0	0	0
AW07	3	100	10	0.7	moderate	batch_time	1000	0.1	activation;suppression;delay;loss;redirection	5	20865779	family_wide_maxT_fwer	0.125	0.0	0.0	0.0			0.0	0.25	0.0	0	0	0
AW07	3	100	10	0.7	moderate	batch_time	1000	0.1	activation;suppression;delay;loss;redirection	6	20866788	naive_selected_window_bh	0.125	0.0	0.0	0.0			0.0	0.25	0.0	0	0	0
AW07	3	100	10	0.7	moderate	batch_time	1000	0.1	activation;suppression;delay;loss;redirection	6	20866788	per_event_max_window_bh	0.125	0.0	0.0	0.0			0.0	0.25	0.0	0	0	0
AW07	3	100	10	0.7	moderate	batch_time	1000	0.1	activation;suppression;delay;loss;redirection	6	20866788	family_wide_maxT_fwer	0.125	0.0	0.0	0.0			0.0	0.25	0.0	0	0	0
AW07	3	100	10	0.7	moderate	batch_time	1000	0.1	activation;suppression;delay;loss;redirection	7	20867797	naive_selected_window_bh	0.125	0.0	0.0	0.0			0.0	0.25	0.0	0	0	0
AW07	3	100	10	0.7	moderate	batch_time	1000	0.1	activation;suppression;delay;loss;redirection	7	20867797	per_event_max_window_bh	0.125	0.0	0.0	0.0			0.0	0.25	0.0	0	0	0
AW07	3	100	10	0.7	moderate	batch_time	1000	0.1	activation;suppression;delay;loss;redirection	7	20867797	family_wide_maxT_fwer	0.125	0.0	0.0	0.0			0.0	0.25	0.0	0	0	0
AW07	3	100	10	0.7	moderate	batch_time	1000	0.1	activation;suppression;delay;loss;redirection	8	20868806	naive_selected_window_bh	0.125	0.0	0.0	0.0			0.0	0.25	0.0	0	0	0
AW07	3	100	10	0.7	moderate	batch_time	1000	0.1	activation;suppression;delay;loss;redirection	8	20868806	per_event_max_window_bh	0.125	0.0	0.0	0.0			0.0	0.25	0.0	0	0	0
AW07	3	100	10	0.7	moderate	batch_time	1000	0.1	activation;suppression;delay;loss;redirection	8	20868806	family_wide_maxT_fwer	0.125	0.0	0.0	0.0			0.0	0.25	0.0	0	0	0
AW07	3	100	10	0.7	moderate	batch_time	1000	0.1	activation;suppression;delay;loss;redirection	9	20869815	naive_selected_window_bh	0.125	0.0	0.0	0.0			0.0	0.25	0.0	0	0	0
AW07	3	100	10	0.7	moderate	batch_time	1000	0.1	activation;suppression;delay;loss;redirection	9	20869815	per_event_max_window_bh	0.125	0.0	0.0	0.0			0.0	0.25	0.0	0	0	0
AW07	3	100	10	0.7	moderate	batch_time	1000	0.1	activation;suppression;delay;loss;redirection	9	20869815	family_wide_maxT_fwer	0.125	0.0	0.0	0.0			0.0	0.25	0.0	0	0	0
AW07	3	100	10	0.7	moderate	batch_time	1000	0.1	activation;suppression;delay;loss;redirection	10	20870824	naive_selected_window_bh	0.125	0.0	0.0	0.0			0.0	0.25	0.0	0	0	0
AW07	3	100	10	0.7	moderate	batch_time	1000	0.1	activation;suppression;delay;loss;redirection	10	20870824	per_event_max_window_bh	0.125	0.0	0.0	0.0			0.0	0.25	0.0	0	0	0
AW07	3	100	10	0.7	moderate	batch_time	1000	0.1	activation;suppression;delay;loss;redirection	10	20870824	family_wide_maxT_fwer	0.125	0.0	0.0	0.0			0.0	0.25	0.0	0	0	0
AW07	3	100	10	0.7	moderate	batch_time	1000	0.1	activation;suppression;delay;loss;redirection	11	20871833	naive_selected_window_bh	0.125	0.0	0.0	0.0			0.0	0.25	0.0	0	0	0
AW07	3	100	10	0.7	moderate	batch_time	1000	0.1	activation;suppression;delay;loss;redirection	11	20871833	per_event_max_window_bh	0.125	0.0	0.0	0.0			0.0	0.25	0.0	0	0	0
AW07	3	100	10	0.7	moderate	batch_time	1000	0.1	activation;suppression;delay;loss;redirection	11	20871833	family_wide_maxT_fwer	0.125	0.0	0.0	0.0			0.0	0.25	0.0	0	0	0
AW08	5	100	10	0.3	strong	batch_time	1000	0.1	activation;suppression;delay;loss;redirection	0	20960737	naive_selected_window_bh	0.03125	0.0	0.0	0.0			0.0	0.25	0.0	0	0	0
AW08	5	100	10	0.3	strong	batch_time	1000	0.1	activation;suppression;delay;loss;redirection	0	20960737	per_event_max_window_bh	0.03125	0.0	0.0	0.0			0.0	0.25	0.0	0	0	0
AW08	5	100	10	0.3	strong	batch_time	1000	0.1	activation;suppression;delay;loss;redirection	0	20960737	family_wide_maxT_fwer	0.03125	0.0	0.0	0.16	0.4491525423728814	0.3008474576271187	0.0	0.21	0.04	4	0	4
AW08	5	100	10	0.3	strong	batch_time	1000	0.1	activation;suppression;delay;loss;redirection	1	20961746	naive_selected_window_bh	0.03125	0.0	0.0	0.0			0.0	0.25	0.0	0	0	0
AW08	5	100	10	0.3	strong	batch_time	1000	0.1	activation;suppression;delay;loss;redirection	1	20961746	per_event_max_window_bh	0.03125	0.0	0.0	0.0			0.0	0.25	0.0	0	0	0
AW08	5	100	10	0.3	strong	batch_time	1000	0.1	activation;suppression;delay;loss;redirection	1	20961746	family_wide_maxT_fwer	0.03125	0.0	0.0	0.0			0.0	0.25	0.0	0	0	0
AW08	5	100	10	0.3	strong	batch_time	1000	0.1	activation;suppression;delay;loss;redirection	2	20962755	naive_selected_window_bh	0.03125	0.0	0.0	0.0			0.0	0.25	0.0	0	0	0
AW08	5	100	10	0.3	strong	batch_time	1000	0.1	activation;suppression;delay;loss;redirection	2	20962755	per_event_max_window_bh	0.03125	0.0	0.0	0.0			0.0	0.25	0.0	0	0	0
AW08	5	100	10	0.3	strong	batch_time	1000	0.1	activation;suppression;delay;loss;redirection	2	20962755	family_wide_maxT_fwer	0.03125	0.0	0.0	0.2	0.28135593220338984	0.2	0.0	0.2	0.05	5	0	5
AW08	5	100	10	0.3	strong	batch_time	1000	0.1	activation;suppression;delay;loss;redirection	3	20963764	naive_selected_window_bh	0.03125	0.0	0.0	0.0			0.0	0.25	0.0	0	0	0
AW08	5	100	10	0.3	strong	batch_time	1000	0.1	activation;suppression;delay;loss;redirection	3	20963764	per_event_max_window_bh	0.03125	0.0	0.0	0.0			0.0	0.25	0.0	0	0	0
AW08	5	100	10	0.3	strong	batch_time	1000	0.1	activation;suppression;delay;loss;redirection	3	20963764	family_wide_maxT_fwer	0.03125	0.0	0.0	0.0			0.0	0.25	0.0	0	0	0
AW08	5	100	10	0.3	strong	batch_time	1000	0.1	activation;suppression;delay;loss;redirection	4	20964773	naive_selected_window_bh	0.03125	0.0	0.0	0.0			0.0	0.25	0.0	0	0	0
AW08	5	100	10	0.3	strong	batch_time	1000	0.1	activation;suppression;delay;loss;redirection	4	20964773	per_event_max_window_bh	0.03125	0.0	0.0	0.0			0.0	0.25	0.0	0	0	0
AW08	5	100	10	0.3	strong	batch_time	1000	0.1	activation;suppression;delay;loss;redirection	4	20964773	family_wide_maxT_fwer	0.03125	0.0	0.0	0.08	0.22033898305084743	0.4067796610169492	0.0	0.23	0.02	2	0	2
AW08	5	100	10	0.3	strong	batch_time	1000	0.1	activation;suppression;delay;loss;redirection	5	20965782	naive_selected_window_bh	0.03125	0.0	0.0	0.0			0.0	0.25	0.0	0	0	0
AW08	5	100	10	0.3	strong	batch_time	1000	0.1	activation;suppression;delay;loss;redirection	5	20965782	per_event_max_window_bh	0.03125	0.0	0.0	0.0			0.0	0.25	0.0	0	0	0
AW08	5	100	10	0.3	strong	batch_time	1000	0.1	activation;suppression;delay;loss;redirection	5	20965782	family_wide_maxT_fwer	0.03125	0.0	0.0	0.0			0.0	0.25	0.0	0	0	0
AW08	5	100	10	0.3	strong	batch_time	1000	0.1	activation;suppression;delay;loss;redirection	6	20966791	naive_selected_window_bh	0.03125	0.5370370370370371	1.0	1.0	0.3423728813559322	0.18033898305084747	0.28	0.0	0.53	54	29	25
AW08	5	100	10	0.3	strong	batch_time	1000	0.1	activation;suppression;delay;loss;redirection	6	20966791	per_event_max_window_bh	0.03125	0.0	0.0	0.0			0.0	0.25	0.0	0	0	0
AW08	5	100	10	0.3	strong	batch_time	1000	0.1	activation;suppression;delay;loss;redirection	6	20966791	family_wide_maxT_fwer	0.03125	0.0	0.0	0.44	0.37134052388289673	0.20647149460708783	0.0	0.14	0.11	11	0	11
AW08	5	100	10	0.3	strong	batch_time	1000	0.1	activation;suppression;delay;loss;redirection	7	20967800	naive_selected_window_bh	0.03125	0.0	0.0	0.0			0.0	0.25	0.0	0	0	0
AW08	5	100	10	0.3	strong	batch_time	1000	0.1	activation;suppression;delay;loss;redirection	7	20967800	per_event_max_window_bh	0.03125	0.0	0.0	0.0			0.0	0.25	0.0	0	0	0
AW08	5	100	10	0.3	strong	batch_time	1000	0.1	activation;suppression;delay;loss;redirection	7	20967800	family_wide_maxT_fwer	0.03125	0.0	0.0	0.0			0.0	0.25	0.0	0	0	0
AW08	5	100	10	0.3	strong	batch_time	1000	0.1	activation;suppression;delay;loss;redirection	8	20968809	naive_selected_window_bh	0.03125	0.0	0.0	0.0			0.0	0.25	0.0	0	0	0
AW08	5	100	10	0.3	strong	batch_time	1000	0.1	activation;suppression;delay;loss;redirection	8	20968809	per_event_max_window_bh	0.03125	0.0	0.0	0.0			0.0	0.25	0.0	0	0	0
AW08	5	100	10	0.3	strong	batch_time	1000	0.1	activation;suppression;delay;loss;redirection	8	20968809	family_wide_maxT_fwer	0.03125	0.0	0.0	0.08	0.35593220338983045	0.27118644067796616	0.0	0.23	0.02	2	0	2
AW08	5	100	10	0.3	strong	batch_time	1000	0.1	activation;suppression;delay;loss;redirection	9	20969818	naive_selected_window_bh	0.03125	0.0	0.0	0.0			0.0	0.25	0.0	0	0	0
AW08	5	100	10	0.3	strong	batch_time	1000	0.1	activation;suppression;delay;loss;redirection	9	20969818	per_event_max_window_bh	0.03125	0.0	0.0	0.0			0.0	0.25	0.0	0	0	0
AW08	5	100	10	0.3	strong	batch_time	1000	0.1	activation;suppression;delay;loss;redirection	9	20969818	family_wide_maxT_fwer	0.03125	0.0	0.0	0.32	0.3199152542372881	0.2838983050847458	0.0	0.17	0.08	8	0	8
AW08	5	100	10	0.3	strong	batch_time	1000	0.1	activation;suppression;delay;loss;redirection	10	20970827	naive_selected_window_bh	0.03125	0.0	0.0	0.0			0.0	0.25	0.0	0	0	0
AW08	5	100	10	0.3	strong	batch_time	1000	0.1	activation;suppression;delay;loss;redirection	10	20970827	per_event_max_window_bh	0.03125	0.0	0.0	0.0			0.0	0.25	0.0	0	0	0
AW08	5	100	10	0.3	strong	batch_time	1000	0.1	activation;suppression;delay;loss;redirection	10	20970827	family_wide_maxT_fwer	0.03125	0.0	0.0	0.08	0.4915254237288135	0.22033898305084748	0.0	0.23	0.02	2	0	2
AW08	5	100	10	0.3	strong	batch_time	1000	0.1	activation;suppression;delay;loss;redirection	11	20971836	naive_selected_window_bh	0.03125	0.0	0.0	0.0			0.0	0.25	0.0	0	0	0
AW08	5	100	10	0.3	strong	batch_time	1000	0.1	activation;suppression;delay;loss;redirection	11	20971836	per_event_max_window_bh	0.03125	0.0	0.0	0.0			0.0	0.25	0.0	0	0	0
AW08	5	100	10	0.3	strong	batch_time	1000	0.1	activation;suppression;delay;loss;redirection	11	20971836	family_wide_maxT_fwer	0.03125	0.0	0.0	0.4	0.3016949152542373	0.2627118644067797	0.0	0.15	0.1	10	0	10
AW09	10	100	10	0.0	null	missing_intermediates	1000	0.1	activation;suppression;delay;loss;redirection	0	21060740	naive_selected_window_bh	0.0009765625	1.0	1.0				0.07	0.0	0.07	8	8	0
AW09	10	100	10	0.0	null	missing_intermediates	1000	0.1	activation;suppression;delay;loss;redirection	0	21060740	per_event_max_window_bh	0.0009765625	0.0	0.0				0.0	0.0	0.0	0	0	0
AW09	10	100	10	0.0	null	missing_intermediates	1000	0.1	activation;suppression;delay;loss;redirection	0	21060740	family_wide_maxT_fwer	0.0009765625	0.0	0.0				0.0	0.0	0.0	0	0	0
AW09	10	100	10	0.0	null	missing_intermediates	1000	0.1	activation;suppression;delay;loss;redirection	1	21061749	naive_selected_window_bh	0.0009765625	1.0	1.0				0.22	0.0	0.22	25	25	0
AW09	10	100	10	0.0	null	missing_intermediates	1000	0.1	activation;suppression;delay;loss;redirection	1	21061749	per_event_max_window_bh	0.0009765625	0.0	0.0				0.0	0.0	0.0	0	0	0
AW09	10	100	10	0.0	null	missing_intermediates	1000	0.1	activation;suppression;delay;loss;redirection	1	21061749	family_wide_maxT_fwer	0.0009765625	0.0	0.0				0.0	0.0	0.0	0	0	0
AW09	10	100	10	0.0	null	missing_intermediates	1000	0.1	activation;suppression;delay;loss;redirection	2	21062758	naive_selected_window_bh	0.0009765625	1.0	1.0				0.15	0.0	0.15	17	17	0
AW09	10	100	10	0.0	null	missing_intermediates	1000	0.1	activation;suppression;delay;loss;redirection	2	21062758	per_event_max_window_bh	0.0009765625	0.0	0.0				0.0	0.0	0.0	0	0	0
AW09	10	100	10	0.0	null	missing_intermediates	1000	0.1	activation;suppression;delay;loss;redirection	2	21062758	family_wide_maxT_fwer	0.0009765625	0.0	0.0				0.0	0.0	0.0	0	0	0
AW09	10	100	10	0.0	null	missing_intermediates	1000	0.1	activation;suppression;delay;loss;redirection	3	21063767	naive_selected_window_bh	0.0009765625	1.0	1.0				0.16	0.0	0.16	19	19	0
AW09	10	100	10	0.0	null	missing_intermediates	1000	0.1	activation;suppression;delay;loss;redirection	3	21063767	per_event_max_window_bh	0.0009765625	0.0	0.0				0.0	0.0	0.0	0	0	0
AW09	10	100	10	0.0	null	missing_intermediates	1000	0.1	activation;suppression;delay;loss;redirection	3	21063767	family_wide_maxT_fwer	0.0009765625	0.0	0.0				0.0	0.0	0.0	0	0	0
AW09	10	100	10	0.0	null	missing_intermediates	1000	0.1	activation;suppression;delay;loss;redirection	4	21064776	naive_selected_window_bh	0.0009765625	1.0	1.0				0.1	0.0	0.1	12	12	0
AW09	10	100	10	0.0	null	missing_intermediates	1000	0.1	activation;suppression;delay;loss;redirection	4	21064776	per_event_max_window_bh	0.0009765625	0.0	0.0				0.0	0.0	0.0	0	0	0
AW09	10	100	10	0.0	null	missing_intermediates	1000	0.1	activation;suppression;delay;loss;redirection	4	21064776	family_wide_maxT_fwer	0.0009765625	0.0	0.0				0.0	0.0	0.0	0	0	0
AW09	10	100	10	0.0	null	missing_intermediates	1000	0.1	activation;suppression;delay;loss;redirection	5	21065785	naive_selected_window_bh	0.0009765625	1.0	1.0				0.14	0.0	0.14	17	17	0
AW09	10	100	10	0.0	null	missing_intermediates	1000	0.1	activation;suppression;delay;loss;redirection	5	21065785	per_event_max_window_bh	0.0009765625	0.0	0.0				0.0	0.0	0.0	0	0	0
AW09	10	100	10	0.0	null	missing_intermediates	1000	0.1	activation;suppression;delay;loss;redirection	5	21065785	family_wide_maxT_fwer	0.0009765625	0.0	0.0				0.0	0.0	0.0	0	0	0
AW09	10	100	10	0.0	null	missing_intermediates	1000	0.1	activation;suppression;delay;loss;redirection	6	21066794	naive_selected_window_bh	0.0009765625	1.0	1.0				0.1	0.0	0.1	11	11	0
AW09	10	100	10	0.0	null	missing_intermediates	1000	0.1	activation;suppression;delay;loss;redirection	6	21066794	per_event_max_window_bh	0.0009765625	0.0	0.0				0.0	0.0	0.0	0	0	0
AW09	10	100	10	0.0	null	missing_intermediates	1000	0.1	activation;suppression;delay;loss;redirection	6	21066794	family_wide_maxT_fwer	0.0009765625	0.0	0.0				0.0	0.0	0.0	0	0	0
AW09	10	100	10	0.0	null	missing_intermediates	1000	0.1	activation;suppression;delay;loss;redirection	7	21067803	naive_selected_window_bh	0.0009765625	0.0	0.0				0.0	0.0	0.0	0	0	0
AW09	10	100	10	0.0	null	missing_intermediates	1000	0.1	activation;suppression;delay;loss;redirection	7	21067803	per_event_max_window_bh	0.0009765625	0.0	0.0				0.0	0.0	0.0	0	0	0
AW09	10	100	10	0.0	null	missing_intermediates	1000	0.1	activation;suppression;delay;loss;redirection	7	21067803	family_wide_maxT_fwer	0.0009765625	0.0	0.0				0.0	0.0	0.0	0	0	0
AW09	10	100	10	0.0	null	missing_intermediates	1000	0.1	activation;suppression;delay;loss;redirection	8	21068812	naive_selected_window_bh	0.0009765625	0.0	0.0				0.0	0.0	0.0	0	0	0
AW09	10	100	10	0.0	null	missing_intermediates	1000	0.1	activation;suppression;delay;loss;redirection	8	21068812	per_event_max_window_bh	0.0009765625	0.0	0.0				0.0	0.0	0.0	0	0	0
AW09	10	100	10	0.0	null	missing_intermediates	1000	0.1	activation;suppression;delay;loss;redirection	8	21068812	family_wide_maxT_fwer	0.0009765625	0.0	0.0				0.0	0.0	0.0	0	0	0
AW09	10	100	10	0.0	null	missing_intermediates	1000	0.1	activation;suppression;delay;loss;redirection	9	21069821	naive_selected_window_bh	0.0009765625	1.0	1.0				0.06	0.0	0.06	6	6	0
AW09	10	100	10	0.0	null	missing_intermediates	1000	0.1	activation;suppression;delay;loss;redirection	9	21069821	per_event_max_window_bh	0.0009765625	0.0	0.0				0.0	0.0	0.0	0	0	0
AW09	10	100	10	0.0	null	missing_intermediates	1000	0.1	activation;suppression;delay;loss;redirection	9	21069821	family_wide_maxT_fwer	0.0009765625	0.0	0.0				0.0	0.0	0.0	0	0	0
AW09	10	100	10	0.0	null	missing_intermediates	1000	0.1	activation;suppression;delay;loss;redirection	10	21070830	naive_selected_window_bh	0.0009765625	1.0	1.0				0.12	0.0	0.12	12	12	0
AW09	10	100	10	0.0	null	missing_intermediates	1000	0.1	activation;suppression;delay;loss;redirection	10	21070830	per_event_max_window_bh	0.0009765625	0.0	0.0				0.0	0.0	0.0	0	0	0
AW09	10	100	10	0.0	null	missing_intermediates	1000	0.1	activation;suppression;delay;loss;redirection	10	21070830	family_wide_maxT_fwer	0.0009765625	0.0	0.0				0.0	0.0	0.0	0	0	0
AW09	10	100	10	0.0	null	missing_intermediates	1000	0.1	activation;suppression;delay;loss;redirection	11	21071839	naive_selected_window_bh	0.0009765625	0.0	0.0				0.0	0.0	0.0	0	0	0
AW09	10	100	10	0.0	null	missing_intermediates	1000	0.1	activation;suppression;delay;loss;redirection	11	21071839	per_event_max_window_bh	0.0009765625	0.0	0.0				0.0	0.0	0.0	0	0	0
AW09	10	100	10	0.0	null	missing_intermediates	1000	0.1	activation;suppression;delay;loss;redirection	11	21071839	family_wide_maxT_fwer	0.0009765625	0.0	0.0				0.0	0.0	0.0	0	0	0
AW10	3	20	25	0.0	weak	missing_intermediates	1000	0.1	activation;suppression;delay;loss;redirection	0	21160743	naive_selected_window_bh	0.125	0.0	0.0	0.0			0.0	0.25	0.0	0	0	0
AW10	3	20	25	0.0	weak	missing_intermediates	1000	0.1	activation;suppression;delay;loss;redirection	0	21160743	per_event_max_window_bh	0.125	0.0	0.0	0.0			0.0	0.25	0.0	0	0	0
AW10	3	20	25	0.0	weak	missing_intermediates	1000	0.1	activation;suppression;delay;loss;redirection	0	21160743	family_wide_maxT_fwer	0.125	0.0	0.0	0.0			0.0	0.25	0.0	0	0	0
AW10	3	20	25	0.0	weak	missing_intermediates	1000	0.1	activation;suppression;delay;loss;redirection	1	21161752	naive_selected_window_bh	0.125	0.0	0.0	0.0			0.0	0.25	0.0	0	0	0
AW10	3	20	25	0.0	weak	missing_intermediates	1000	0.1	activation;suppression;delay;loss;redirection	1	21161752	per_event_max_window_bh	0.125	0.0	0.0	0.0			0.0	0.25	0.0	0	0	0
AW10	3	20	25	0.0	weak	missing_intermediates	1000	0.1	activation;suppression;delay;loss;redirection	1	21161752	family_wide_maxT_fwer	0.125	0.0	0.0	0.0			0.0	0.25	0.0	0	0	0
AW10	3	20	25	0.0	weak	missing_intermediates	1000	0.1	activation;suppression;delay;loss;redirection	2	21162761	naive_selected_window_bh	0.125	0.0	0.0	0.0			0.0	0.25	0.0	0	0	0
AW10	3	20	25	0.0	weak	missing_intermediates	1000	0.1	activation;suppression;delay;loss;redirection	2	21162761	per_event_max_window_bh	0.125	0.0	0.0	0.0			0.0	0.25	0.0	0	0	0
AW10	3	20	25	0.0	weak	missing_intermediates	1000	0.1	activation;suppression;delay;loss;redirection	2	21162761	family_wide_maxT_fwer	0.125	0.0	0.0	0.0			0.0	0.25	0.0	0	0	0
AW10	3	20	25	0.0	weak	missing_intermediates	1000	0.1	activation;suppression;delay;loss;redirection	3	21163770	naive_selected_window_bh	0.125	0.0	0.0	0.0			0.0	0.25	0.0	0	0	0
AW10	3	20	25	0.0	weak	missing_intermediates	1000	0.1	activation;suppression;delay;loss;redirection	3	21163770	per_event_max_window_bh	0.125	0.0	0.0	0.0			0.0	0.25	0.0	0	0	0
AW10	3	20	25	0.0	weak	missing_intermediates	1000	0.1	activation;suppression;delay;loss;redirection	3	21163770	family_wide_maxT_fwer	0.125	0.0	0.0	0.0			0.0	0.25	0.0	0	0	0
AW10	3	20	25	0.0	weak	missing_intermediates	1000	0.1	activation;suppression;delay;loss;redirection	4	21164779	naive_selected_window_bh	0.125	0.0	0.0	0.0			0.0	0.25	0.0	0	0	0
AW10	3	20	25	0.0	weak	missing_intermediates	1000	0.1	activation;suppression;delay;loss;redirection	4	21164779	per_event_max_window_bh	0.125	0.0	0.0	0.0			0.0	0.25	0.0	0	0	0
AW10	3	20	25	0.0	weak	missing_intermediates	1000	0.1	activation;suppression;delay;loss;redirection	4	21164779	family_wide_maxT_fwer	0.125	0.0	0.0	0.0			0.0	0.25	0.0	0	0	0
AW10	3	20	25	0.0	weak	missing_intermediates	1000	0.1	activation;suppression;delay;loss;redirection	5	21165788	naive_selected_window_bh	0.125	0.0	0.0	0.0			0.0	0.25	0.0	0	0	0
AW10	3	20	25	0.0	weak	missing_intermediates	1000	0.1	activation;suppression;delay;loss;redirection	5	21165788	per_event_max_window_bh	0.125	0.0	0.0	0.0			0.0	0.25	0.0	0	0	0
AW10	3	20	25	0.0	weak	missing_intermediates	1000	0.1	activation;suppression;delay;loss;redirection	5	21165788	family_wide_maxT_fwer	0.125	0.0	0.0	0.0			0.0	0.25	0.0	0	0	0
AW10	3	20	25	0.0	weak	missing_intermediates	1000	0.1	activation;suppression;delay;loss;redirection	6	21166797	naive_selected_window_bh	0.125	0.0	0.0	0.0			0.0	0.25	0.0	0	0	0
AW10	3	20	25	0.0	weak	missing_intermediates	1000	0.1	activation;suppression;delay;loss;redirection	6	21166797	per_event_max_window_bh	0.125	0.0	0.0	0.0			0.0	0.25	0.0	0	0	0
AW10	3	20	25	0.0	weak	missing_intermediates	1000	0.1	activation;suppression;delay;loss;redirection	6	21166797	family_wide_maxT_fwer	0.125	0.0	0.0	0.0			0.0	0.25	0.0	0	0	0
AW10	3	20	25	0.0	weak	missing_intermediates	1000	0.1	activation;suppression;delay;loss;redirection	7	21167806	naive_selected_window_bh	0.125	0.0	0.0	0.0			0.0	0.25	0.0	0	0	0
AW10	3	20	25	0.0	weak	missing_intermediates	1000	0.1	activation;suppression;delay;loss;redirection	7	21167806	per_event_max_window_bh	0.125	0.0	0.0	0.0			0.0	0.25	0.0	0	0	0
AW10	3	20	25	0.0	weak	missing_intermediates	1000	0.1	activation;suppression;delay;loss;redirection	7	21167806	family_wide_maxT_fwer	0.125	0.0	0.0	0.0			0.0	0.25	0.0	0	0	0
AW10	3	20	25	0.0	weak	missing_intermediates	1000	0.1	activation;suppression;delay;loss;redirection	8	21168815	naive_selected_window_bh	0.125	0.0	0.0	0.0			0.0	0.25	0.0	0	0	0
AW10	3	20	25	0.0	weak	missing_intermediates	1000	0.1	activation;suppression;delay;loss;redirection	8	21168815	per_event_max_window_bh	0.125	0.0	0.0	0.0			0.0	0.25	0.0	0	0	0
AW10	3	20	25	0.0	weak	missing_intermediates	1000	0.1	activation;suppression;delay;loss;redirection	8	21168815	family_wide_maxT_fwer	0.125	0.0	0.0	0.0			0.0	0.25	0.0	0	0	0
AW10	3	20	25	0.0	weak	missing_intermediates	1000	0.1	activation;suppression;delay;loss;redirection	9	21169824	naive_selected_window_bh	0.125	0.0	0.0	0.0			0.0	0.25	0.0	0	0	0
AW10	3	20	25	0.0	weak	missing_intermediates	1000	0.1	activation;suppression;delay;loss;redirection	9	21169824	per_event_max_window_bh	0.125	0.0	0.0	0.0			0.0	0.25	0.0	0	0	0
AW10	3	20	25	0.0	weak	missing_intermediates	1000	0.1	activation;suppression;delay;loss;redirection	9	21169824	family_wide_maxT_fwer	0.125	0.0	0.0	0.0			0.0	0.25	0.0	0	0	0
AW10	3	20	25	0.0	weak	missing_intermediates	1000	0.1	activation;suppression;delay;loss;redirection	10	21170833	naive_selected_window_bh	0.125	0.0	0.0	0.0			0.0	0.25	0.0	0	0	0
AW10	3	20	25	0.0	weak	missing_intermediates	1000	0.1	activation;suppression;delay;loss;redirection	10	21170833	per_event_max_window_bh	0.125	0.0	0.0	0.0			0.0	0.25	0.0	0	0	0
AW10	3	20	25	0.0	weak	missing_intermediates	1000	0.1	activation;suppression;delay;loss;redirection	10	21170833	family_wide_maxT_fwer	0.125	0.0	0.0	0.0			0.0	0.25	0.0	0	0	0
AW10	3	20	25	0.0	weak	missing_intermediates	1000	0.1	activation;suppression;delay;loss;redirection	11	21171842	naive_selected_window_bh	0.125	0.0	0.0	0.0			0.0	0.25	0.0	0	0	0
AW10	3	20	25	0.0	weak	missing_intermediates	1000	0.1	activation;suppression;delay;loss;redirection	11	21171842	per_event_max_window_bh	0.125	0.0	0.0	0.0			0.0	0.25	0.0	0	0	0
AW10	3	20	25	0.0	weak	missing_intermediates	1000	0.1	activation;suppression;delay;loss;redirection	11	21171842	family_wide_maxT_fwer	0.125	0.0	0.0	0.0			0.0	0.25	0.0	0	0	0
AW11	5	20	25	0.7	moderate	none	1000	0.1	activation;suppression;delay;loss;redirection	0	21260746	naive_selected_window_bh	0.03125	0.5833333333333334	1.0	1.0	0.31864406779661014	0.16610169491525423	0.35	0.0	0.6	12	7	5
AW11	5	20	25	0.7	moderate	none	1000	0.1	activation;suppression;delay;loss;redirection	0	21260746	per_event_max_window_bh	0.03125	0.0	0.0	0.0			0.0	0.25	0.0	0	0	0
AW11	5	20	25	0.7	moderate	none	1000	0.1	activation;suppression;delay;loss;redirection	0	21260746	family_wide_maxT_fwer	0.03125	0.0	0.0	0.6	0.3050847457627119	0.22598870056497175	0.0	0.1	0.15	3	0	3
AW11	5	20	25	0.7	moderate	none	1000	0.1	activation;suppression;delay;loss;redirection	1	21261755	naive_selected_window_bh	0.03125	0.0	0.0	0.0			0.0	0.25	0.0	0	0	0
AW11	5	20	25	0.7	moderate	none	1000	0.1	activation;suppression;delay;loss;redirection	1	21261755	per_event_max_window_bh	0.03125	0.0	0.0	0.0			0.0	0.25	0.0	0	0	0
AW11	5	20	25	0.7	moderate	none	1000	0.1	activation;suppression;delay;loss;redirection	1	21261755	family_wide_maxT_fwer	0.03125	0.0	0.0	0.4	0.1864406779661017	0.4406779661016949	0.0	0.15	0.1	2	0	2
AW11	5	20	25	0.7	moderate	none	1000	0.1	activation;suppression;delay;loss;redirection	2	21262764	naive_selected_window_bh	0.03125	0.6666666666666666	1.0	1.0	0.37288135593220334	0.111864406779661	0.5	0.0	0.75	15	10	5
AW11	5	20	25	0.7	moderate	none	1000	0.1	activation;suppression;delay;loss;redirection	2	21262764	per_event_max_window_bh	0.03125	0.0	0.0	0.0			0.0	0.25	0.0	0	0	0
AW11	5	20	25	0.7	moderate	none	1000	0.1	activation;suppression;delay;loss;redirection	2	21262764	family_wide_maxT_fwer	0.03125	0.0	0.0	0.6	0.3898305084745763	0.12429378531073447	0.0	0.1	0.15	3	0	3
AW11	5	20	25	0.7	moderate	none	1000	0.1	activation;suppression;delay;loss;redirection	3	21263773	naive_selected_window_bh	0.03125	0.7058823529411765	1.0	1.0	0.32881355932203393	0.20338983050847456	0.6	0.0	0.85	17	12	5
AW11	5	20	25	0.7	moderate	none	1000	0.1	activation;suppression;delay;loss;redirection	3	21263773	per_event_max_window_bh	0.03125	0.0	0.0	0.0			0.0	0.25	0.0	0	0	0
AW11	5	20	25	0.7	moderate	none	1000	0.1	activation;suppression;delay;loss;redirection	3	21263773	family_wide_maxT_fwer	0.03125	0.0	0.0	0.8	0.3559322033898305	0.2542372881355932	0.0	0.05	0.2	4	0	4
AW11	5	20	25	0.7	moderate	none	1000	0.1	activation;suppression;delay;loss;redirection	4	21264782	naive_selected_window_bh	0.03125	0.6666666666666666	1.0	1.0	0.2745762711864407	0.1966101694915254	0.5	0.0	0.75	15	10	5
AW11	5	20	25	0.7	moderate	none	1000	0.1	activation;suppression;delay;loss;redirection	4	21264782	per_event_max_window_bh	0.03125	0.0	0.0	0.0			0.0	0.25	0.0	0	0	0
AW11	5	20	25	0.7	moderate	none	1000	0.1	activation;suppression;delay;loss;redirection	4	21264782	family_wide_maxT_fwer	0.03125	0.0	0.0	0.2	0.5254237288135594	0.18644067796610164	0.0	0.2	0.05	1	0	1
AW11	5	20	25	0.7	moderate	none	1000	0.1	activation;suppression;delay;loss;redirection	5	21265791	naive_selected_window_bh	0.03125	0.0	0.0	0.0			0.0	0.25	0.0	0	0	0
AW11	5	20	25	0.7	moderate	none	1000	0.1	activation;suppression;delay;loss;redirection	5	21265791	per_event_max_window_bh	0.03125	0.0	0.0	0.0			0.0	0.25	0.0	0	0	0
AW11	5	20	25	0.7	moderate	none	1000	0.1	activation;suppression;delay;loss;redirection	5	21265791	family_wide_maxT_fwer	0.03125	0.0	0.0	1.0	0.30508474576271183	0.16610169491525423	0.0	0.0	0.25	5	0	5
AW11	5	20	25	0.7	moderate	none	1000	0.1	activation;suppression;delay;loss;redirection	6	21266800	naive_selected_window_bh	0.03125	0.5833333333333334	1.0	1.0	0.2915254237288135	0.21355932203389832	0.35	0.0	0.6	12	7	5
AW11	5	20	25	0.7	moderate	none	1000	0.1	activation;suppression;delay;loss;redirection	6	21266800	per_event_max_window_bh	0.03125	0.0	0.0	0.0			0.0	0.25	0.0	0	0	0
AW11	5	20	25	0.7	moderate	none	1000	0.1	activation;suppression;delay;loss;redirection	6	21266800	family_wide_maxT_fwer	0.03125	0.0	0.0	0.4	0.423728813559322	0.2033898305084746	0.0	0.15	0.1	2	0	2
AW11	5	20	25	0.7	moderate	none	1000	0.1	activation;suppression;delay;loss;redirection	7	21267809	naive_selected_window_bh	0.03125	0.6428571428571429	1.0	1.0	0.24745762711864402	0.22372881355932206	0.45	0.0	0.7	14	9	5
AW11	5	20	25	0.7	moderate	none	1000	0.1	activation;suppression;delay;loss;redirection	7	21267809	per_event_max_window_bh	0.03125	0.0	0.0	0.0			0.0	0.25	0.0	0	0	0
AW11	5	20	25	0.7	moderate	none	1000	0.1	activation;suppression;delay;loss;redirection	7	21267809	family_wide_maxT_fwer	0.03125	0.0	0.0	0.2	0.38983050847457623	0.3220338983050848	0.0	0.2	0.05	1	0	1
AW11	5	20	25	0.7	moderate	none	1000	0.1	activation;suppression;delay;loss;redirection	8	21268818	naive_selected_window_bh	0.03125	0.6666666666666666	1.0	1.0	0.34915254237288135	0.12203389830508471	0.5	0.0	0.75	15	10	5
AW11	5	20	25	0.7	moderate	none	1000	0.1	activation;suppression;delay;loss;redirection	8	21268818	per_event_max_window_bh	0.03125	0.0	0.0	0.0			0.0	0.25	0.0	0	0	0
AW11	5	20	25	0.7	moderate	none	1000	0.1	activation;suppression;delay;loss;redirection	8	21268818	family_wide_maxT_fwer	0.03125	0.25	1.0	0.6	0.4067796610169492	0.1412429378531073	0.05	0.1	0.2	4	1	3
AW11	5	20	25	0.7	moderate	none	1000	0.1	activation;suppression;delay;loss;redirection	9	21269827	naive_selected_window_bh	0.03125	0.6428571428571429	1.0	1.0	0.2576271186440678	0.21355932203389827	0.45	0.0	0.7	14	9	5
AW11	5	20	25	0.7	moderate	none	1000	0.1	activation;suppression;delay;loss;redirection	9	21269827	per_event_max_window_bh	0.03125	0.0	0.0	0.0			0.0	0.25	0.0	0	0	0
AW11	5	20	25	0.7	moderate	none	1000	0.1	activation;suppression;delay;loss;redirection	9	21269827	family_wide_maxT_fwer	0.03125	0.0	0.0	0.6	0.24293785310734461	0.3050847457627119	0.0	0.1	0.15	3	0	3
AW11	5	20	25	0.7	moderate	none	1000	0.1	activation;suppression;delay;loss;redirection	10	21270836	naive_selected_window_bh	0.03125	0.5833333333333334	1.0	1.0	0.3491525423728813	0.12203389830508475	0.35	0.0	0.6	12	7	5
AW11	5	20	25	0.7	moderate	none	1000	0.1	activation;suppression;delay;loss;redirection	10	21270836	per_event_max_window_bh	0.03125	0.0	0.0	0.0			0.0	0.25	0.0	0	0	0
AW11	5	20	25	0.7	moderate	none	1000	0.1	activation;suppression;delay;loss;redirection	10	21270836	family_wide_maxT_fwer	0.03125	0.0	0.0	0.8	0.3305084745762712	0.1228813559322034	0.0	0.05	0.2	4	0	4
AW11	5	20	25	0.7	moderate	none	1000	0.1	activation;suppression;delay;loss;redirection	11	21271845	naive_selected_window_bh	0.03125	0.0	0.0	0.0			0.0	0.25	0.0	0	0	0
AW11	5	20	25	0.7	moderate	none	1000	0.1	activation;suppression;delay;loss;redirection	11	21271845	per_event_max_window_bh	0.03125	0.0	0.0	0.0			0.0	0.25	0.0	0	0	0
AW11	5	20	25	0.7	moderate	none	1000	0.1	activation;suppression;delay;loss;redirection	11	21271845	family_wide_maxT_fwer	0.03125	0.0	0.0	0.8	0.27118644067796605	0.27542372881355937	0.0	0.05	0.2	4	0	4
AW12	10	20	25	0.3	strong	none	5000	0.1	activation;suppression;delay;loss;redirection	0	21360749	naive_selected_window_bh	0.0009765625	0.6428571428571429	1.0	1.0	0.32542372881355935	0.1864406779661017	0.45	0.0	0.7	14	9	5
AW12	10	20	25	0.3	strong	none	5000	0.1	activation;suppression;delay;loss;redirection	0	21360749	per_event_max_window_bh	0.0009765625	0.16666666666666666	1.0	1.0	0.32542372881355935	0.1864406779661017	0.05	0.0	0.3	6	1	5
AW12	10	20	25	0.3	strong	none	5000	0.1	activation;suppression;delay;loss;redirection	0	21360749	family_wide_maxT_fwer	0.0009765625	0.0	0.0	1.0	0.32542372881355935	0.1864406779661017	0.0	0.0	0.25	5	0	5
AW12	10	20	25	0.3	strong	none	5000	0.1	activation;suppression;delay;loss;redirection	1	21361758	naive_selected_window_bh	0.0009765625	0.6875	1.0	1.0	0.28474576271186436	0.22033898305084748	0.55	0.0	0.8	16	11	5
AW12	10	20	25	0.3	strong	none	5000	0.1	activation;suppression;delay;loss;redirection	1	21361758	per_event_max_window_bh	0.0009765625	0.375	1.0	1.0	0.28474576271186436	0.22033898305084748	0.15	0.0	0.4	8	3	5
AW12	10	20	25	0.3	strong	none	5000	0.1	activation;suppression;delay;loss;redirection	1	21361758	family_wide_maxT_fwer	0.0009765625	0.0	0.0	1.0	0.28474576271186436	0.22033898305084748	0.0	0.0	0.25	5	0	5
AW12	10	20	25	0.3	strong	none	5000	0.1	activation;suppression;delay;loss;redirection	2	21362767	naive_selected_window_bh	0.0009765625	0.5833333333333334	1.0	1.0	0.3220338983050847	0.2983050847457627	0.35	0.0	0.6	12	7	5
AW12	10	20	25	0.3	strong	none	5000	0.1	activation;suppression;delay;loss;redirection	2	21362767	per_event_max_window_bh	0.0009765625	0.16666666666666666	1.0	1.0	0.3220338983050847	0.2983050847457627	0.05	0.0	0.3	6	1	5
AW12	10	20	25	0.3	strong	none	5000	0.1	activation;suppression;delay;loss;redirection	2	21362767	family_wide_maxT_fwer	0.0009765625	0.0	0.0	1.0	0.3220338983050847	0.2983050847457627	0.0	0.0	0.25	5	0	5
AW12	10	20	25	0.3	strong	none	5000	0.1	activation;suppression;delay;loss;redirection	3	21363776	naive_selected_window_bh	0.0009765625	0.6428571428571429	1.0	1.0	0.2745762711864407	0.19661016949152543	0.45	0.0	0.7	14	9	5
AW12	10	20	25	0.3	strong	none	5000	0.1	activation;suppression;delay;loss;redirection	3	21363776	per_event_max_window_bh	0.0009765625	0.0	0.0	1.0	0.2745762711864407	0.19661016949152543	0.0	0.0	0.25	5	0	5
AW12	10	20	25	0.3	strong	none	5000	0.1	activation;suppression;delay;loss;redirection	3	21363776	family_wide_maxT_fwer	0.0009765625	0.0	0.0	1.0	0.2745762711864407	0.19661016949152543	0.0	0.0	0.25	5	0	5
AW12	10	20	25	0.3	strong	none	5000	0.1	activation;suppression;delay;loss;redirection	4	21364785	naive_selected_window_bh	0.0009765625	0.6875	1.0	1.0	0.2508474576271186	0.2406779661016949	0.55	0.0	0.8	16	11	5
AW12	10	20	25	0.3	strong	none	5000	0.1	activation;suppression;delay;loss;redirection	4	21364785	per_event_max_window_bh	0.0009765625	0.16666666666666666	1.0	1.0	0.2508474576271186	0.2406779661016949	0.05	0.0	0.3	6	1	5
AW12	10	20	25	0.3	strong	none	5000	0.1	activation;suppression;delay;loss;redirection	4	21364785	family_wide_maxT_fwer	0.0009765625	0.0	0.0	1.0	0.2508474576271186	0.2406779661016949	0.0	0.0	0.25	5	0	5
AW12	10	20	25	0.3	strong	none	5000	0.1	activation;suppression;delay;loss;redirection	5	21365794	naive_selected_window_bh	0.0009765625	0.6153846153846154	1.0	1.0	0.4135593220338983	0.20677966101694914	0.4	0.0	0.65	13	8	5
AW12	10	20	25	0.3	strong	none	5000	0.1	activation;suppression;delay;loss;redirection	5	21365794	per_event_max_window_bh	0.0009765625	0.0	0.0	1.0	0.4135593220338983	0.20677966101694914	0.0	0.0	0.25	5	0	5
AW12	10	20	25	0.3	strong	none	5000	0.1	activation;suppression;delay;loss;redirection	5	21365794	family_wide_maxT_fwer	0.0009765625	0.0	0.0	1.0	0.4135593220338983	0.20677966101694914	0.0	0.0	0.25	5	0	5
AW12	10	20	25	0.3	strong	none	5000	0.1	activation;suppression;delay;loss;redirection	6	21366803	naive_selected_window_bh	0.0009765625	0.375	1.0	1.0	0.23728813559322032	0.23389830508474577	0.15	0.0	0.4	8	3	5
AW12	10	20	25	0.3	strong	none	5000	0.1	activation;suppression;delay;loss;redirection	6	21366803	per_event_max_window_bh	0.0009765625	0.2857142857142857	1.0	1.0	0.23728813559322032	0.23389830508474577	0.1	0.0	0.35	7	2	5
AW12	10	20	25	0.3	strong	none	5000	0.1	activation;suppression;delay;loss;redirection	6	21366803	family_wide_maxT_fwer	0.0009765625	0.16666666666666666	1.0	1.0	0.23728813559322032	0.23389830508474577	0.05	0.0	0.3	6	1	5
AW12	10	20	25	0.3	strong	none	5000	0.1	activation;suppression;delay;loss;redirection	7	21367812	naive_selected_window_bh	0.0009765625	0.6666666666666666	1.0	1.0	0.288135593220339	0.1830508474576271	0.5	0.0	0.75	15	10	5
AW12	10	20	25	0.3	strong	none	5000	0.1	activation;suppression;delay;loss;redirection	7	21367812	per_event_max_window_bh	0.0009765625	0.0	0.0	1.0	0.288135593220339	0.1830508474576271	0.0	0.0	0.25	5	0	5
AW12	10	20	25	0.3	strong	none	5000	0.1	activation;suppression;delay;loss;redirection	7	21367812	family_wide_maxT_fwer	0.0009765625	0.0	0.0	1.0	0.288135593220339	0.1830508474576271	0.0	0.0	0.25	5	0	5
AW12	10	20	25	0.3	strong	none	5000	0.1	activation;suppression;delay;loss;redirection	8	21368821	naive_selected_window_bh	0.0009765625	0.5833333333333334	1.0	1.0	0.43050847457627117	0.2101694915254237	0.35	0.0	0.6	12	7	5
AW12	10	20	25	0.3	strong	none	5000	0.1	activation;suppression;delay;loss;redirection	8	21368821	per_event_max_window_bh	0.0009765625	0.0	0.0	1.0	0.43050847457627117	0.2101694915254237	0.0	0.0	0.25	5	0	5
AW12	10	20	25	0.3	strong	none	5000	0.1	activation;suppression;delay;loss;redirection	8	21368821	family_wide_maxT_fwer	0.0009765625	0.0	0.0	1.0	0.43050847457627117	0.2101694915254237	0.0	0.0	0.25	5	0	5
AW12	10	20	25	0.3	strong	none	5000	0.1	activation;suppression;delay;loss;redirection	9	21369830	naive_selected_window_bh	0.0009765625	0.7222222222222222	1.0	1.0	0.3220338983050848	0.14915254237288134	0.65	0.0	0.9	18	13	5
AW12	10	20	25	0.3	strong	none	5000	0.1	activation;suppression;delay;loss;redirection	9	21369830	per_event_max_window_bh	0.0009765625	0.0	0.0	1.0	0.3220338983050848	0.14915254237288134	0.0	0.0	0.25	5	0	5
AW12	10	20	25	0.3	strong	none	5000	0.1	activation;suppression;delay;loss;redirection	9	21369830	family_wide_maxT_fwer	0.0009765625	0.0	0.0	1.0	0.3220338983050848	0.14915254237288134	0.0	0.0	0.25	5	0	5
AW12	10	20	25	0.3	strong	none	5000	0.1	activation;suppression;delay;loss;redirection	10	21370839	naive_selected_window_bh	0.0009765625	0.7058823529411765	1.0	1.0	0.28135593220338984	0.18983050847457625	0.6	0.0	0.85	17	12	5
AW12	10	20	25	0.3	strong	none	5000	0.1	activation;suppression;delay;loss;redirection	10	21370839	per_event_max_window_bh	0.0009765625	0.0	0.0	1.0	0.28135593220338984	0.18983050847457625	0.0	0.0	0.25	5	0	5
AW12	10	20	25	0.3	strong	none	5000	0.1	activation;suppression;delay;loss;redirection	10	21370839	family_wide_maxT_fwer	0.0009765625	0.0	0.0	1.0	0.28135593220338984	0.18983050847457625	0.0	0.0	0.25	5	0	5
AW12	10	20	25	0.3	strong	none	5000	0.1	activation;suppression;delay;loss;redirection	11	21371848	naive_selected_window_bh	0.0009765625	0.5833333333333334	1.0	1.0	0.33220338983050846	0.15932203389830507	0.35	0.0	0.6	12	7	5
AW12	10	20	25	0.3	strong	none	5000	0.1	activation;suppression;delay;loss;redirection	11	21371848	per_event_max_window_bh	0.0009765625	0.0	0.0	1.0	0.33220338983050846	0.15932203389830507	0.0	0.0	0.25	5	0	5
AW12	10	20	25	0.3	strong	none	5000	0.1	activation;suppression;delay;loss;redirection	11	21371848	family_wide_maxT_fwer	0.0009765625	0.0	0.0	1.0	0.33220338983050846	0.15932203389830507	0.0	0.0	0.25	5	0	5
AW13	3	50	25	0.3	null	composition	1000	0.1	activation;suppression;delay;loss;redirection	0	21460752	naive_selected_window_bh	0.125	0.0	0.0				0.0	0.0	0.0	0	0	0
AW13	3	50	25	0.3	null	composition	1000	0.1	activation;suppression;delay;loss;redirection	0	21460752	per_event_max_window_bh	0.125	0.0	0.0				0.0	0.0	0.0	0	0	0
AW13	3	50	25	0.3	null	composition	1000	0.1	activation;suppression;delay;loss;redirection	0	21460752	family_wide_maxT_fwer	0.125	0.0	0.0				0.0	0.0	0.0	0	0	0
AW13	3	50	25	0.3	null	composition	1000	0.1	activation;suppression;delay;loss;redirection	1	21461761	naive_selected_window_bh	0.125	0.0	0.0				0.0	0.0	0.0	0	0	0
AW13	3	50	25	0.3	null	composition	1000	0.1	activation;suppression;delay;loss;redirection	1	21461761	per_event_max_window_bh	0.125	0.0	0.0				0.0	0.0	0.0	0	0	0
AW13	3	50	25	0.3	null	composition	1000	0.1	activation;suppression;delay;loss;redirection	1	21461761	family_wide_maxT_fwer	0.125	0.0	0.0				0.0	0.0	0.0	0	0	0
AW13	3	50	25	0.3	null	composition	1000	0.1	activation;suppression;delay;loss;redirection	2	21462770	naive_selected_window_bh	0.125	0.0	0.0				0.0	0.0	0.0	0	0	0
AW13	3	50	25	0.3	null	composition	1000	0.1	activation;suppression;delay;loss;redirection	2	21462770	per_event_max_window_bh	0.125	0.0	0.0				0.0	0.0	0.0	0	0	0
AW13	3	50	25	0.3	null	composition	1000	0.1	activation;suppression;delay;loss;redirection	2	21462770	family_wide_maxT_fwer	0.125	0.0	0.0				0.0	0.0	0.0	0	0	0
AW13	3	50	25	0.3	null	composition	1000	0.1	activation;suppression;delay;loss;redirection	3	21463779	naive_selected_window_bh	0.125	0.0	0.0				0.0	0.0	0.0	0	0	0
AW13	3	50	25	0.3	null	composition	1000	0.1	activation;suppression;delay;loss;redirection	3	21463779	per_event_max_window_bh	0.125	0.0	0.0				0.0	0.0	0.0	0	0	0
AW13	3	50	25	0.3	null	composition	1000	0.1	activation;suppression;delay;loss;redirection	3	21463779	family_wide_maxT_fwer	0.125	0.0	0.0				0.0	0.0	0.0	0	0	0
AW13	3	50	25	0.3	null	composition	1000	0.1	activation;suppression;delay;loss;redirection	4	21464788	naive_selected_window_bh	0.125	0.0	0.0				0.0	0.0	0.0	0	0	0
AW13	3	50	25	0.3	null	composition	1000	0.1	activation;suppression;delay;loss;redirection	4	21464788	per_event_max_window_bh	0.125	0.0	0.0				0.0	0.0	0.0	0	0	0
AW13	3	50	25	0.3	null	composition	1000	0.1	activation;suppression;delay;loss;redirection	4	21464788	family_wide_maxT_fwer	0.125	0.0	0.0				0.0	0.0	0.0	0	0	0
AW13	3	50	25	0.3	null	composition	1000	0.1	activation;suppression;delay;loss;redirection	5	21465797	naive_selected_window_bh	0.125	0.0	0.0				0.0	0.0	0.0	0	0	0
AW13	3	50	25	0.3	null	composition	1000	0.1	activation;suppression;delay;loss;redirection	5	21465797	per_event_max_window_bh	0.125	0.0	0.0				0.0	0.0	0.0	0	0	0
AW13	3	50	25	0.3	null	composition	1000	0.1	activation;suppression;delay;loss;redirection	5	21465797	family_wide_maxT_fwer	0.125	0.0	0.0				0.0	0.0	0.0	0	0	0
AW13	3	50	25	0.3	null	composition	1000	0.1	activation;suppression;delay;loss;redirection	6	21466806	naive_selected_window_bh	0.125	0.0	0.0				0.0	0.0	0.0	0	0	0
AW13	3	50	25	0.3	null	composition	1000	0.1	activation;suppression;delay;loss;redirection	6	21466806	per_event_max_window_bh	0.125	0.0	0.0				0.0	0.0	0.0	0	0	0
AW13	3	50	25	0.3	null	composition	1000	0.1	activation;suppression;delay;loss;redirection	6	21466806	family_wide_maxT_fwer	0.125	0.0	0.0				0.0	0.0	0.0	0	0	0
AW13	3	50	25	0.3	null	composition	1000	0.1	activation;suppression;delay;loss;redirection	7	21467815	naive_selected_window_bh	0.125	0.0	0.0				0.0	0.0	0.0	0	0	0
AW13	3	50	25	0.3	null	composition	1000	0.1	activation;suppression;delay;loss;redirection	7	21467815	per_event_max_window_bh	0.125	0.0	0.0				0.0	0.0	0.0	0	0	0
AW13	3	50	25	0.3	null	composition	1000	0.1	activation;suppression;delay;loss;redirection	7	21467815	family_wide_maxT_fwer	0.125	0.0	0.0				0.0	0.0	0.0	0	0	0
AW13	3	50	25	0.3	null	composition	1000	0.1	activation;suppression;delay;loss;redirection	8	21468824	naive_selected_window_bh	0.125	0.0	0.0				0.0	0.0	0.0	0	0	0
AW13	3	50	25	0.3	null	composition	1000	0.1	activation;suppression;delay;loss;redirection	8	21468824	per_event_max_window_bh	0.125	0.0	0.0				0.0	0.0	0.0	0	0	0
AW13	3	50	25	0.3	null	composition	1000	0.1	activation;suppression;delay;loss;redirection	8	21468824	family_wide_maxT_fwer	0.125	0.0	0.0				0.0	0.0	0.0	0	0	0
AW13	3	50	25	0.3	null	composition	1000	0.1	activation;suppression;delay;loss;redirection	9	21469833	naive_selected_window_bh	0.125	0.0	0.0				0.0	0.0	0.0	0	0	0
AW13	3	50	25	0.3	null	composition	1000	0.1	activation;suppression;delay;loss;redirection	9	21469833	per_event_max_window_bh	0.125	0.0	0.0				0.0	0.0	0.0	0	0	0
AW13	3	50	25	0.3	null	composition	1000	0.1	activation;suppression;delay;loss;redirection	9	21469833	family_wide_maxT_fwer	0.125	0.0	0.0				0.0	0.0	0.0	0	0	0
AW13	3	50	25	0.3	null	composition	1000	0.1	activation;suppression;delay;loss;redirection	10	21470842	naive_selected_window_bh	0.125	0.0	0.0				0.0	0.0	0.0	0	0	0
AW13	3	50	25	0.3	null	composition	1000	0.1	activation;suppression;delay;loss;redirection	10	21470842	per_event_max_window_bh	0.125	0.0	0.0				0.0	0.0	0.0	0	0	0
AW13	3	50	25	0.3	null	composition	1000	0.1	activation;suppression;delay;loss;redirection	10	21470842	family_wide_maxT_fwer	0.125	0.0	0.0				0.0	0.0	0.0	0	0	0
AW13	3	50	25	0.3	null	composition	1000	0.1	activation;suppression;delay;loss;redirection	11	21471851	naive_selected_window_bh	0.125	0.0	0.0				0.0	0.0	0.0	0	0	0
AW13	3	50	25	0.3	null	composition	1000	0.1	activation;suppression;delay;loss;redirection	11	21471851	per_event_max_window_bh	0.125	0.0	0.0				0.0	0.0	0.0	0	0	0
AW13	3	50	25	0.3	null	composition	1000	0.1	activation;suppression;delay;loss;redirection	11	21471851	family_wide_maxT_fwer	0.125	0.0	0.0				0.0	0.0	0.0	0	0	0
AW14	5	50	25	0.0	weak	composition	1000	0.1	activation;suppression;delay;loss;redirection	0	21560755	naive_selected_window_bh	0.03125	0.6756756756756757	1.0	1.0	0.365819209039548	0.2584745762711865	0.62	0.0	0.62	37	25	12
AW14	5	50	25	0.0	weak	composition	1000	0.1	activation;suppression;delay;loss;redirection	0	21560755	per_event_max_window_bh	0.03125	0.0	0.0	0.0			0.0	0.24	0.0	0	0	0
AW14	5	50	25	0.0	weak	composition	1000	0.1	activation;suppression;delay;loss;redirection	0	21560755	family_wide_maxT_fwer	0.03125	1.0	1.0	0.0			0.0	0.24	0.0	1	1	0
AW14	5	50	25	0.0	weak	composition	1000	0.1	activation;suppression;delay;loss;redirection	1	21561764	naive_selected_window_bh	0.03125	0.6363636363636364	1.0	1.0	0.21468926553672318	0.3474576271186441	0.54	0.0	0.54	33	21	12
AW14	5	50	25	0.0	weak	composition	1000	0.1	activation;suppression;delay;loss;redirection	1	21561764	per_event_max_window_bh	0.03125	0.0	0.0	0.0			0.0	0.24	0.0	0	0	0
AW14	5	50	25	0.0	weak	composition	1000	0.1	activation;suppression;delay;loss;redirection	1	21561764	family_wide_maxT_fwer	0.03125	0.4	1.0	0.25	0.15254237288135594	0.4463276836158192	0.06	0.18	0.06	5	2	3
AW14	5	50	25	0.0	weak	composition	1000	0.1	activation;suppression;delay;loss;redirection	2	21562773	naive_selected_window_bh	0.03125	0.6842105263157895	1.0	1.0	0.3093220338983051	0.24435028248587565	0.64	0.0	0.64	38	26	12
AW14	5	50	25	0.0	weak	composition	1000	0.1	activation;suppression;delay;loss;redirection	2	21562773	per_event_max_window_bh	0.03125	0.0	0.0	0.0			0.0	0.24	0.0	0	0	0
AW14	5	50	25	0.0	weak	composition	1000	0.1	activation;suppression;delay;loss;redirection	2	21562773	family_wide_maxT_fwer	0.03125	0.6666666666666666	1.0	0.08333333333333333	0.13559322033898302	0.03389830508474578	0.02	0.22	0.02	3	2	1
AW14	5	50	25	0.0	weak	composition	1000	0.1	activation;suppression;delay;loss;redirection	3	21563782	naive_selected_window_bh	0.03125	0.6923076923076923	1.0	1.0	0.32344632768361575	0.2556497175141243	0.66	0.0	0.66	39	27	12
AW14	5	50	25	0.0	weak	composition	1000	0.1	activation;suppression;delay;loss;redirection	3	21563782	per_event_max_window_bh	0.03125	0.0	0.0	0.0			0.0	0.24	0.0	0	0	0
AW14	5	50	25	0.0	weak	composition	1000	0.1	activation;suppression;delay;loss;redirection	3	21563782	family_wide_maxT_fwer	0.03125	0.0	0.0	0.0			0.0	0.24	0.0	0	0	0
AW14	5	50	25	0.0	weak	composition	1000	0.1	activation;suppression;delay;loss;redirection	4	21564791	naive_selected_window_bh	0.03125	0.0	0.0	0.0			0.0	0.24	0.0	0	0	0
AW14	5	50	25	0.0	weak	composition	1000	0.1	activation;suppression;delay;loss;redirection	4	21564791	per_event_max_window_bh	0.03125	0.0	0.0	0.0			0.0	0.24	0.0	0	0	0
AW14	5	50	25	0.0	weak	composition	1000	0.1	activation;suppression;delay;loss;redirection	4	21564791	family_wide_maxT_fwer	0.03125	1.0	1.0	0.0			0.0	0.24	0.0	2	2	0
AW14	5	50	25	0.0	weak	composition	1000	0.1	activation;suppression;delay;loss;redirection	5	21565800	naive_selected_window_bh	0.03125	0.6756756756756757	1.0	1.0	0.2937853107344632	0.2542372881355932	0.62	0.0	0.62	37	25	12
AW14	5	50	25	0.0	weak	composition	1000	0.1	activation;suppression;delay;loss;redirection	5	21565800	per_event_max_window_bh	0.03125	0.0	0.0	0.0			0.0	0.24	0.0	0	0	0
AW14	5	50	25	0.0	weak	composition	1000	0.1	activation;suppression;delay;loss;redirection	5	21565800	family_wide_maxT_fwer	0.03125	0.6	1.0	0.16666666666666666	0.17796610169491522	0.288135593220339	0.04	0.2	0.04	5	3	2
AW14	5	50	25	0.0	weak	composition	1000	0.1	activation;suppression;delay;loss;redirection	6	21566809	naive_selected_window_bh	0.03125	0.0	0.0	0.0			0.0	0.24	0.0	0	0	0
AW14	5	50	25	0.0	weak	composition	1000	0.1	activation;suppression;delay;loss;redirection	6	21566809	per_event_max_window_bh	0.03125	0.0	0.0	0.0			0.0	0.24	0.0	0	0	0
AW14	5	50	25	0.0	weak	composition	1000	0.1	activation;suppression;delay;loss;redirection	6	21566809	family_wide_maxT_fwer	0.03125	0.6	1.0	0.16666666666666666	0.4067796610169491	0.3050847457627119	0.04	0.2	0.04	5	3	2
AW14	5	50	25	0.0	weak	composition	1000	0.1	activation;suppression;delay;loss;redirection	7	21567818	naive_selected_window_bh	0.03125	0.6756756756756757	1.0	1.0	0.2711864406779661	0.24858757062146894	0.62	0.0	0.62	37	25	12
AW14	5	50	25	0.0	weak	composition	1000	0.1	activation;suppression;delay;loss;redirection	7	21567818	per_event_max_window_bh	0.03125	0.0	0.0	0.0			0.0	0.24	0.0	0	0	0
AW14	5	50	25	0.0	weak	composition	1000	0.1	activation;suppression;delay;loss;redirection	7	21567818	family_wide_maxT_fwer	0.03125	1.0	1.0	0.0			0.0	0.24	0.0	1	1	0
AW14	5	50	25	0.0	weak	composition	1000	0.1	activation;suppression;delay;loss;redirection	8	21568827	naive_selected_window_bh	0.03125	0.6470588235294118	1.0	1.0	0.3855932203389831	0.18220338983050846	0.56	0.0	0.56	34	22	12
AW14	5	50	25	0.0	weak	composition	1000	0.1	activation;suppression;delay;loss;redirection	8	21568827	per_event_max_window_bh	0.03125	0.0	0.0	0.0			0.0	0.24	0.0	0	0	0
AW14	5	50	25	0.0	weak	composition	1000	0.1	activation;suppression;delay;loss;redirection	8	21568827	family_wide_maxT_fwer	0.03125	0.75	1.0	0.08333333333333333	0.5254237288135594	0.18644067796610164	0.02	0.22	0.02	4	3	1
AW14	5	50	25	0.0	weak	composition	1000	0.1	activation;suppression;delay;loss;redirection	9	21569836	naive_selected_window_bh	0.03125	0.6842105263157895	1.0	1.0	0.3403954802259887	0.31497175141242933	0.64	0.0	0.64	38	26	12
AW14	5	50	25	0.0	weak	composition	1000	0.1	activation;suppression;delay;loss;redirection	9	21569836	per_event_max_window_bh	0.03125	0.0	0.0	0.0			0.0	0.24	0.0	0	0	0
AW14	5	50	25	0.0	weak	composition	1000	0.1	activation;suppression;delay;loss;redirection	9	21569836	family_wide_maxT_fwer	0.03125	0.3333333333333333	1.0	0.16666666666666666	0.34745762711864403	0.4915254237288135	0.04	0.2	0.04	3	1	2
AW14	5	50	25	0.0	weak	composition	1000	0.1	activation;suppression;delay;loss;redirection	10	21570845	naive_selected_window_bh	0.03125	0.6666666666666666	1.0	1.0	0.31355932203389825	0.3050847457627119	0.6	0.0	0.6	36	24	12
AW14	5	50	25	0.0	weak	composition	1000	0.1	activation;suppression;delay;loss;redirection	10	21570845	per_event_max_window_bh	0.03125	0.0	0.0	0.0			0.0	0.24	0.0	0	0	0
AW14	5	50	25	0.0	weak	composition	1000	0.1	activation;suppression;delay;loss;redirection	10	21570845	family_wide_maxT_fwer	0.03125	0.6666666666666666	1.0	0.08333333333333333	0.22033898305084743	0.4915254237288136	0.02	0.22	0.02	3	2	1
AW14	5	50	25	0.0	weak	composition	1000	0.1	activation;suppression;delay;loss;redirection	11	21571854	naive_selected_window_bh	0.03125	0.6363636363636364	1.0	1.0	0.23305084745762714	0.2980225988700565	0.54	0.0	0.54	33	21	12
AW14	5	50	25	0.0	weak	composition	1000	0.1	activation;suppression;delay;loss;redirection	11	21571854	per_event_max_window_bh	0.03125	0.0	0.0	0.0			0.0	0.24	0.0	0	0	0
AW14	5	50	25	0.0	weak	composition	1000	0.1	activation;suppression;delay;loss;redirection	11	21571854	family_wide_maxT_fwer	0.03125	0.75	1.0	0.16666666666666666	0.211864406779661	0.5	0.04	0.2	0.04	8	6	2
AW15	10	50	25	0.7	moderate	stress	1000	0.1	activation;suppression;delay;loss;redirection	0	21660758	naive_selected_window_bh	0.0009765625	0.7333333333333333	1.0	1.0	0.3375706214689265	0.1963276836158192	0.54	0.0	0.78	45	33	12
AW15	10	50	25	0.7	moderate	stress	1000	0.1	activation;suppression;delay;loss;redirection	0	21660758	per_event_max_window_bh	0.0009765625	0.4	1.0	1.0	0.3375706214689265	0.1963276836158192	0.04	0.0	0.28	20	8	12
AW15	10	50	25	0.7	moderate	stress	1000	0.1	activation;suppression;delay;loss;redirection	0	21660758	family_wide_maxT_fwer	0.0009765625	0.3333333333333333	1.0	1.0	0.3375706214689265	0.1963276836158192	0.0	0.0	0.24	18	6	12
AW15	10	50	25	0.7	moderate	stress	1000	0.1	activation;suppression;delay;loss;redirection	1	21661767	naive_selected_window_bh	0.0009765625	0.52	1.0	1.0	0.3389830508474576	0.18361581920903958	0.14	0.0	0.38	25	13	12
AW15	10	50	25	0.7	moderate	stress	1000	0.1	activation;suppression;delay;loss;redirection	1	21661767	per_event_max_window_bh	0.0009765625	0.3333333333333333	1.0	1.0	0.3389830508474576	0.18361581920903958	0.0	0.0	0.24	18	6	12
AW15	10	50	25	0.7	moderate	stress	1000	0.1	activation;suppression;delay;loss;redirection	1	21661767	family_wide_maxT_fwer	0.0009765625	0.3333333333333333	1.0	1.0	0.3389830508474576	0.18361581920903958	0.0	0.0	0.24	18	6	12
AW15	10	50	25	0.7	moderate	stress	1000	0.1	activation;suppression;delay;loss;redirection	2	21662776	naive_selected_window_bh	0.0009765625	0.6756756756756757	1.0	1.0	0.3629943502824859	0.18220338983050852	0.4	0.0	0.64	37	25	12
AW15	10	50	25	0.7	moderate	stress	1000	0.1	activation;suppression;delay;loss;redirection	2	21662776	per_event_max_window_bh	0.0009765625	0.4	1.0	1.0	0.3629943502824859	0.18220338983050852	0.06	0.0	0.3	20	8	12
AW15	10	50	25	0.7	moderate	stress	1000	0.1	activation;suppression;delay;loss;redirection	2	21662776	family_wide_maxT_fwer	0.0009765625	0.3333333333333333	1.0	1.0	0.3629943502824859	0.18220338983050852	0.02	0.0	0.26	18	6	12
AW15	10	50	25	0.7	moderate	stress	1000	0.1	activation;suppression;delay;loss;redirection	3	21663785	naive_selected_window_bh	0.0009765625	0.6129032258064516	1.0	1.0	0.3319209039548022	0.18502824858757064	0.26	0.0	0.5	31	19	12
AW15	10	50	25	0.7	moderate	stress	1000	0.1	activation;suppression;delay;loss;redirection	3	21663785	per_event_max_window_bh	0.0009765625	0.3684210526315789	1.0	1.0	0.3319209039548022	0.18502824858757064	0.02	0.0	0.26	19	7	12
AW15	10	50	25	0.7	moderate	stress	1000	0.1	activation;suppression;delay;loss;redirection	3	21663785	family_wide_maxT_fwer	0.0009765625	0.3333333333333333	1.0	1.0	0.3319209039548022	0.18502824858757064	0.0	0.0	0.24	18	6	12
AW15	10	50	25	0.7	moderate	stress	1000	0.1	activation;suppression;delay;loss;redirection	4	21664794	naive_selected_window_bh	0.0009765625	0.7272727272727273	1.0	1.0	0.28389830508474573	0.24152542372881355	0.54	0.0	0.78	44	32	12
AW15	10	50	25	0.7	moderate	stress	1000	0.1	activation;suppression;delay;loss;redirection	4	21664794	per_event_max_window_bh	0.0009765625	0.4	1.0	1.0	0.28389830508474573	0.24152542372881355	0.06	0.0	0.3	20	8	12
AW15	10	50	25	0.7	moderate	stress	1000	0.1	activation;suppression;delay;loss;redirection	4	21664794	family_wide_maxT_fwer	0.0009765625	0.3333333333333333	1.0	1.0	0.28389830508474573	0.24152542372881355	0.02	0.0	0.26	18	6	12
AW15	10	50	25	0.7	moderate	stress	1000	0.1	activation;suppression;delay;loss;redirection	5	21665803	naive_selected_window_bh	0.0009765625	0.6666666666666666	1.0	1.0	0.3008474576271186	0.24152542372881355	0.38	0.0	0.62	36	24	12
AW15	10	50	25	0.7	moderate	stress	1000	0.1	activation;suppression;delay;loss;redirection	5	21665803	per_event_max_window_bh	0.0009765625	0.3684210526315789	1.0	1.0	0.3008474576271186	0.24152542372881355	0.04	0.0	0.28	19	7	12
AW15	10	50	25	0.7	moderate	stress	1000	0.1	activation;suppression;delay;loss;redirection	5	21665803	family_wide_maxT_fwer	0.0009765625	0.3333333333333333	1.0	1.0	0.3008474576271186	0.24152542372881355	0.02	0.0	0.26	18	6	12
AW15	10	50	25	0.7	moderate	stress	1000	0.1	activation;suppression;delay;loss;redirection	6	21666812	naive_selected_window_bh	0.0009765625	0.7446808510638298	1.0	1.0	0.35593220338983045	0.16666666666666666	0.58	0.0	0.82	47	35	12
AW15	10	50	25	0.7	moderate	stress	1000	0.1	activation;suppression;delay;loss;redirection	6	21666812	per_event_max_window_bh	0.0009765625	0.4782608695652174	1.0	1.0	0.35593220338983045	0.16666666666666666	0.1	0.0	0.34	23	11	12
AW15	10	50	25	0.7	moderate	stress	1000	0.1	activation;suppression;delay;loss;redirection	6	21666812	family_wide_maxT_fwer	0.0009765625	0.3333333333333333	1.0	1.0	0.35593220338983045	0.16666666666666666	0.0	0.0	0.24	18	6	12
AW15	10	50	25	0.7	moderate	stress	1000	0.1	activation;suppression;delay;loss;redirection	7	21667821	naive_selected_window_bh	0.0009765625	0.75	1.0	1.0	0.3629943502824859	0.153954802259887	0.6	0.0	0.84	48	36	12
AW15	10	50	25	0.7	moderate	stress	1000	0.1	activation;suppression;delay;loss;redirection	7	21667821	per_event_max_window_bh	0.0009765625	0.3684210526315789	1.0	1.0	0.3629943502824859	0.153954802259887	0.02	0.0	0.26	19	7	12
AW15	10	50	25	0.7	moderate	stress	1000	0.1	activation;suppression;delay;loss;redirection	7	21667821	family_wide_maxT_fwer	0.0009765625	0.3333333333333333	1.0	1.0	0.3629943502824859	0.153954802259887	0.0	0.0	0.24	18	6	12
AW15	10	50	25	0.7	moderate	stress	1000	0.1	activation;suppression;delay;loss;redirection	8	21668830	naive_selected_window_bh	0.0009765625	0.5384615384615384	1.0	1.0	0.24999999999999997	0.26977401129943507	0.16	0.0	0.4	26	14	12
AW15	10	50	25	0.7	moderate	stress	1000	0.1	activation;suppression;delay;loss;redirection	8	21668830	per_event_max_window_bh	0.0009765625	0.3333333333333333	1.0	1.0	0.24999999999999997	0.26977401129943507	0.0	0.0	0.24	18	6	12
AW15	10	50	25	0.7	moderate	stress	1000	0.1	activation;suppression;delay;loss;redirection	8	21668830	family_wide_maxT_fwer	0.0009765625	0.3333333333333333	1.0	1.0	0.24999999999999997	0.26977401129943507	0.0	0.0	0.24	18	6	12
AW15	10	50	25	0.7	moderate	stress	1000	0.1	activation;suppression;delay;loss;redirection	9	21669839	naive_selected_window_bh	0.0009765625	0.6756756756756757	1.0	1.0	0.35028248587570615	0.18079096045197743	0.38	0.0	0.62	37	25	12
AW15	10	50	25	0.7	moderate	stress	1000	0.1	activation;suppression;delay;loss;redirection	9	21669839	per_event_max_window_bh	0.0009765625	0.3333333333333333	1.0	1.0	0.35028248587570615	0.18079096045197743	0.0	0.0	0.24	18	6	12
AW15	10	50	25	0.7	moderate	stress	1000	0.1	activation;suppression;delay;loss;redirection	9	21669839	family_wide_maxT_fwer	0.0009765625	0.3333333333333333	1.0	1.0	0.35028248587570615	0.18079096045197743	0.0	0.0	0.24	18	6	12
AW15	10	50	25	0.7	moderate	stress	1000	0.1	activation;suppression;delay;loss;redirection	10	21670848	naive_selected_window_bh	0.0009765625	0.6842105263157895	1.0	1.0	0.3870056497175141	0.192090395480226	0.4	0.0	0.64	38	26	12
AW15	10	50	25	0.7	moderate	stress	1000	0.1	activation;suppression;delay;loss;redirection	10	21670848	per_event_max_window_bh	0.0009765625	0.42857142857142855	1.0	1.0	0.3870056497175141	0.192090395480226	0.06	0.0	0.3	21	9	12
AW15	10	50	25	0.7	moderate	stress	1000	0.1	activation;suppression;delay;loss;redirection	10	21670848	family_wide_maxT_fwer	0.0009765625	0.3333333333333333	1.0	1.0	0.3870056497175141	0.192090395480226	0.0	0.0	0.24	18	6	12
AW15	10	50	25	0.7	moderate	stress	1000	0.1	activation;suppression;delay;loss;redirection	11	21671857	naive_selected_window_bh	0.0009765625	0.6	1.0	1.0	0.3700564971751413	0.16949152542372878	0.24	0.0	0.48	30	18	12
AW15	10	50	25	0.7	moderate	stress	1000	0.1	activation;suppression;delay;loss;redirection	11	21671857	per_event_max_window_bh	0.0009765625	0.3333333333333333	1.0	1.0	0.3700564971751413	0.16949152542372878	0.0	0.0	0.24	18	6	12
AW15	10	50	25	0.7	moderate	stress	1000	0.1	activation;suppression;delay;loss;redirection	11	21671857	family_wide_maxT_fwer	0.0009765625	0.3333333333333333	1.0	1.0	0.3700564971751413	0.16949152542372878	0.0	0.0	0.24	18	6	12
AW16	3	100	25	0.7	strong	stress	1000	0.1	activation;suppression;delay;loss;redirection	0	21760761	naive_selected_window_bh	0.125	0.0	0.0	0.0			0.0	0.25	0.0	0	0	0
AW16	3	100	25	0.7	strong	stress	1000	0.1	activation;suppression;delay;loss;redirection	0	21760761	per_event_max_window_bh	0.125	0.0	0.0	0.0			0.0	0.25	0.0	0	0	0
AW16	3	100	25	0.7	strong	stress	1000	0.1	activation;suppression;delay;loss;redirection	0	21760761	family_wide_maxT_fwer	0.125	0.0	0.0	0.0			0.0	0.25	0.0	0	0	0
AW16	3	100	25	0.7	strong	stress	1000	0.1	activation;suppression;delay;loss;redirection	1	21761770	naive_selected_window_bh	0.125	0.0	0.0	0.0			0.0	0.25	0.0	0	0	0
AW16	3	100	25	0.7	strong	stress	1000	0.1	activation;suppression;delay;loss;redirection	1	21761770	per_event_max_window_bh	0.125	0.0	0.0	0.0			0.0	0.25	0.0	0	0	0
AW16	3	100	25	0.7	strong	stress	1000	0.1	activation;suppression;delay;loss;redirection	1	21761770	family_wide_maxT_fwer	0.125	0.0	0.0	0.0			0.0	0.25	0.0	0	0	0
AW16	3	100	25	0.7	strong	stress	1000	0.1	activation;suppression;delay;loss;redirection	2	21762779	naive_selected_window_bh	0.125	0.0	0.0	0.0			0.0	0.25	0.0	0	0	0
AW16	3	100	25	0.7	strong	stress	1000	0.1	activation;suppression;delay;loss;redirection	2	21762779	per_event_max_window_bh	0.125	0.0	0.0	0.0			0.0	0.25	0.0	0	0	0
AW16	3	100	25	0.7	strong	stress	1000	0.1	activation;suppression;delay;loss;redirection	2	21762779	family_wide_maxT_fwer	0.125	0.0	0.0	0.0			0.0	0.25	0.0	0	0	0
AW16	3	100	25	0.7	strong	stress	1000	0.1	activation;suppression;delay;loss;redirection	3	21763788	naive_selected_window_bh	0.125	0.0	0.0	0.0			0.0	0.25	0.0	0	0	0
AW16	3	100	25	0.7	strong	stress	1000	0.1	activation;suppression;delay;loss;redirection	3	21763788	per_event_max_window_bh	0.125	0.0	0.0	0.0			0.0	0.25	0.0	0	0	0
AW16	3	100	25	0.7	strong	stress	1000	0.1	activation;suppression;delay;loss;redirection	3	21763788	family_wide_maxT_fwer	0.125	0.0	0.0	0.0			0.0	0.25	0.0	0	0	0
AW16	3	100	25	0.7	strong	stress	1000	0.1	activation;suppression;delay;loss;redirection	4	21764797	naive_selected_window_bh	0.125	0.0	0.0	0.0			0.0	0.25	0.0	0	0	0
AW16	3	100	25	0.7	strong	stress	1000	0.1	activation;suppression;delay;loss;redirection	4	21764797	per_event_max_window_bh	0.125	0.0	0.0	0.0			0.0	0.25	0.0	0	0	0
AW16	3	100	25	0.7	strong	stress	1000	0.1	activation;suppression;delay;loss;redirection	4	21764797	family_wide_maxT_fwer	0.125	0.0	0.0	0.0			0.0	0.25	0.0	0	0	0
AW16	3	100	25	0.7	strong	stress	1000	0.1	activation;suppression;delay;loss;redirection	5	21765806	naive_selected_window_bh	0.125	0.0	0.0	0.0			0.0	0.25	0.0	0	0	0
AW16	3	100	25	0.7	strong	stress	1000	0.1	activation;suppression;delay;loss;redirection	5	21765806	per_event_max_window_bh	0.125	0.0	0.0	0.0			0.0	0.25	0.0	0	0	0
AW16	3	100	25	0.7	strong	stress	1000	0.1	activation;suppression;delay;loss;redirection	5	21765806	family_wide_maxT_fwer	0.125	0.0	0.0	0.0			0.0	0.25	0.0	0	0	0
AW16	3	100	25	0.7	strong	stress	1000	0.1	activation;suppression;delay;loss;redirection	6	21766815	naive_selected_window_bh	0.125	0.0	0.0	0.0			0.0	0.25	0.0	0	0	0
AW16	3	100	25	0.7	strong	stress	1000	0.1	activation;suppression;delay;loss;redirection	6	21766815	per_event_max_window_bh	0.125	0.0	0.0	0.0			0.0	0.25	0.0	0	0	0
AW16	3	100	25	0.7	strong	stress	1000	0.1	activation;suppression;delay;loss;redirection	6	21766815	family_wide_maxT_fwer	0.125	0.0	0.0	0.0			0.0	0.25	0.0	0	0	0
AW16	3	100	25	0.7	strong	stress	1000	0.1	activation;suppression;delay;loss;redirection	7	21767824	naive_selected_window_bh	0.125	0.0	0.0	0.0			0.0	0.25	0.0	0	0	0
AW16	3	100	25	0.7	strong	stress	1000	0.1	activation;suppression;delay;loss;redirection	7	21767824	per_event_max_window_bh	0.125	0.0	0.0	0.0			0.0	0.25	0.0	0	0	0
AW16	3	100	25	0.7	strong	stress	1000	0.1	activation;suppression;delay;loss;redirection	7	21767824	family_wide_maxT_fwer	0.125	0.0	0.0	0.0			0.0	0.25	0.0	0	0	0
AW16	3	100	25	0.7	strong	stress	1000	0.1	activation;suppression;delay;loss;redirection	8	21768833	naive_selected_window_bh	0.125	0.0	0.0	0.0			0.0	0.25	0.0	0	0	0
AW16	3	100	25	0.7	strong	stress	1000	0.1	activation;suppression;delay;loss;redirection	8	21768833	per_event_max_window_bh	0.125	0.0	0.0	0.0			0.0	0.25	0.0	0	0	0
AW16	3	100	25	0.7	strong	stress	1000	0.1	activation;suppression;delay;loss;redirection	8	21768833	family_wide_maxT_fwer	0.125	0.0	0.0	0.0			0.0	0.25	0.0	0	0	0
AW16	3	100	25	0.7	strong	stress	1000	0.1	activation;suppression;delay;loss;redirection	9	21769842	naive_selected_window_bh	0.125	0.0	0.0	0.0			0.0	0.25	0.0	0	0	0
AW16	3	100	25	0.7	strong	stress	1000	0.1	activation;suppression;delay;loss;redirection	9	21769842	per_event_max_window_bh	0.125	0.0	0.0	0.0			0.0	0.25	0.0	0	0	0
AW16	3	100	25	0.7	strong	stress	1000	0.1	activation;suppression;delay;loss;redirection	9	21769842	family_wide_maxT_fwer	0.125	0.0	0.0	0.0			0.0	0.25	0.0	0	0	0
AW16	3	100	25	0.7	strong	stress	1000	0.1	activation;suppression;delay;loss;redirection	10	21770851	naive_selected_window_bh	0.125	0.0	0.0	0.0			0.0	0.25	0.0	0	0	0
AW16	3	100	25	0.7	strong	stress	1000	0.1	activation;suppression;delay;loss;redirection	10	21770851	per_event_max_window_bh	0.125	0.0	0.0	0.0			0.0	0.25	0.0	0	0	0
AW16	3	100	25	0.7	strong	stress	1000	0.1	activation;suppression;delay;loss;redirection	10	21770851	family_wide_maxT_fwer	0.125	0.0	0.0	0.0			0.0	0.25	0.0	0	0	0
AW16	3	100	25	0.7	strong	stress	1000	0.1	activation;suppression;delay;loss;redirection	11	21771860	naive_selected_window_bh	0.125	0.0	0.0	0.0			0.0	0.25	0.0	0	0	0
AW16	3	100	25	0.7	strong	stress	1000	0.1	activation;suppression;delay;loss;redirection	11	21771860	per_event_max_window_bh	0.125	0.0	0.0	0.0			0.0	0.25	0.0	0	0	0
AW16	3	100	25	0.7	strong	stress	1000	0.1	activation;suppression;delay;loss;redirection	11	21771860	family_wide_maxT_fwer	0.125	0.0	0.0	0.0			0.0	0.25	0.0	0	0	0
AW17	5	100	25	0.3	null	batch_time	1000	0.1	activation;suppression;delay;loss;redirection	0	21860764	naive_selected_window_bh	0.03125	0.0	0.0				0.0	0.0	0.0	0	0	0
AW17	5	100	25	0.3	null	batch_time	1000	0.1	activation;suppression;delay;loss;redirection	0	21860764	per_event_max_window_bh	0.03125	0.0	0.0				0.0	0.0	0.0	0	0	0
AW17	5	100	25	0.3	null	batch_time	1000	0.1	activation;suppression;delay;loss;redirection	0	21860764	family_wide_maxT_fwer	0.03125	0.0	0.0				0.0	0.0	0.0	0	0	0
AW17	5	100	25	0.3	null	batch_time	1000	0.1	activation;suppression;delay;loss;redirection	1	21861773	naive_selected_window_bh	0.03125	0.0	0.0				0.0	0.0	0.0	0	0	0
AW17	5	100	25	0.3	null	batch_time	1000	0.1	activation;suppression;delay;loss;redirection	1	21861773	per_event_max_window_bh	0.03125	0.0	0.0				0.0	0.0	0.0	0	0	0
AW17	5	100	25	0.3	null	batch_time	1000	0.1	activation;suppression;delay;loss;redirection	1	21861773	family_wide_maxT_fwer	0.03125	0.0	0.0				0.0	0.0	0.0	0	0	0
AW17	5	100	25	0.3	null	batch_time	1000	0.1	activation;suppression;delay;loss;redirection	2	21862782	naive_selected_window_bh	0.03125	0.0	0.0				0.0	0.0	0.0	0	0	0
AW17	5	100	25	0.3	null	batch_time	1000	0.1	activation;suppression;delay;loss;redirection	2	21862782	per_event_max_window_bh	0.03125	0.0	0.0				0.0	0.0	0.0	0	0	0
AW17	5	100	25	0.3	null	batch_time	1000	0.1	activation;suppression;delay;loss;redirection	2	21862782	family_wide_maxT_fwer	0.03125	0.0	0.0				0.0	0.0	0.0	0	0	0
AW17	5	100	25	0.3	null	batch_time	1000	0.1	activation;suppression;delay;loss;redirection	3	21863791	naive_selected_window_bh	0.03125	0.0	0.0				0.0	0.0	0.0	0	0	0
AW17	5	100	25	0.3	null	batch_time	1000	0.1	activation;suppression;delay;loss;redirection	3	21863791	per_event_max_window_bh	0.03125	0.0	0.0				0.0	0.0	0.0	0	0	0
AW17	5	100	25	0.3	null	batch_time	1000	0.1	activation;suppression;delay;loss;redirection	3	21863791	family_wide_maxT_fwer	0.03125	0.0	0.0				0.0	0.0	0.0	0	0	0
AW17	5	100	25	0.3	null	batch_time	1000	0.1	activation;suppression;delay;loss;redirection	4	21864800	naive_selected_window_bh	0.03125	0.0	0.0				0.0	0.0	0.0	0	0	0
AW17	5	100	25	0.3	null	batch_time	1000	0.1	activation;suppression;delay;loss;redirection	4	21864800	per_event_max_window_bh	0.03125	0.0	0.0				0.0	0.0	0.0	0	0	0
AW17	5	100	25	0.3	null	batch_time	1000	0.1	activation;suppression;delay;loss;redirection	4	21864800	family_wide_maxT_fwer	0.03125	0.0	0.0				0.0	0.0	0.0	0	0	0
AW17	5	100	25	0.3	null	batch_time	1000	0.1	activation;suppression;delay;loss;redirection	5	21865809	naive_selected_window_bh	0.03125	0.0	0.0				0.0	0.0	0.0	0	0	0
AW17	5	100	25	0.3	null	batch_time	1000	0.1	activation;suppression;delay;loss;redirection	5	21865809	per_event_max_window_bh	0.03125	0.0	0.0				0.0	0.0	0.0	0	0	0
AW17	5	100	25	0.3	null	batch_time	1000	0.1	activation;suppression;delay;loss;redirection	5	21865809	family_wide_maxT_fwer	0.03125	0.0	0.0				0.0	0.0	0.0	0	0	0
AW17	5	100	25	0.3	null	batch_time	1000	0.1	activation;suppression;delay;loss;redirection	6	21866818	naive_selected_window_bh	0.03125	0.0	0.0				0.0	0.0	0.0	0	0	0
AW17	5	100	25	0.3	null	batch_time	1000	0.1	activation;suppression;delay;loss;redirection	6	21866818	per_event_max_window_bh	0.03125	0.0	0.0				0.0	0.0	0.0	0	0	0
AW17	5	100	25	0.3	null	batch_time	1000	0.1	activation;suppression;delay;loss;redirection	6	21866818	family_wide_maxT_fwer	0.03125	0.0	0.0				0.0	0.0	0.0	0	0	0
AW17	5	100	25	0.3	null	batch_time	1000	0.1	activation;suppression;delay;loss;redirection	7	21867827	naive_selected_window_bh	0.03125	0.0	0.0				0.0	0.0	0.0	0	0	0
AW17	5	100	25	0.3	null	batch_time	1000	0.1	activation;suppression;delay;loss;redirection	7	21867827	per_event_max_window_bh	0.03125	0.0	0.0				0.0	0.0	0.0	0	0	0
AW17	5	100	25	0.3	null	batch_time	1000	0.1	activation;suppression;delay;loss;redirection	7	21867827	family_wide_maxT_fwer	0.03125	0.0	0.0				0.0	0.0	0.0	0	0	0
AW17	5	100	25	0.3	null	batch_time	1000	0.1	activation;suppression;delay;loss;redirection	8	21868836	naive_selected_window_bh	0.03125	0.0	0.0				0.0	0.0	0.0	0	0	0
AW17	5	100	25	0.3	null	batch_time	1000	0.1	activation;suppression;delay;loss;redirection	8	21868836	per_event_max_window_bh	0.03125	0.0	0.0				0.0	0.0	0.0	0	0	0
AW17	5	100	25	0.3	null	batch_time	1000	0.1	activation;suppression;delay;loss;redirection	8	21868836	family_wide_maxT_fwer	0.03125	0.0	0.0				0.0	0.0	0.0	0	0	0
AW17	5	100	25	0.3	null	batch_time	1000	0.1	activation;suppression;delay;loss;redirection	9	21869845	naive_selected_window_bh	0.03125	0.0	0.0				0.0	0.0	0.0	0	0	0
AW17	5	100	25	0.3	null	batch_time	1000	0.1	activation;suppression;delay;loss;redirection	9	21869845	per_event_max_window_bh	0.03125	0.0	0.0				0.0	0.0	0.0	0	0	0
AW17	5	100	25	0.3	null	batch_time	1000	0.1	activation;suppression;delay;loss;redirection	9	21869845	family_wide_maxT_fwer	0.03125	0.0	0.0				0.0	0.0	0.0	0	0	0
AW17	5	100	25	0.3	null	batch_time	1000	0.1	activation;suppression;delay;loss;redirection	10	21870854	naive_selected_window_bh	0.03125	0.0	0.0				0.0	0.0	0.0	0	0	0
AW17	5	100	25	0.3	null	batch_time	1000	0.1	activation;suppression;delay;loss;redirection	10	21870854	per_event_max_window_bh	0.03125	0.0	0.0				0.0	0.0	0.0	0	0	0
AW17	5	100	25	0.3	null	batch_time	1000	0.1	activation;suppression;delay;loss;redirection	10	21870854	family_wide_maxT_fwer	0.03125	0.0	0.0				0.0	0.0	0.0	0	0	0
AW17	5	100	25	0.3	null	batch_time	1000	0.1	activation;suppression;delay;loss;redirection	11	21871863	naive_selected_window_bh	0.03125	0.0	0.0				0.0	0.0	0.0	0	0	0
AW17	5	100	25	0.3	null	batch_time	1000	0.1	activation;suppression;delay;loss;redirection	11	21871863	per_event_max_window_bh	0.03125	0.0	0.0				0.0	0.0	0.0	0	0	0
AW17	5	100	25	0.3	null	batch_time	1000	0.1	activation;suppression;delay;loss;redirection	11	21871863	family_wide_maxT_fwer	0.03125	0.0	0.0				0.0	0.0	0.0	0	0	0
AW18	10	100	25	0.0	weak	batch_time	5000	0.1	activation;suppression;delay;loss;redirection	0	21960767	naive_selected_window_bh	0.0009765625	0.6428571428571429	1.0	1.0	0.30915254237288137	0.20135593220338982	0.67	0.0	0.67	70	45	25
AW18	10	100	25	0.0	weak	batch_time	5000	0.1	activation;suppression;delay;loss;redirection	0	21960767	per_event_max_window_bh	0.0009765625	0.07407407407407407	1.0	1.0	0.30915254237288137	0.20135593220338982	0.27	0.0	0.27	27	2	25
AW18	10	100	25	0.0	weak	batch_time	5000	0.1	activation;suppression;delay;loss;redirection	0	21960767	family_wide_maxT_fwer	0.0009765625	0.0	0.0	0.72	0.33709981167608283	0.24764595103578152	0.18	0.07	0.18	18	0	18
AW18	10	100	25	0.0	weak	batch_time	5000	0.1	activation;suppression;delay;loss;redirection	1	21961776	naive_selected_window_bh	0.0009765625	0.5833333333333334	1.0	1.0	0.28813559322033894	0.1884745762711864	0.57	0.0	0.57	60	35	25
AW18	10	100	25	0.0	weak	batch_time	5000	0.1	activation;suppression;delay;loss;redirection	1	21961776	per_event_max_window_bh	0.0009765625	0.0	0.0	1.0	0.28813559322033894	0.1884745762711864	0.25	0.0	0.25	25	0	25
AW18	10	100	25	0.0	weak	batch_time	5000	0.1	activation;suppression;delay;loss;redirection	1	21961776	family_wide_maxT_fwer	0.0009765625	0.0	0.0	0.92	0.29476787030213697	0.20044215180545316	0.23	0.02	0.23	23	0	23
AW18	10	100	25	0.0	weak	batch_time	5000	0.1	activation;suppression;delay;loss;redirection	2	21962785	naive_selected_window_bh	0.0009765625	0.6428571428571429	1.0	1.0	0.3464406779661017	0.176271186440678	0.69	0.0	0.69	70	45	25
AW18	10	100	25	0.0	weak	batch_time	5000	0.1	activation;suppression;delay;loss;redirection	2	21962785	per_event_max_window_bh	0.0009765625	0.07692307692307693	1.0	0.96	0.3538135593220339	0.18361581920903958	0.26	0.01	0.26	26	2	24
AW18	10	100	25	0.0	weak	batch_time	5000	0.1	activation;suppression;delay;loss;redirection	2	21962785	family_wide_maxT_fwer	0.0009765625	0.0	0.0	0.88	0.3682588597842836	0.18567026194144842	0.22	0.03	0.22	22	0	22
AW18	10	100	25	0.0	weak	batch_time	5000	0.1	activation;suppression;delay;loss;redirection	3	21963794	naive_selected_window_bh	0.0009765625	0.6666666666666666	1.0	1.0	0.32	0.16203389830508474	0.72	0.0	0.72	75	50	25
AW18	10	100	25	0.0	weak	batch_time	5000	0.1	activation;suppression;delay;loss;redirection	3	21963794	per_event_max_window_bh	0.0009765625	0.13793103448275862	1.0	1.0	0.32	0.16203389830508474	0.28	0.0	0.28	29	4	25
AW18	10	100	25	0.0	weak	batch_time	5000	0.1	activation;suppression;delay;loss;redirection	3	21963794	family_wide_maxT_fwer	0.0009765625	0.0	0.0	0.8	0.3533898305084745	0.17457627118644065	0.2	0.05	0.2	20	0	20
AW18	10	100	25	0.0	weak	batch_time	5000	0.1	activation;suppression;delay;loss;redirection	4	21964803	naive_selected_window_bh	0.0009765625	0.6666666666666666	1.0	1.0	0.27254237288135597	0.20813559322033895	0.72	0.0	0.72	75	50	25
AW18	10	100	25	0.0	weak	batch_time	5000	0.1	activation;suppression;delay;loss;redirection	4	21964803	per_event_max_window_bh	0.0009765625	0.0	0.0	1.0	0.27254237288135597	0.20813559322033895	0.25	0.0	0.25	25	0	25
AW18	10	100	25	0.0	weak	batch_time	5000	0.1	activation;suppression;delay;loss;redirection	4	21964803	family_wide_maxT_fwer	0.0009765625	0.0	0.0	0.64	0.29131355932203384	0.22245762711864406	0.16	0.09	0.16	16	0	16
AW18	10	100	25	0.0	weak	batch_time	5000	0.1	activation;suppression;delay;loss;redirection	5	21965812	naive_selected_window_bh	0.0009765625	0.5689655172413793	1.0	1.0	0.3077966101694915	0.23661016949152539	0.57	0.0	0.57	58	33	25
AW18	10	100	25	0.0	weak	batch_time	5000	0.1	activation;suppression;delay;loss;redirection	5	21965812	per_event_max_window_bh	0.0009765625	0.1935483870967742	1.0	1.0	0.3077966101694915	0.23661016949152539	0.3	0.0	0.3	31	6	25
AW18	10	100	25	0.0	weak	batch_time	5000	0.1	activation;suppression;delay;loss;redirection	5	21965812	family_wide_maxT_fwer	0.0009765625	0.0	0.0	0.72	0.3229755178907721	0.2598870056497175	0.18	0.07	0.18	18	0	18
AW18	10	100	25	0.0	weak	batch_time	5000	0.1	activation;suppression;delay;loss;redirection	6	21966821	naive_selected_window_bh	0.0009765625	0.5901639344262295	1.0	1.0	0.30576271186440673	0.1816949152542373	0.58	0.0	0.58	61	36	25
AW18	10	100	25	0.0	weak	batch_time	5000	0.1	activation;suppression;delay;loss;redirection	6	21966821	per_event_max_window_bh	0.0009765625	0.038461538461538464	1.0	1.0	0.30576271186440673	0.1816949152542373	0.26	0.0	0.26	26	1	25
AW18	10	100	25	0.0	weak	batch_time	5000	0.1	activation;suppression;delay;loss;redirection	6	21966821	family_wide_maxT_fwer	0.0009765625	0.047619047619047616	1.0	0.8	0.3211864406779661	0.20593220338983048	0.21	0.05	0.21	21	1	20
AW18	10	100	25	0.0	weak	batch_time	5000	0.1	activation;suppression;delay;loss;redirection	7	21967830	naive_selected_window_bh	0.0009765625	0.5614035087719298	1.0	1.0	0.30983050847457627	0.16677966101694913	0.54	0.0	0.54	57	32	25
AW18	10	100	25	0.0	weak	batch_time	5000	0.1	activation;suppression;delay;loss;redirection	7	21967830	per_event_max_window_bh	0.0009765625	0.07407407407407407	1.0	1.0	0.30983050847457627	0.16677966101694913	0.27	0.0	0.27	27	2	25
AW18	10	100	25	0.0	weak	batch_time	5000	0.1	activation;suppression;delay;loss;redirection	7	21967830	family_wide_maxT_fwer	0.0009765625	0.0	0.0	0.92	0.31834929992630795	0.16138540899042003	0.23	0.02	0.23	23	0	23
AW18	10	100	25	0.0	weak	batch_time	5000	0.1	activation;suppression;delay;loss;redirection	8	21968839	naive_selected_window_bh	0.0009765625	0.6323529411764706	1.0	1.0	0.22644067796610165	0.2447457627118644	0.65	0.0	0.65	68	43	25
AW18	10	100	25	0.0	weak	batch_time	5000	0.1	activation;suppression;delay;loss;redirection	8	21968839	per_event_max_window_bh	0.0009765625	0.14285714285714285	1.0	0.96	0.23305084745762708	0.2507062146892655	0.28	0.01	0.28	28	4	24
AW18	10	100	25	0.0	weak	batch_time	5000	0.1	activation;suppression;delay;loss;redirection	8	21968839	family_wide_maxT_fwer	0.0009765625	0.0	0.0	0.72	0.2419962335216572	0.2627118644067796	0.18	0.07	0.18	18	0	18
AW18	10	100	25	0.0	weak	batch_time	5000	0.1	activation;suppression;delay;loss;redirection	9	21969848	naive_selected_window_bh	0.0009765625	0.5689655172413793	1.0	1.0	0.32949152542372884	0.1674576271186441	0.55	0.0	0.55	58	33	25
AW18	10	100	25	0.0	weak	batch_time	5000	0.1	activation;suppression;delay;loss;redirection	9	21969848	per_event_max_window_bh	0.0009765625	0.038461538461538464	1.0	1.0	0.32949152542372884	0.1674576271186441	0.26	0.0	0.26	26	1	25
AW18	10	100	25	0.0	weak	batch_time	5000	0.1	activation;suppression;delay;loss;redirection	9	21969848	family_wide_maxT_fwer	0.0009765625	0.0	0.0	0.72	0.3559322033898305	0.20150659133709983	0.18	0.07	0.18	18	0	18
AW18	10	100	25	0.0	weak	batch_time	5000	0.1	activation;suppression;delay;loss;redirection	10	21970857	naive_selected_window_bh	0.0009765625	0.5535714285714286	1.0	1.0	0.2983050847457627	0.18508474576271186	0.54	0.0	0.54	56	31	25
AW18	10	100	25	0.0	weak	batch_time	5000	0.1	activation;suppression;delay;loss;redirection	10	21970857	per_event_max_window_bh	0.0009765625	0.07407407407407407	1.0	1.0	0.2983050847457627	0.18508474576271186	0.27	0.0	0.27	27	2	25
AW18	10	100	25	0.0	weak	batch_time	5000	0.1	activation;suppression;delay;loss;redirection	10	21970857	family_wide_maxT_fwer	0.0009765625	0.0	0.0	0.76	0.343443354148082	0.22390722569134702	0.19	0.06	0.19	19	0	19
AW18	10	100	25	0.0	weak	batch_time	5000	0.1	activation;suppression;delay;loss;redirection	11	21971866	naive_selected_window_bh	0.0009765625	0.6527777777777778	1.0	1.0	0.2949152542372881	0.2155932203389831	0.7	0.0	0.7	72	47	25
AW18	10	100	25	0.0	weak	batch_time	5000	0.1	activation;suppression;delay;loss;redirection	11	21971866	per_event_max_window_bh	0.0009765625	0.07407407407407407	1.0	1.0	0.2949152542372881	0.2155932203389831	0.27	0.0	0.27	27	2	25
AW18	10	100	25	0.0	weak	batch_time	5000	0.1	activation;suppression;delay;loss;redirection	11	21971866	family_wide_maxT_fwer	0.0009765625	0.0	0.0	0.8	0.30423728813559314	0.24322033898305082	0.2	0.05	0.2	20	0	20
AW19	3	20	50	0.0	moderate	missing_intermediates	1000	0.1	activation;suppression;delay;loss;redirection	0	22060770	naive_selected_window_bh	0.125	0.0	0.0	0.0			0.0	0.25	0.0	0	0	0
AW19	3	20	50	0.0	moderate	missing_intermediates	1000	0.1	activation;suppression;delay;loss;redirection	0	22060770	per_event_max_window_bh	0.125	0.0	0.0	0.0			0.0	0.25	0.0	0	0	0
AW19	3	20	50	0.0	moderate	missing_intermediates	1000	0.1	activation;suppression;delay;loss;redirection	0	22060770	family_wide_maxT_fwer	0.125	0.0	0.0	0.0			0.0	0.25	0.0	0	0	0
AW19	3	20	50	0.0	moderate	missing_intermediates	1000	0.1	activation;suppression;delay;loss;redirection	1	22061779	naive_selected_window_bh	0.125	0.0	0.0	0.0			0.0	0.25	0.0	0	0	0
AW19	3	20	50	0.0	moderate	missing_intermediates	1000	0.1	activation;suppression;delay;loss;redirection	1	22061779	per_event_max_window_bh	0.125	0.0	0.0	0.0			0.0	0.25	0.0	0	0	0
AW19	3	20	50	0.0	moderate	missing_intermediates	1000	0.1	activation;suppression;delay;loss;redirection	1	22061779	family_wide_maxT_fwer	0.125	0.0	0.0	0.0			0.0	0.25	0.0	0	0	0
AW19	3	20	50	0.0	moderate	missing_intermediates	1000	0.1	activation;suppression;delay;loss;redirection	2	22062788	naive_selected_window_bh	0.125	0.0	0.0	0.0			0.0	0.25	0.0	0	0	0
AW19	3	20	50	0.0	moderate	missing_intermediates	1000	0.1	activation;suppression;delay;loss;redirection	2	22062788	per_event_max_window_bh	0.125	0.0	0.0	0.0			0.0	0.25	0.0	0	0	0
AW19	3	20	50	0.0	moderate	missing_intermediates	1000	0.1	activation;suppression;delay;loss;redirection	2	22062788	family_wide_maxT_fwer	0.125	0.0	0.0	0.0			0.0	0.25	0.0	0	0	0
AW19	3	20	50	0.0	moderate	missing_intermediates	1000	0.1	activation;suppression;delay;loss;redirection	3	22063797	naive_selected_window_bh	0.125	0.0	0.0	0.0			0.0	0.25	0.0	0	0	0
AW19	3	20	50	0.0	moderate	missing_intermediates	1000	0.1	activation;suppression;delay;loss;redirection	3	22063797	per_event_max_window_bh	0.125	0.0	0.0	0.0			0.0	0.25	0.0	0	0	0
AW19	3	20	50	0.0	moderate	missing_intermediates	1000	0.1	activation;suppression;delay;loss;redirection	3	22063797	family_wide_maxT_fwer	0.125	0.0	0.0	0.0			0.0	0.25	0.0	0	0	0
AW19	3	20	50	0.0	moderate	missing_intermediates	1000	0.1	activation;suppression;delay;loss;redirection	4	22064806	naive_selected_window_bh	0.125	0.0	0.0	0.0			0.0	0.25	0.0	0	0	0
AW19	3	20	50	0.0	moderate	missing_intermediates	1000	0.1	activation;suppression;delay;loss;redirection	4	22064806	per_event_max_window_bh	0.125	0.0	0.0	0.0			0.0	0.25	0.0	0	0	0
AW19	3	20	50	0.0	moderate	missing_intermediates	1000	0.1	activation;suppression;delay;loss;redirection	4	22064806	family_wide_maxT_fwer	0.125	0.0	0.0	0.0			0.0	0.25	0.0	0	0	0
AW19	3	20	50	0.0	moderate	missing_intermediates	1000	0.1	activation;suppression;delay;loss;redirection	5	22065815	naive_selected_window_bh	0.125	0.0	0.0	0.0			0.0	0.25	0.0	0	0	0
AW19	3	20	50	0.0	moderate	missing_intermediates	1000	0.1	activation;suppression;delay;loss;redirection	5	22065815	per_event_max_window_bh	0.125	0.0	0.0	0.0			0.0	0.25	0.0	0	0	0
AW19	3	20	50	0.0	moderate	missing_intermediates	1000	0.1	activation;suppression;delay;loss;redirection	5	22065815	family_wide_maxT_fwer	0.125	0.0	0.0	0.0			0.0	0.25	0.0	0	0	0
AW19	3	20	50	0.0	moderate	missing_intermediates	1000	0.1	activation;suppression;delay;loss;redirection	6	22066824	naive_selected_window_bh	0.125	0.0	0.0	0.0			0.0	0.25	0.0	0	0	0
AW19	3	20	50	0.0	moderate	missing_intermediates	1000	0.1	activation;suppression;delay;loss;redirection	6	22066824	per_event_max_window_bh	0.125	0.0	0.0	0.0			0.0	0.25	0.0	0	0	0
AW19	3	20	50	0.0	moderate	missing_intermediates	1000	0.1	activation;suppression;delay;loss;redirection	6	22066824	family_wide_maxT_fwer	0.125	0.0	0.0	0.0			0.0	0.25	0.0	0	0	0
AW19	3	20	50	0.0	moderate	missing_intermediates	1000	0.1	activation;suppression;delay;loss;redirection	7	22067833	naive_selected_window_bh	0.125	0.0	0.0	0.0			0.0	0.25	0.0	0	0	0
AW19	3	20	50	0.0	moderate	missing_intermediates	1000	0.1	activation;suppression;delay;loss;redirection	7	22067833	per_event_max_window_bh	0.125	0.0	0.0	0.0			0.0	0.25	0.0	0	0	0
AW19	3	20	50	0.0	moderate	missing_intermediates	1000	0.1	activation;suppression;delay;loss;redirection	7	22067833	family_wide_maxT_fwer	0.125	0.0	0.0	0.0			0.0	0.25	0.0	0	0	0
AW19	3	20	50	0.0	moderate	missing_intermediates	1000	0.1	activation;suppression;delay;loss;redirection	8	22068842	naive_selected_window_bh	0.125	0.0	0.0	0.0			0.0	0.25	0.0	0	0	0
AW19	3	20	50	0.0	moderate	missing_intermediates	1000	0.1	activation;suppression;delay;loss;redirection	8	22068842	per_event_max_window_bh	0.125	0.0	0.0	0.0			0.0	0.25	0.0	0	0	0
AW19	3	20	50	0.0	moderate	missing_intermediates	1000	0.1	activation;suppression;delay;loss;redirection	8	22068842	family_wide_maxT_fwer	0.125	0.0	0.0	0.0			0.0	0.25	0.0	0	0	0
AW19	3	20	50	0.0	moderate	missing_intermediates	1000	0.1	activation;suppression;delay;loss;redirection	9	22069851	naive_selected_window_bh	0.125	0.0	0.0	0.0			0.0	0.25	0.0	0	0	0
AW19	3	20	50	0.0	moderate	missing_intermediates	1000	0.1	activation;suppression;delay;loss;redirection	9	22069851	per_event_max_window_bh	0.125	0.0	0.0	0.0			0.0	0.25	0.0	0	0	0
AW19	3	20	50	0.0	moderate	missing_intermediates	1000	0.1	activation;suppression;delay;loss;redirection	9	22069851	family_wide_maxT_fwer	0.125	0.0	0.0	0.0			0.0	0.25	0.0	0	0	0
AW19	3	20	50	0.0	moderate	missing_intermediates	1000	0.1	activation;suppression;delay;loss;redirection	10	22070860	naive_selected_window_bh	0.125	0.0	0.0	0.0			0.0	0.25	0.0	0	0	0
AW19	3	20	50	0.0	moderate	missing_intermediates	1000	0.1	activation;suppression;delay;loss;redirection	10	22070860	per_event_max_window_bh	0.125	0.0	0.0	0.0			0.0	0.25	0.0	0	0	0
AW19	3	20	50	0.0	moderate	missing_intermediates	1000	0.1	activation;suppression;delay;loss;redirection	10	22070860	family_wide_maxT_fwer	0.125	0.0	0.0	0.0			0.0	0.25	0.0	0	0	0
AW19	3	20	50	0.0	moderate	missing_intermediates	1000	0.1	activation;suppression;delay;loss;redirection	11	22071869	naive_selected_window_bh	0.125	0.0	0.0	0.0			0.0	0.25	0.0	0	0	0
AW19	3	20	50	0.0	moderate	missing_intermediates	1000	0.1	activation;suppression;delay;loss;redirection	11	22071869	per_event_max_window_bh	0.125	0.0	0.0	0.0			0.0	0.25	0.0	0	0	0
AW19	3	20	50	0.0	moderate	missing_intermediates	1000	0.1	activation;suppression;delay;loss;redirection	11	22071869	family_wide_maxT_fwer	0.125	0.0	0.0	0.0			0.0	0.25	0.0	0	0	0
AW20	5	20	50	0.7	strong	missing_intermediates	1000	0.1	activation;suppression;delay;loss;redirection	0	22160773	naive_selected_window_bh	0.03125	0.7058823529411765	1.0	1.0	0.3050847457627119	0.17288135593220338	0.5	0.0	0.75	17	12	5
AW20	5	20	50	0.7	strong	missing_intermediates	1000	0.1	activation;suppression;delay;loss;redirection	0	22160773	per_event_max_window_bh	0.03125	0.0	0.0	0.0			0.0	0.25	0.0	0	0	0
AW20	5	20	50	0.7	strong	missing_intermediates	1000	0.1	activation;suppression;delay;loss;redirection	0	22160773	family_wide_maxT_fwer	0.03125	0.0	0.0	1.0	0.3050847457627119	0.17288135593220338	0.0	0.0	0.25	5	0	5
AW20	5	20	50	0.7	strong	missing_intermediates	1000	0.1	activation;suppression;delay;loss;redirection	1	22161782	naive_selected_window_bh	0.03125	0.6153846153846154	1.0	1.0	0.3220338983050847	0.176271186440678	0.4	0.0	0.65	13	8	5
AW20	5	20	50	0.7	strong	missing_intermediates	1000	0.1	activation;suppression;delay;loss;redirection	1	22161782	per_event_max_window_bh	0.03125	0.0	0.0	0.0			0.0	0.25	0.0	0	0	0
AW20	5	20	50	0.7	strong	missing_intermediates	1000	0.1	activation;suppression;delay;loss;redirection	1	22161782	family_wide_maxT_fwer	0.03125	0.0	0.0	0.4	0.3983050847457627	0.2288135593220339	0.0	0.15	0.1	2	0	2
AW20	5	20	50	0.7	strong	missing_intermediates	1000	0.1	activation;suppression;delay;loss;redirection	2	22162791	naive_selected_window_bh	0.03125	0.6153846153846154	1.0	1.0	0.23728813559322037	0.2338983050847457	0.35	0.0	0.6	13	8	5
AW20	5	20	50	0.7	strong	missing_intermediates	1000	0.1	activation;suppression;delay;loss;redirection	2	22162791	per_event_max_window_bh	0.03125	0.0	0.0	0.0			0.0	0.25	0.0	0	0	0
AW20	5	20	50	0.7	strong	missing_intermediates	1000	0.1	activation;suppression;delay;loss;redirection	2	22162791	family_wide_maxT_fwer	0.03125	0.0	0.0	0.8	0.2330508474576271	0.17796610169491522	0.0	0.05	0.2	4	0	4
AW20	5	20	50	0.7	strong	missing_intermediates	1000	0.1	activation;suppression;delay;loss;redirection	3	22163800	naive_selected_window_bh	0.03125	0.6666666666666666	1.0	1.0	0.2711864406779661	0.19999999999999998	0.4	0.0	0.65	15	10	5
AW20	5	20	50	0.7	strong	missing_intermediates	1000	0.1	activation;suppression;delay;loss;redirection	3	22163800	per_event_max_window_bh	0.03125	0.0	0.0	0.0			0.0	0.25	0.0	0	0	0
AW20	5	20	50	0.7	strong	missing_intermediates	1000	0.1	activation;suppression;delay;loss;redirection	3	22163800	family_wide_maxT_fwer	0.03125	0.0	0.0	0.8	0.2966101694915254	0.23728813559322032	0.0	0.05	0.2	4	0	4
AW20	5	20	50	0.7	strong	missing_intermediates	1000	0.1	activation;suppression;delay;loss;redirection	4	22164809	naive_selected_window_bh	0.03125	0.6666666666666666	1.0	1.0	0.34237288135593225	0.311864406779661	0.45	0.0	0.7	15	10	5
AW20	5	20	50	0.7	strong	missing_intermediates	1000	0.1	activation;suppression;delay;loss;redirection	4	22164809	per_event_max_window_bh	0.03125	0.0	0.0	0.0			0.0	0.25	0.0	0	0	0
AW20	5	20	50	0.7	strong	missing_intermediates	1000	0.1	activation;suppression;delay;loss;redirection	4	22164809	family_wide_maxT_fwer	0.03125	0.0	0.0	0.6	0.4067796610169492	0.3220338983050847	0.0	0.1	0.15	3	0	3
AW20	5	20	50	0.7	strong	missing_intermediates	1000	0.1	activation;suppression;delay;loss;redirection	5	22165818	naive_selected_window_bh	0.03125	0.6666666666666666	1.0	1.0	0.3220338983050848	0.2711864406779661	0.4	0.0	0.65	15	10	5
AW20	5	20	50	0.7	strong	missing_intermediates	1000	0.1	activation;suppression;delay;loss;redirection	5	22165818	per_event_max_window_bh	0.03125	0.0	0.0	0.0			0.0	0.25	0.0	0	0	0
AW20	5	20	50	0.7	strong	missing_intermediates	1000	0.1	activation;suppression;delay;loss;redirection	5	22165818	family_wide_maxT_fwer	0.03125	0.0	0.0	0.8	0.36016949152542377	0.3389830508474576	0.0	0.05	0.2	4	0	4
AW20	5	20	50	0.7	strong	missing_intermediates	1000	0.1	activation;suppression;delay;loss;redirection	6	22166827	naive_selected_window_bh	0.03125	0.6428571428571429	1.0	1.0	0.2983050847457627	0.17288135593220338	0.4	0.0	0.65	14	9	5
AW20	5	20	50	0.7	strong	missing_intermediates	1000	0.1	activation;suppression;delay;loss;redirection	6	22166827	per_event_max_window_bh	0.03125	0.0	0.0	0.0			0.0	0.25	0.0	0	0	0
AW20	5	20	50	0.7	strong	missing_intermediates	1000	0.1	activation;suppression;delay;loss;redirection	6	22166827	family_wide_maxT_fwer	0.03125	0.0	0.0	0.2	0.4067796610169492	0.30508474576271183	0.0	0.2	0.05	1	0	1
AW20	5	20	50	0.7	strong	missing_intermediates	1000	0.1	activation;suppression;delay;loss;redirection	7	22167836	naive_selected_window_bh	0.03125	0.0	0.0	0.0			0.0	0.25	0.0	0	0	0
AW20	5	20	50	0.7	strong	missing_intermediates	1000	0.1	activation;suppression;delay;loss;redirection	7	22167836	per_event_max_window_bh	0.03125	0.0	0.0	0.0			0.0	0.25	0.0	0	0	0
AW20	5	20	50	0.7	strong	missing_intermediates	1000	0.1	activation;suppression;delay;loss;redirection	7	22167836	family_wide_maxT_fwer	0.03125	0.0	0.0	0.2	0.35593220338983056	0.18644067796610164	0.0	0.2	0.05	1	0	1
AW20	5	20	50	0.7	strong	missing_intermediates	1000	0.1	activation;suppression;delay;loss;redirection	8	22168845	naive_selected_window_bh	0.03125	0.7058823529411765	1.0	1.0	0.2711864406779661	0.19999999999999998	0.5	0.0	0.75	17	12	5
AW20	5	20	50	0.7	strong	missing_intermediates	1000	0.1	activation;suppression;delay;loss;redirection	8	22168845	per_event_max_window_bh	0.03125	0.0	0.0	0.0			0.0	0.25	0.0	0	0	0
AW20	5	20	50	0.7	strong	missing_intermediates	1000	0.1	activation;suppression;delay;loss;redirection	8	22168845	family_wide_maxT_fwer	0.03125	0.0	0.0	0.8	0.30508474576271183	0.24152542372881353	0.0	0.05	0.2	4	0	4
AW20	5	20	50	0.7	strong	missing_intermediates	1000	0.1	activation;suppression;delay;loss;redirection	9	22169854	naive_selected_window_bh	0.03125	0.6875	1.0	1.0	0.31864406779661014	0.15254237288135591	0.45	0.0	0.7	16	11	5
AW20	5	20	50	0.7	strong	missing_intermediates	1000	0.1	activation;suppression;delay;loss;redirection	9	22169854	per_event_max_window_bh	0.03125	0.0	0.0	0.0			0.0	0.25	0.0	0	0	0
AW20	5	20	50	0.7	strong	missing_intermediates	1000	0.1	activation;suppression;delay;loss;redirection	9	22169854	family_wide_maxT_fwer	0.03125	0.0	0.0	0.0			0.0	0.25	0.0	0	0	0
AW20	5	20	50	0.7	strong	missing_intermediates	1000	0.1	activation;suppression;delay;loss;redirection	10	22170863	naive_selected_window_bh	0.03125	0.6428571428571429	1.0	1.0	0.2813559322033898	0.2101694915254237	0.45	0.0	0.7	14	9	5
AW20	5	20	50	0.7	strong	missing_intermediates	1000	0.1	activation;suppression;delay;loss;redirection	10	22170863	per_event_max_window_bh	0.03125	0.0	0.0	0.0			0.0	0.25	0.0	0	0	0
AW20	5	20	50	0.7	strong	missing_intermediates	1000	0.1	activation;suppression;delay;loss;redirection	10	22170863	family_wide_maxT_fwer	0.03125	0.0	0.0	0.6	0.2542372881355932	0.2542372881355932	0.0	0.1	0.15	3	0	3
AW20	5	20	50	0.7	strong	missing_intermediates	1000	0.1	activation;suppression;delay;loss;redirection	11	22171872	naive_selected_window_bh	0.03125	0.5833333333333334	1.0	1.0	0.3525423728813559	0.31525423728813556	0.3	0.0	0.55	12	7	5
AW20	5	20	50	0.7	strong	missing_intermediates	1000	0.1	activation;suppression;delay;loss;redirection	11	22171872	per_event_max_window_bh	0.03125	0.0	0.0	0.0			0.0	0.25	0.0	0	0	0
AW20	5	20	50	0.7	strong	missing_intermediates	1000	0.1	activation;suppression;delay;loss;redirection	11	22171872	family_wide_maxT_fwer	0.03125	0.0	0.0	0.4	0.3220338983050848	0.30508474576271183	0.0	0.15	0.1	2	0	2
AW21	10	20	50	0.3	null	none	1000	0.1	activation;suppression;delay;loss;redirection	0	22260776	naive_selected_window_bh	0.0009765625	1.0	1.0				0.2	0.0	0.2	4	4	0
AW21	10	20	50	0.3	null	none	1000	0.1	activation;suppression;delay;loss;redirection	0	22260776	per_event_max_window_bh	0.0009765625	0.0	0.0				0.0	0.0	0.0	0	0	0
AW21	10	20	50	0.3	null	none	1000	0.1	activation;suppression;delay;loss;redirection	0	22260776	family_wide_maxT_fwer	0.0009765625	0.0	0.0				0.0	0.0	0.0	0	0	0
AW21	10	20	50	0.3	null	none	1000	0.1	activation;suppression;delay;loss;redirection	1	22261785	naive_selected_window_bh	0.0009765625	1.0	1.0				0.15	0.0	0.15	3	3	0
AW21	10	20	50	0.3	null	none	1000	0.1	activation;suppression;delay;loss;redirection	1	22261785	per_event_max_window_bh	0.0009765625	0.0	0.0				0.0	0.0	0.0	0	0	0
AW21	10	20	50	0.3	null	none	1000	0.1	activation;suppression;delay;loss;redirection	1	22261785	family_wide_maxT_fwer	0.0009765625	0.0	0.0				0.0	0.0	0.0	0	0	0
AW21	10	20	50	0.3	null	none	1000	0.1	activation;suppression;delay;loss;redirection	2	22262794	naive_selected_window_bh	0.0009765625	1.0	1.0				0.2	0.0	0.2	4	4	0
AW21	10	20	50	0.3	null	none	1000	0.1	activation;suppression;delay;loss;redirection	2	22262794	per_event_max_window_bh	0.0009765625	1.0	1.0				0.05	0.0	0.05	1	1	0
AW21	10	20	50	0.3	null	none	1000	0.1	activation;suppression;delay;loss;redirection	2	22262794	family_wide_maxT_fwer	0.0009765625	1.0	1.0				0.05	0.0	0.05	1	1	0
AW21	10	20	50	0.3	null	none	1000	0.1	activation;suppression;delay;loss;redirection	3	22263803	naive_selected_window_bh	0.0009765625	1.0	1.0				0.7	0.0	0.7	14	14	0
AW21	10	20	50	0.3	null	none	1000	0.1	activation;suppression;delay;loss;redirection	3	22263803	per_event_max_window_bh	0.0009765625	0.0	0.0				0.0	0.0	0.0	0	0	0
AW21	10	20	50	0.3	null	none	1000	0.1	activation;suppression;delay;loss;redirection	3	22263803	family_wide_maxT_fwer	0.0009765625	0.0	0.0				0.0	0.0	0.0	0	0	0
AW21	10	20	50	0.3	null	none	1000	0.1	activation;suppression;delay;loss;redirection	4	22264812	naive_selected_window_bh	0.0009765625	0.0	0.0				0.0	0.0	0.0	0	0	0
AW21	10	20	50	0.3	null	none	1000	0.1	activation;suppression;delay;loss;redirection	4	22264812	per_event_max_window_bh	0.0009765625	0.0	0.0				0.0	0.0	0.0	0	0	0
AW21	10	20	50	0.3	null	none	1000	0.1	activation;suppression;delay;loss;redirection	4	22264812	family_wide_maxT_fwer	0.0009765625	0.0	0.0				0.0	0.0	0.0	0	0	0
AW21	10	20	50	0.3	null	none	1000	0.1	activation;suppression;delay;loss;redirection	5	22265821	naive_selected_window_bh	0.0009765625	1.0	1.0				0.95	0.0	0.95	19	19	0
AW21	10	20	50	0.3	null	none	1000	0.1	activation;suppression;delay;loss;redirection	5	22265821	per_event_max_window_bh	0.0009765625	0.0	0.0				0.0	0.0	0.0	0	0	0
AW21	10	20	50	0.3	null	none	1000	0.1	activation;suppression;delay;loss;redirection	5	22265821	family_wide_maxT_fwer	0.0009765625	0.0	0.0				0.0	0.0	0.0	0	0	0
AW21	10	20	50	0.3	null	none	1000	0.1	activation;suppression;delay;loss;redirection	6	22266830	naive_selected_window_bh	0.0009765625	1.0	1.0				0.2	0.0	0.2	4	4	0
AW21	10	20	50	0.3	null	none	1000	0.1	activation;suppression;delay;loss;redirection	6	22266830	per_event_max_window_bh	0.0009765625	0.0	0.0				0.0	0.0	0.0	0	0	0
AW21	10	20	50	0.3	null	none	1000	0.1	activation;suppression;delay;loss;redirection	6	22266830	family_wide_maxT_fwer	0.0009765625	0.0	0.0				0.0	0.0	0.0	0	0	0
AW21	10	20	50	0.3	null	none	1000	0.1	activation;suppression;delay;loss;redirection	7	22267839	naive_selected_window_bh	0.0009765625	1.0	1.0				0.95	0.0	0.95	19	19	0
AW21	10	20	50	0.3	null	none	1000	0.1	activation;suppression;delay;loss;redirection	7	22267839	per_event_max_window_bh	0.0009765625	0.0	0.0				0.0	0.0	0.0	0	0	0
AW21	10	20	50	0.3	null	none	1000	0.1	activation;suppression;delay;loss;redirection	7	22267839	family_wide_maxT_fwer	0.0009765625	0.0	0.0				0.0	0.0	0.0	0	0	0
AW21	10	20	50	0.3	null	none	1000	0.1	activation;suppression;delay;loss;redirection	8	22268848	naive_selected_window_bh	0.0009765625	1.0	1.0				0.75	0.0	0.75	15	15	0
AW21	10	20	50	0.3	null	none	1000	0.1	activation;suppression;delay;loss;redirection	8	22268848	per_event_max_window_bh	0.0009765625	1.0	1.0				0.1	0.0	0.1	2	2	0
AW21	10	20	50	0.3	null	none	1000	0.1	activation;suppression;delay;loss;redirection	8	22268848	family_wide_maxT_fwer	0.0009765625	1.0	1.0				0.05	0.0	0.05	1	1	0
AW21	10	20	50	0.3	null	none	1000	0.1	activation;suppression;delay;loss;redirection	9	22269857	naive_selected_window_bh	0.0009765625	1.0	1.0				0.7	0.0	0.7	14	14	0
AW21	10	20	50	0.3	null	none	1000	0.1	activation;suppression;delay;loss;redirection	9	22269857	per_event_max_window_bh	0.0009765625	1.0	1.0				0.2	0.0	0.2	4	4	0
AW21	10	20	50	0.3	null	none	1000	0.1	activation;suppression;delay;loss;redirection	9	22269857	family_wide_maxT_fwer	0.0009765625	1.0	1.0				0.15	0.0	0.15	3	3	0
AW21	10	20	50	0.3	null	none	1000	0.1	activation;suppression;delay;loss;redirection	10	22270866	naive_selected_window_bh	0.0009765625	0.0	0.0				0.0	0.0	0.0	0	0	0
AW21	10	20	50	0.3	null	none	1000	0.1	activation;suppression;delay;loss;redirection	10	22270866	per_event_max_window_bh	0.0009765625	0.0	0.0				0.0	0.0	0.0	0	0	0
AW21	10	20	50	0.3	null	none	1000	0.1	activation;suppression;delay;loss;redirection	10	22270866	family_wide_maxT_fwer	0.0009765625	0.0	0.0				0.0	0.0	0.0	0	0	0
AW21	10	20	50	0.3	null	none	1000	0.1	activation;suppression;delay;loss;redirection	11	22271875	naive_selected_window_bh	0.0009765625	1.0	1.0				0.9	0.0	0.9	18	18	0
AW21	10	20	50	0.3	null	none	1000	0.1	activation;suppression;delay;loss;redirection	11	22271875	per_event_max_window_bh	0.0009765625	0.0	0.0				0.0	0.0	0.0	0	0	0
AW21	10	20	50	0.3	null	none	1000	0.1	activation;suppression;delay;loss;redirection	11	22271875	family_wide_maxT_fwer	0.0009765625	0.0	0.0				0.0	0.0	0.0	0	0	0
AW21	10	20	50	0.3	null	none	1000	0.1	activation;suppression;delay;loss;redirection	12	22272884	naive_selected_window_bh	0.0009765625	1.0	1.0				0.55	0.0	0.55	11	11	0
AW21	10	20	50	0.3	null	none	1000	0.1	activation;suppression;delay;loss;redirection	12	22272884	per_event_max_window_bh	0.0009765625	0.0	0.0				0.0	0.0	0.0	0	0	0
AW21	10	20	50	0.3	null	none	1000	0.1	activation;suppression;delay;loss;redirection	12	22272884	family_wide_maxT_fwer	0.0009765625	0.0	0.0				0.0	0.0	0.0	0	0	0
AW21	10	20	50	0.3	null	none	1000	0.1	activation;suppression;delay;loss;redirection	13	22273893	naive_selected_window_bh	0.0009765625	1.0	1.0				0.25	0.0	0.25	5	5	0
AW21	10	20	50	0.3	null	none	1000	0.1	activation;suppression;delay;loss;redirection	13	22273893	per_event_max_window_bh	0.0009765625	0.0	0.0				0.0	0.0	0.0	0	0	0
AW21	10	20	50	0.3	null	none	1000	0.1	activation;suppression;delay;loss;redirection	13	22273893	family_wide_maxT_fwer	0.0009765625	0.0	0.0				0.0	0.0	0.0	0	0	0
AW21	10	20	50	0.3	null	none	1000	0.1	activation;suppression;delay;loss;redirection	14	22274902	naive_selected_window_bh	0.0009765625	1.0	1.0				0.6	0.0	0.6	12	12	0
AW21	10	20	50	0.3	null	none	1000	0.1	activation;suppression;delay;loss;redirection	14	22274902	per_event_max_window_bh	0.0009765625	0.0	0.0				0.0	0.0	0.0	0	0	0
AW21	10	20	50	0.3	null	none	1000	0.1	activation;suppression;delay;loss;redirection	14	22274902	family_wide_maxT_fwer	0.0009765625	0.0	0.0				0.0	0.0	0.0	0	0	0
AW21	10	20	50	0.3	null	none	1000	0.1	activation;suppression;delay;loss;redirection	15	22275911	naive_selected_window_bh	0.0009765625	1.0	1.0				0.65	0.0	0.65	13	13	0
AW21	10	20	50	0.3	null	none	1000	0.1	activation;suppression;delay;loss;redirection	15	22275911	per_event_max_window_bh	0.0009765625	0.0	0.0				0.0	0.0	0.0	0	0	0
AW21	10	20	50	0.3	null	none	1000	0.1	activation;suppression;delay;loss;redirection	15	22275911	family_wide_maxT_fwer	0.0009765625	0.0	0.0				0.0	0.0	0.0	0	0	0
AW21	10	20	50	0.3	null	none	1000	0.1	activation;suppression;delay;loss;redirection	16	22276920	naive_selected_window_bh	0.0009765625	1.0	1.0				0.5	0.0	0.5	10	10	0
AW21	10	20	50	0.3	null	none	1000	0.1	activation;suppression;delay;loss;redirection	16	22276920	per_event_max_window_bh	0.0009765625	0.0	0.0				0.0	0.0	0.0	0	0	0
AW21	10	20	50	0.3	null	none	1000	0.1	activation;suppression;delay;loss;redirection	16	22276920	family_wide_maxT_fwer	0.0009765625	0.0	0.0				0.0	0.0	0.0	0	0	0
AW21	10	20	50	0.3	null	none	1000	0.1	activation;suppression;delay;loss;redirection	17	22277929	naive_selected_window_bh	0.0009765625	1.0	1.0				0.75	0.0	0.75	15	15	0
AW21	10	20	50	0.3	null	none	1000	0.1	activation;suppression;delay;loss;redirection	17	22277929	per_event_max_window_bh	0.0009765625	0.0	0.0				0.0	0.0	0.0	0	0	0
AW21	10	20	50	0.3	null	none	1000	0.1	activation;suppression;delay;loss;redirection	17	22277929	family_wide_maxT_fwer	0.0009765625	0.0	0.0				0.0	0.0	0.0	0	0	0
AW21	10	20	50	0.3	null	none	1000	0.1	activation;suppression;delay;loss;redirection	18	22278938	naive_selected_window_bh	0.0009765625	1.0	1.0				0.8	0.0	0.8	16	16	0
AW21	10	20	50	0.3	null	none	1000	0.1	activation;suppression;delay;loss;redirection	18	22278938	per_event_max_window_bh	0.0009765625	0.0	0.0				0.0	0.0	0.0	0	0	0
AW21	10	20	50	0.3	null	none	1000	0.1	activation;suppression;delay;loss;redirection	18	22278938	family_wide_maxT_fwer	0.0009765625	1.0	1.0				0.05	0.0	0.05	1	1	0
AW21	10	20	50	0.3	null	none	1000	0.1	activation;suppression;delay;loss;redirection	19	22279947	naive_selected_window_bh	0.0009765625	1.0	1.0				0.5	0.0	0.5	10	10	0
AW21	10	20	50	0.3	null	none	1000	0.1	activation;suppression;delay;loss;redirection	19	22279947	per_event_max_window_bh	0.0009765625	0.0	0.0				0.0	0.0	0.0	0	0	0
AW21	10	20	50	0.3	null	none	1000	0.1	activation;suppression;delay;loss;redirection	19	22279947	family_wide_maxT_fwer	0.0009765625	0.0	0.0				0.0	0.0	0.0	0	0	0
AW21	10	20	50	0.3	null	none	1000	0.1	activation;suppression;delay;loss;redirection	20	22280956	naive_selected_window_bh	0.0009765625	1.0	1.0				0.65	0.0	0.65	13	13	0
AW21	10	20	50	0.3	null	none	1000	0.1	activation;suppression;delay;loss;redirection	20	22280956	per_event_max_window_bh	0.0009765625	0.0	0.0				0.0	0.0	0.0	0	0	0
AW21	10	20	50	0.3	null	none	1000	0.1	activation;suppression;delay;loss;redirection	20	22280956	family_wide_maxT_fwer	0.0009765625	0.0	0.0				0.0	0.0	0.0	0	0	0
AW21	10	20	50	0.3	null	none	1000	0.1	activation;suppression;delay;loss;redirection	21	22281965	naive_selected_window_bh	0.0009765625	1.0	1.0				0.65	0.0	0.65	13	13	0
AW21	10	20	50	0.3	null	none	1000	0.1	activation;suppression;delay;loss;redirection	21	22281965	per_event_max_window_bh	0.0009765625	0.0	0.0				0.0	0.0	0.0	0	0	0
AW21	10	20	50	0.3	null	none	1000	0.1	activation;suppression;delay;loss;redirection	21	22281965	family_wide_maxT_fwer	0.0009765625	0.0	0.0				0.0	0.0	0.0	0	0	0
AW21	10	20	50	0.3	null	none	1000	0.1	activation;suppression;delay;loss;redirection	22	22282974	naive_selected_window_bh	0.0009765625	1.0	1.0				0.6	0.0	0.6	12	12	0
AW21	10	20	50	0.3	null	none	1000	0.1	activation;suppression;delay;loss;redirection	22	22282974	per_event_max_window_bh	0.0009765625	0.0	0.0				0.0	0.0	0.0	0	0	0
AW21	10	20	50	0.3	null	none	1000	0.1	activation;suppression;delay;loss;redirection	22	22282974	family_wide_maxT_fwer	0.0009765625	0.0	0.0				0.0	0.0	0.0	0	0	0
AW21	10	20	50	0.3	null	none	1000	0.1	activation;suppression;delay;loss;redirection	23	22283983	naive_selected_window_bh	0.0009765625	1.0	1.0				0.9	0.0	0.9	18	18	0
AW21	10	20	50	0.3	null	none	1000	0.1	activation;suppression;delay;loss;redirection	23	22283983	per_event_max_window_bh	0.0009765625	0.0	0.0				0.0	0.0	0.0	0	0	0
AW21	10	20	50	0.3	null	none	1000	0.1	activation;suppression;delay;loss;redirection	23	22283983	family_wide_maxT_fwer	0.0009765625	0.0	0.0				0.0	0.0	0.0	0	0	0
AW21	10	20	50	0.3	null	none	1000	0.1	activation;suppression;delay;loss;redirection	24	22284992	naive_selected_window_bh	0.0009765625	1.0	1.0				0.7	0.0	0.7	14	14	0
AW21	10	20	50	0.3	null	none	1000	0.1	activation;suppression;delay;loss;redirection	24	22284992	per_event_max_window_bh	0.0009765625	0.0	0.0				0.0	0.0	0.0	0	0	0
AW21	10	20	50	0.3	null	none	1000	0.1	activation;suppression;delay;loss;redirection	24	22284992	family_wide_maxT_fwer	0.0009765625	0.0	0.0				0.0	0.0	0.0	0	0	0
AW21	10	20	50	0.3	null	none	1000	0.1	activation;suppression;delay;loss;redirection	25	22286001	naive_selected_window_bh	0.0009765625	1.0	1.0				0.6	0.0	0.6	12	12	0
AW21	10	20	50	0.3	null	none	1000	0.1	activation;suppression;delay;loss;redirection	25	22286001	per_event_max_window_bh	0.0009765625	0.0	0.0				0.0	0.0	0.0	0	0	0
AW21	10	20	50	0.3	null	none	1000	0.1	activation;suppression;delay;loss;redirection	25	22286001	family_wide_maxT_fwer	0.0009765625	0.0	0.0				0.0	0.0	0.0	0	0	0
AW21	10	20	50	0.3	null	none	1000	0.1	activation;suppression;delay;loss;redirection	26	22287010	naive_selected_window_bh	0.0009765625	1.0	1.0				0.9	0.0	0.9	18	18	0
AW21	10	20	50	0.3	null	none	1000	0.1	activation;suppression;delay;loss;redirection	26	22287010	per_event_max_window_bh	0.0009765625	0.0	0.0				0.0	0.0	0.0	0	0	0
AW21	10	20	50	0.3	null	none	1000	0.1	activation;suppression;delay;loss;redirection	26	22287010	family_wide_maxT_fwer	0.0009765625	0.0	0.0				0.0	0.0	0.0	0	0	0
AW21	10	20	50	0.3	null	none	1000	0.1	activation;suppression;delay;loss;redirection	27	22288019	naive_selected_window_bh	0.0009765625	1.0	1.0				0.55	0.0	0.55	11	11	0
AW21	10	20	50	0.3	null	none	1000	0.1	activation;suppression;delay;loss;redirection	27	22288019	per_event_max_window_bh	0.0009765625	0.0	0.0				0.0	0.0	0.0	0	0	0
AW21	10	20	50	0.3	null	none	1000	0.1	activation;suppression;delay;loss;redirection	27	22288019	family_wide_maxT_fwer	0.0009765625	0.0	0.0				0.0	0.0	0.0	0	0	0
AW21	10	20	50	0.3	null	none	1000	0.1	activation;suppression;delay;loss;redirection	28	22289028	naive_selected_window_bh	0.0009765625	1.0	1.0				0.8	0.0	0.8	16	16	0
AW21	10	20	50	0.3	null	none	1000	0.1	activation;suppression;delay;loss;redirection	28	22289028	per_event_max_window_bh	0.0009765625	0.0	0.0				0.0	0.0	0.0	0	0	0
AW21	10	20	50	0.3	null	none	1000	0.1	activation;suppression;delay;loss;redirection	28	22289028	family_wide_maxT_fwer	0.0009765625	0.0	0.0				0.0	0.0	0.0	0	0	0
AW21	10	20	50	0.3	null	none	1000	0.1	activation;suppression;delay;loss;redirection	29	22290037	naive_selected_window_bh	0.0009765625	1.0	1.0				0.55	0.0	0.55	11	11	0
AW21	10	20	50	0.3	null	none	1000	0.1	activation;suppression;delay;loss;redirection	29	22290037	per_event_max_window_bh	0.0009765625	0.0	0.0				0.0	0.0	0.0	0	0	0
AW21	10	20	50	0.3	null	none	1000	0.1	activation;suppression;delay;loss;redirection	29	22290037	family_wide_maxT_fwer	0.0009765625	0.0	0.0				0.0	0.0	0.0	0	0	0
AW21	10	20	50	0.3	null	none	1000	0.1	activation;suppression;delay;loss;redirection	30	22291046	naive_selected_window_bh	0.0009765625	1.0	1.0				0.65	0.0	0.65	13	13	0
AW21	10	20	50	0.3	null	none	1000	0.1	activation;suppression;delay;loss;redirection	30	22291046	per_event_max_window_bh	0.0009765625	0.0	0.0				0.0	0.0	0.0	0	0	0
AW21	10	20	50	0.3	null	none	1000	0.1	activation;suppression;delay;loss;redirection	30	22291046	family_wide_maxT_fwer	0.0009765625	0.0	0.0				0.0	0.0	0.0	0	0	0
AW21	10	20	50	0.3	null	none	1000	0.1	activation;suppression;delay;loss;redirection	31	22292055	naive_selected_window_bh	0.0009765625	1.0	1.0				1.0	0.0	1.0	20	20	0
AW21	10	20	50	0.3	null	none	1000	0.1	activation;suppression;delay;loss;redirection	31	22292055	per_event_max_window_bh	0.0009765625	0.0	0.0				0.0	0.0	0.0	0	0	0
AW21	10	20	50	0.3	null	none	1000	0.1	activation;suppression;delay;loss;redirection	31	22292055	family_wide_maxT_fwer	0.0009765625	0.0	0.0				0.0	0.0	0.0	0	0	0
AW21	10	20	50	0.3	null	none	1000	0.1	activation;suppression;delay;loss;redirection	32	22293064	naive_selected_window_bh	0.0009765625	1.0	1.0				0.5	0.0	0.5	10	10	0
AW21	10	20	50	0.3	null	none	1000	0.1	activation;suppression;delay;loss;redirection	32	22293064	per_event_max_window_bh	0.0009765625	1.0	1.0				0.05	0.0	0.05	1	1	0
AW21	10	20	50	0.3	null	none	1000	0.1	activation;suppression;delay;loss;redirection	32	22293064	family_wide_maxT_fwer	0.0009765625	1.0	1.0				0.05	0.0	0.05	1	1	0
AW21	10	20	50	0.3	null	none	1000	0.1	activation;suppression;delay;loss;redirection	33	22294073	naive_selected_window_bh	0.0009765625	1.0	1.0				0.65	0.0	0.65	13	13	0
AW21	10	20	50	0.3	null	none	1000	0.1	activation;suppression;delay;loss;redirection	33	22294073	per_event_max_window_bh	0.0009765625	0.0	0.0				0.0	0.0	0.0	0	0	0
AW21	10	20	50	0.3	null	none	1000	0.1	activation;suppression;delay;loss;redirection	33	22294073	family_wide_maxT_fwer	0.0009765625	0.0	0.0				0.0	0.0	0.0	0	0	0
AW21	10	20	50	0.3	null	none	1000	0.1	activation;suppression;delay;loss;redirection	34	22295082	naive_selected_window_bh	0.0009765625	1.0	1.0				0.75	0.0	0.75	15	15	0
AW21	10	20	50	0.3	null	none	1000	0.1	activation;suppression;delay;loss;redirection	34	22295082	per_event_max_window_bh	0.0009765625	0.0	0.0				0.0	0.0	0.0	0	0	0
AW21	10	20	50	0.3	null	none	1000	0.1	activation;suppression;delay;loss;redirection	34	22295082	family_wide_maxT_fwer	0.0009765625	0.0	0.0				0.0	0.0	0.0	0	0	0
AW21	10	20	50	0.3	null	none	1000	0.1	activation;suppression;delay;loss;redirection	35	22296091	naive_selected_window_bh	0.0009765625	1.0	1.0				0.8	0.0	0.8	16	16	0
AW21	10	20	50	0.3	null	none	1000	0.1	activation;suppression;delay;loss;redirection	35	22296091	per_event_max_window_bh	0.0009765625	0.0	0.0				0.0	0.0	0.0	0	0	0
AW21	10	20	50	0.3	null	none	1000	0.1	activation;suppression;delay;loss;redirection	35	22296091	family_wide_maxT_fwer	0.0009765625	0.0	0.0				0.0	0.0	0.0	0	0	0
AW21	10	20	50	0.3	null	none	1000	0.1	activation;suppression;delay;loss;redirection	36	22297100	naive_selected_window_bh	0.0009765625	1.0	1.0				0.95	0.0	0.95	19	19	0
AW21	10	20	50	0.3	null	none	1000	0.1	activation;suppression;delay;loss;redirection	36	22297100	per_event_max_window_bh	0.0009765625	0.0	0.0				0.0	0.0	0.0	0	0	0
AW21	10	20	50	0.3	null	none	1000	0.1	activation;suppression;delay;loss;redirection	36	22297100	family_wide_maxT_fwer	0.0009765625	0.0	0.0				0.0	0.0	0.0	0	0	0
AW21	10	20	50	0.3	null	none	1000	0.1	activation;suppression;delay;loss;redirection	37	22298109	naive_selected_window_bh	0.0009765625	1.0	1.0				0.65	0.0	0.65	13	13	0
AW21	10	20	50	0.3	null	none	1000	0.1	activation;suppression;delay;loss;redirection	37	22298109	per_event_max_window_bh	0.0009765625	0.0	0.0				0.0	0.0	0.0	0	0	0
AW21	10	20	50	0.3	null	none	1000	0.1	activation;suppression;delay;loss;redirection	37	22298109	family_wide_maxT_fwer	0.0009765625	0.0	0.0				0.0	0.0	0.0	0	0	0
AW21	10	20	50	0.3	null	none	1000	0.1	activation;suppression;delay;loss;redirection	38	22299118	naive_selected_window_bh	0.0009765625	0.0	0.0				0.0	0.0	0.0	0	0	0
AW21	10	20	50	0.3	null	none	1000	0.1	activation;suppression;delay;loss;redirection	38	22299118	per_event_max_window_bh	0.0009765625	0.0	0.0				0.0	0.0	0.0	0	0	0
AW21	10	20	50	0.3	null	none	1000	0.1	activation;suppression;delay;loss;redirection	38	22299118	family_wide_maxT_fwer	0.0009765625	0.0	0.0				0.0	0.0	0.0	0	0	0
AW21	10	20	50	0.3	null	none	1000	0.1	activation;suppression;delay;loss;redirection	39	22300127	naive_selected_window_bh	0.0009765625	1.0	1.0				0.85	0.0	0.85	17	17	0
AW21	10	20	50	0.3	null	none	1000	0.1	activation;suppression;delay;loss;redirection	39	22300127	per_event_max_window_bh	0.0009765625	1.0	1.0				0.1	0.0	0.1	2	2	0
AW21	10	20	50	0.3	null	none	1000	0.1	activation;suppression;delay;loss;redirection	39	22300127	family_wide_maxT_fwer	0.0009765625	1.0	1.0				0.1	0.0	0.1	2	2	0
AW21	10	20	50	0.3	null	none	1000	0.1	activation;suppression;delay;loss;redirection	40	22301136	naive_selected_window_bh	0.0009765625	1.0	1.0				0.55	0.0	0.55	11	11	0
AW21	10	20	50	0.3	null	none	1000	0.1	activation;suppression;delay;loss;redirection	40	22301136	per_event_max_window_bh	0.0009765625	0.0	0.0				0.0	0.0	0.0	0	0	0
AW21	10	20	50	0.3	null	none	1000	0.1	activation;suppression;delay;loss;redirection	40	22301136	family_wide_maxT_fwer	0.0009765625	0.0	0.0				0.0	0.0	0.0	0	0	0
AW21	10	20	50	0.3	null	none	1000	0.1	activation;suppression;delay;loss;redirection	41	22302145	naive_selected_window_bh	0.0009765625	1.0	1.0				0.65	0.0	0.65	13	13	0
AW21	10	20	50	0.3	null	none	1000	0.1	activation;suppression;delay;loss;redirection	41	22302145	per_event_max_window_bh	0.0009765625	0.0	0.0				0.0	0.0	0.0	0	0	0
AW21	10	20	50	0.3	null	none	1000	0.1	activation;suppression;delay;loss;redirection	41	22302145	family_wide_maxT_fwer	0.0009765625	0.0	0.0				0.0	0.0	0.0	0	0	0
AW21	10	20	50	0.3	null	none	1000	0.1	activation;suppression;delay;loss;redirection	42	22303154	naive_selected_window_bh	0.0009765625	1.0	1.0				0.85	0.0	0.85	17	17	0
AW21	10	20	50	0.3	null	none	1000	0.1	activation;suppression;delay;loss;redirection	42	22303154	per_event_max_window_bh	0.0009765625	0.0	0.0				0.0	0.0	0.0	0	0	0
AW21	10	20	50	0.3	null	none	1000	0.1	activation;suppression;delay;loss;redirection	42	22303154	family_wide_maxT_fwer	0.0009765625	0.0	0.0				0.0	0.0	0.0	0	0	0
AW21	10	20	50	0.3	null	none	1000	0.1	activation;suppression;delay;loss;redirection	43	22304163	naive_selected_window_bh	0.0009765625	1.0	1.0				0.55	0.0	0.55	11	11	0
AW21	10	20	50	0.3	null	none	1000	0.1	activation;suppression;delay;loss;redirection	43	22304163	per_event_max_window_bh	0.0009765625	0.0	0.0				0.0	0.0	0.0	0	0	0
AW21	10	20	50	0.3	null	none	1000	0.1	activation;suppression;delay;loss;redirection	43	22304163	family_wide_maxT_fwer	0.0009765625	0.0	0.0				0.0	0.0	0.0	0	0	0
AW21	10	20	50	0.3	null	none	1000	0.1	activation;suppression;delay;loss;redirection	44	22305172	naive_selected_window_bh	0.0009765625	1.0	1.0				0.25	0.0	0.25	5	5	0
AW21	10	20	50	0.3	null	none	1000	0.1	activation;suppression;delay;loss;redirection	44	22305172	per_event_max_window_bh	0.0009765625	0.0	0.0				0.0	0.0	0.0	0	0	0
AW21	10	20	50	0.3	null	none	1000	0.1	activation;suppression;delay;loss;redirection	44	22305172	family_wide_maxT_fwer	0.0009765625	0.0	0.0				0.0	0.0	0.0	0	0	0
AW21	10	20	50	0.3	null	none	1000	0.1	activation;suppression;delay;loss;redirection	45	22306181	naive_selected_window_bh	0.0009765625	1.0	1.0				0.6	0.0	0.6	12	12	0
AW21	10	20	50	0.3	null	none	1000	0.1	activation;suppression;delay;loss;redirection	45	22306181	per_event_max_window_bh	0.0009765625	0.0	0.0				0.0	0.0	0.0	0	0	0
AW21	10	20	50	0.3	null	none	1000	0.1	activation;suppression;delay;loss;redirection	45	22306181	family_wide_maxT_fwer	0.0009765625	0.0	0.0				0.0	0.0	0.0	0	0	0
AW21	10	20	50	0.3	null	none	1000	0.1	activation;suppression;delay;loss;redirection	46	22307190	naive_selected_window_bh	0.0009765625	1.0	1.0				0.4	0.0	0.4	8	8	0
AW21	10	20	50	0.3	null	none	1000	0.1	activation;suppression;delay;loss;redirection	46	22307190	per_event_max_window_bh	0.0009765625	0.0	0.0				0.0	0.0	0.0	0	0	0
AW21	10	20	50	0.3	null	none	1000	0.1	activation;suppression;delay;loss;redirection	46	22307190	family_wide_maxT_fwer	0.0009765625	0.0	0.0				0.0	0.0	0.0	0	0	0
AW21	10	20	50	0.3	null	none	1000	0.1	activation;suppression;delay;loss;redirection	47	22308199	naive_selected_window_bh	0.0009765625	1.0	1.0				0.6	0.0	0.6	12	12	0
AW21	10	20	50	0.3	null	none	1000	0.1	activation;suppression;delay;loss;redirection	47	22308199	per_event_max_window_bh	0.0009765625	0.0	0.0				0.0	0.0	0.0	0	0	0
AW21	10	20	50	0.3	null	none	1000	0.1	activation;suppression;delay;loss;redirection	47	22308199	family_wide_maxT_fwer	0.0009765625	0.0	0.0				0.0	0.0	0.0	0	0	0
AW21	10	20	50	0.3	null	none	1000	0.1	activation;suppression;delay;loss;redirection	48	22309208	naive_selected_window_bh	0.0009765625	1.0	1.0				0.9	0.0	0.9	18	18	0
AW21	10	20	50	0.3	null	none	1000	0.1	activation;suppression;delay;loss;redirection	48	22309208	per_event_max_window_bh	0.0009765625	0.0	0.0				0.0	0.0	0.0	0	0	0
AW21	10	20	50	0.3	null	none	1000	0.1	activation;suppression;delay;loss;redirection	48	22309208	family_wide_maxT_fwer	0.0009765625	0.0	0.0				0.0	0.0	0.0	0	0	0
AW21	10	20	50	0.3	null	none	1000	0.1	activation;suppression;delay;loss;redirection	49	22310217	naive_selected_window_bh	0.0009765625	1.0	1.0				0.7	0.0	0.7	14	14	0
AW21	10	20	50	0.3	null	none	1000	0.1	activation;suppression;delay;loss;redirection	49	22310217	per_event_max_window_bh	0.0009765625	0.0	0.0				0.0	0.0	0.0	0	0	0
AW21	10	20	50	0.3	null	none	1000	0.1	activation;suppression;delay;loss;redirection	49	22310217	family_wide_maxT_fwer	0.0009765625	1.0	1.0				0.05	0.0	0.05	1	1	0
AW21	10	20	50	0.3	null	none	1000	0.1	activation;suppression;delay;loss;redirection	50	22311226	naive_selected_window_bh	0.0009765625	1.0	1.0				0.2	0.0	0.2	4	4	0
AW21	10	20	50	0.3	null	none	1000	0.1	activation;suppression;delay;loss;redirection	50	22311226	per_event_max_window_bh	0.0009765625	0.0	0.0				0.0	0.0	0.0	0	0	0
AW21	10	20	50	0.3	null	none	1000	0.1	activation;suppression;delay;loss;redirection	50	22311226	family_wide_maxT_fwer	0.0009765625	0.0	0.0				0.0	0.0	0.0	0	0	0
AW21	10	20	50	0.3	null	none	1000	0.1	activation;suppression;delay;loss;redirection	51	22312235	naive_selected_window_bh	0.0009765625	1.0	1.0				0.65	0.0	0.65	13	13	0
AW21	10	20	50	0.3	null	none	1000	0.1	activation;suppression;delay;loss;redirection	51	22312235	per_event_max_window_bh	0.0009765625	0.0	0.0				0.0	0.0	0.0	0	0	0
AW21	10	20	50	0.3	null	none	1000	0.1	activation;suppression;delay;loss;redirection	51	22312235	family_wide_maxT_fwer	0.0009765625	0.0	0.0				0.0	0.0	0.0	0	0	0
AW21	10	20	50	0.3	null	none	1000	0.1	activation;suppression;delay;loss;redirection	52	22313244	naive_selected_window_bh	0.0009765625	1.0	1.0				0.8	0.0	0.8	16	16	0
AW21	10	20	50	0.3	null	none	1000	0.1	activation;suppression;delay;loss;redirection	52	22313244	per_event_max_window_bh	0.0009765625	0.0	0.0				0.0	0.0	0.0	0	0	0
AW21	10	20	50	0.3	null	none	1000	0.1	activation;suppression;delay;loss;redirection	52	22313244	family_wide_maxT_fwer	0.0009765625	0.0	0.0				0.0	0.0	0.0	0	0	0
AW21	10	20	50	0.3	null	none	1000	0.1	activation;suppression;delay;loss;redirection	53	22314253	naive_selected_window_bh	0.0009765625	1.0	1.0				0.4	0.0	0.4	8	8	0
AW21	10	20	50	0.3	null	none	1000	0.1	activation;suppression;delay;loss;redirection	53	22314253	per_event_max_window_bh	0.0009765625	0.0	0.0				0.0	0.0	0.0	0	0	0
AW21	10	20	50	0.3	null	none	1000	0.1	activation;suppression;delay;loss;redirection	53	22314253	family_wide_maxT_fwer	0.0009765625	0.0	0.0				0.0	0.0	0.0	0	0	0
AW21	10	20	50	0.3	null	none	1000	0.1	activation;suppression;delay;loss;redirection	54	22315262	naive_selected_window_bh	0.0009765625	1.0	1.0				0.75	0.0	0.75	15	15	0
AW21	10	20	50	0.3	null	none	1000	0.1	activation;suppression;delay;loss;redirection	54	22315262	per_event_max_window_bh	0.0009765625	0.0	0.0				0.0	0.0	0.0	0	0	0
AW21	10	20	50	0.3	null	none	1000	0.1	activation;suppression;delay;loss;redirection	54	22315262	family_wide_maxT_fwer	0.0009765625	0.0	0.0				0.0	0.0	0.0	0	0	0
AW21	10	20	50	0.3	null	none	1000	0.1	activation;suppression;delay;loss;redirection	55	22316271	naive_selected_window_bh	0.0009765625	1.0	1.0				0.7	0.0	0.7	14	14	0
AW21	10	20	50	0.3	null	none	1000	0.1	activation;suppression;delay;loss;redirection	55	22316271	per_event_max_window_bh	0.0009765625	0.0	0.0				0.0	0.0	0.0	0	0	0
AW21	10	20	50	0.3	null	none	1000	0.1	activation;suppression;delay;loss;redirection	55	22316271	family_wide_maxT_fwer	0.0009765625	0.0	0.0				0.0	0.0	0.0	0	0	0
AW21	10	20	50	0.3	null	none	1000	0.1	activation;suppression;delay;loss;redirection	56	22317280	naive_selected_window_bh	0.0009765625	1.0	1.0				0.9	0.0	0.9	18	18	0
AW21	10	20	50	0.3	null	none	1000	0.1	activation;suppression;delay;loss;redirection	56	22317280	per_event_max_window_bh	0.0009765625	0.0	0.0				0.0	0.0	0.0	0	0	0
AW21	10	20	50	0.3	null	none	1000	0.1	activation;suppression;delay;loss;redirection	56	22317280	family_wide_maxT_fwer	0.0009765625	0.0	0.0				0.0	0.0	0.0	0	0	0
AW21	10	20	50	0.3	null	none	1000	0.1	activation;suppression;delay;loss;redirection	57	22318289	naive_selected_window_bh	0.0009765625	1.0	1.0				0.55	0.0	0.55	11	11	0
AW21	10	20	50	0.3	null	none	1000	0.1	activation;suppression;delay;loss;redirection	57	22318289	per_event_max_window_bh	0.0009765625	0.0	0.0				0.0	0.0	0.0	0	0	0
AW21	10	20	50	0.3	null	none	1000	0.1	activation;suppression;delay;loss;redirection	57	22318289	family_wide_maxT_fwer	0.0009765625	0.0	0.0				0.0	0.0	0.0	0	0	0
AW21	10	20	50	0.3	null	none	1000	0.1	activation;suppression;delay;loss;redirection	58	22319298	naive_selected_window_bh	0.0009765625	1.0	1.0				0.15	0.0	0.15	3	3	0
AW21	10	20	50	0.3	null	none	1000	0.1	activation;suppression;delay;loss;redirection	58	22319298	per_event_max_window_bh	0.0009765625	0.0	0.0				0.0	0.0	0.0	0	0	0
AW21	10	20	50	0.3	null	none	1000	0.1	activation;suppression;delay;loss;redirection	58	22319298	family_wide_maxT_fwer	0.0009765625	0.0	0.0				0.0	0.0	0.0	0	0	0
AW21	10	20	50	0.3	null	none	1000	0.1	activation;suppression;delay;loss;redirection	59	22320307	naive_selected_window_bh	0.0009765625	1.0	1.0				0.55	0.0	0.55	11	11	0
AW21	10	20	50	0.3	null	none	1000	0.1	activation;suppression;delay;loss;redirection	59	22320307	per_event_max_window_bh	0.0009765625	0.0	0.0				0.0	0.0	0.0	0	0	0
AW21	10	20	50	0.3	null	none	1000	0.1	activation;suppression;delay;loss;redirection	59	22320307	family_wide_maxT_fwer	0.0009765625	0.0	0.0				0.0	0.0	0.0	0	0	0
AW21	10	20	50	0.3	null	none	1000	0.1	activation;suppression;delay;loss;redirection	60	22321316	naive_selected_window_bh	0.0009765625	1.0	1.0				0.6	0.0	0.6	12	12	0
AW21	10	20	50	0.3	null	none	1000	0.1	activation;suppression;delay;loss;redirection	60	22321316	per_event_max_window_bh	0.0009765625	0.0	0.0				0.0	0.0	0.0	0	0	0
AW21	10	20	50	0.3	null	none	1000	0.1	activation;suppression;delay;loss;redirection	60	22321316	family_wide_maxT_fwer	0.0009765625	0.0	0.0				0.0	0.0	0.0	0	0	0
AW21	10	20	50	0.3	null	none	1000	0.1	activation;suppression;delay;loss;redirection	61	22322325	naive_selected_window_bh	0.0009765625	1.0	1.0				0.55	0.0	0.55	11	11	0
AW21	10	20	50	0.3	null	none	1000	0.1	activation;suppression;delay;loss;redirection	61	22322325	per_event_max_window_bh	0.0009765625	0.0	0.0				0.0	0.0	0.0	0	0	0
AW21	10	20	50	0.3	null	none	1000	0.1	activation;suppression;delay;loss;redirection	61	22322325	family_wide_maxT_fwer	0.0009765625	0.0	0.0				0.0	0.0	0.0	0	0	0
AW21	10	20	50	0.3	null	none	1000	0.1	activation;suppression;delay;loss;redirection	62	22323334	naive_selected_window_bh	0.0009765625	1.0	1.0				0.5	0.0	0.5	10	10	0
AW21	10	20	50	0.3	null	none	1000	0.1	activation;suppression;delay;loss;redirection	62	22323334	per_event_max_window_bh	0.0009765625	0.0	0.0				0.0	0.0	0.0	0	0	0
AW21	10	20	50	0.3	null	none	1000	0.1	activation;suppression;delay;loss;redirection	62	22323334	family_wide_maxT_fwer	0.0009765625	0.0	0.0				0.0	0.0	0.0	0	0	0
AW21	10	20	50	0.3	null	none	1000	0.1	activation;suppression;delay;loss;redirection	63	22324343	naive_selected_window_bh	0.0009765625	1.0	1.0				0.65	0.0	0.65	13	13	0
AW21	10	20	50	0.3	null	none	1000	0.1	activation;suppression;delay;loss;redirection	63	22324343	per_event_max_window_bh	0.0009765625	0.0	0.0				0.0	0.0	0.0	0	0	0
AW21	10	20	50	0.3	null	none	1000	0.1	activation;suppression;delay;loss;redirection	63	22324343	family_wide_maxT_fwer	0.0009765625	0.0	0.0				0.0	0.0	0.0	0	0	0
AW21	10	20	50	0.3	null	none	1000	0.1	activation;suppression;delay;loss;redirection	64	22325352	naive_selected_window_bh	0.0009765625	1.0	1.0				0.75	0.0	0.75	15	15	0
AW21	10	20	50	0.3	null	none	1000	0.1	activation;suppression;delay;loss;redirection	64	22325352	per_event_max_window_bh	0.0009765625	0.0	0.0				0.0	0.0	0.0	0	0	0
AW21	10	20	50	0.3	null	none	1000	0.1	activation;suppression;delay;loss;redirection	64	22325352	family_wide_maxT_fwer	0.0009765625	0.0	0.0				0.0	0.0	0.0	0	0	0
AW21	10	20	50	0.3	null	none	1000	0.1	activation;suppression;delay;loss;redirection	65	22326361	naive_selected_window_bh	0.0009765625	1.0	1.0				0.7	0.0	0.7	14	14	0
AW21	10	20	50	0.3	null	none	1000	0.1	activation;suppression;delay;loss;redirection	65	22326361	per_event_max_window_bh	0.0009765625	0.0	0.0				0.0	0.0	0.0	0	0	0
AW21	10	20	50	0.3	null	none	1000	0.1	activation;suppression;delay;loss;redirection	65	22326361	family_wide_maxT_fwer	0.0009765625	0.0	0.0				0.0	0.0	0.0	0	0	0
AW21	10	20	50	0.3	null	none	1000	0.1	activation;suppression;delay;loss;redirection	66	22327370	naive_selected_window_bh	0.0009765625	1.0	1.0				0.85	0.0	0.85	17	17	0
AW21	10	20	50	0.3	null	none	1000	0.1	activation;suppression;delay;loss;redirection	66	22327370	per_event_max_window_bh	0.0009765625	0.0	0.0				0.0	0.0	0.0	0	0	0
AW21	10	20	50	0.3	null	none	1000	0.1	activation;suppression;delay;loss;redirection	66	22327370	family_wide_maxT_fwer	0.0009765625	0.0	0.0				0.0	0.0	0.0	0	0	0
AW21	10	20	50	0.3	null	none	1000	0.1	activation;suppression;delay;loss;redirection	67	22328379	naive_selected_window_bh	0.0009765625	1.0	1.0				0.75	0.0	0.75	15	15	0
AW21	10	20	50	0.3	null	none	1000	0.1	activation;suppression;delay;loss;redirection	67	22328379	per_event_max_window_bh	0.0009765625	0.0	0.0				0.0	0.0	0.0	0	0	0
AW21	10	20	50	0.3	null	none	1000	0.1	activation;suppression;delay;loss;redirection	67	22328379	family_wide_maxT_fwer	0.0009765625	0.0	0.0				0.0	0.0	0.0	0	0	0
AW21	10	20	50	0.3	null	none	1000	0.1	activation;suppression;delay;loss;redirection	68	22329388	naive_selected_window_bh	0.0009765625	1.0	1.0				0.35	0.0	0.35	7	7	0
AW21	10	20	50	0.3	null	none	1000	0.1	activation;suppression;delay;loss;redirection	68	22329388	per_event_max_window_bh	0.0009765625	0.0	0.0				0.0	0.0	0.0	0	0	0
AW21	10	20	50	0.3	null	none	1000	0.1	activation;suppression;delay;loss;redirection	68	22329388	family_wide_maxT_fwer	0.0009765625	0.0	0.0				0.0	0.0	0.0	0	0	0
AW21	10	20	50	0.3	null	none	1000	0.1	activation;suppression;delay;loss;redirection	69	22330397	naive_selected_window_bh	0.0009765625	1.0	1.0				0.8	0.0	0.8	16	16	0
AW21	10	20	50	0.3	null	none	1000	0.1	activation;suppression;delay;loss;redirection	69	22330397	per_event_max_window_bh	0.0009765625	0.0	0.0				0.0	0.0	0.0	0	0	0
AW21	10	20	50	0.3	null	none	1000	0.1	activation;suppression;delay;loss;redirection	69	22330397	family_wide_maxT_fwer	0.0009765625	0.0	0.0				0.0	0.0	0.0	0	0	0
AW21	10	20	50	0.3	null	none	1000	0.1	activation;suppression;delay;loss;redirection	70	22331406	naive_selected_window_bh	0.0009765625	1.0	1.0				0.2	0.0	0.2	4	4	0
AW21	10	20	50	0.3	null	none	1000	0.1	activation;suppression;delay;loss;redirection	70	22331406	per_event_max_window_bh	0.0009765625	0.0	0.0				0.0	0.0	0.0	0	0	0
AW21	10	20	50	0.3	null	none	1000	0.1	activation;suppression;delay;loss;redirection	70	22331406	family_wide_maxT_fwer	0.0009765625	0.0	0.0				0.0	0.0	0.0	0	0	0
AW21	10	20	50	0.3	null	none	1000	0.1	activation;suppression;delay;loss;redirection	71	22332415	naive_selected_window_bh	0.0009765625	0.0	0.0				0.0	0.0	0.0	0	0	0
AW21	10	20	50	0.3	null	none	1000	0.1	activation;suppression;delay;loss;redirection	71	22332415	per_event_max_window_bh	0.0009765625	0.0	0.0				0.0	0.0	0.0	0	0	0
AW21	10	20	50	0.3	null	none	1000	0.1	activation;suppression;delay;loss;redirection	71	22332415	family_wide_maxT_fwer	0.0009765625	0.0	0.0				0.0	0.0	0.0	0	0	0
AW21	10	20	50	0.3	null	none	1000	0.1	activation;suppression;delay;loss;redirection	72	22333424	naive_selected_window_bh	0.0009765625	1.0	1.0				0.75	0.0	0.75	15	15	0
AW21	10	20	50	0.3	null	none	1000	0.1	activation;suppression;delay;loss;redirection	72	22333424	per_event_max_window_bh	0.0009765625	0.0	0.0				0.0	0.0	0.0	0	0	0
AW21	10	20	50	0.3	null	none	1000	0.1	activation;suppression;delay;loss;redirection	72	22333424	family_wide_maxT_fwer	0.0009765625	0.0	0.0				0.0	0.0	0.0	0	0	0
AW21	10	20	50	0.3	null	none	1000	0.1	activation;suppression;delay;loss;redirection	73	22334433	naive_selected_window_bh	0.0009765625	1.0	1.0				0.9	0.0	0.9	18	18	0
AW21	10	20	50	0.3	null	none	1000	0.1	activation;suppression;delay;loss;redirection	73	22334433	per_event_max_window_bh	0.0009765625	1.0	1.0				0.15	0.0	0.15	3	3	0
AW21	10	20	50	0.3	null	none	1000	0.1	activation;suppression;delay;loss;redirection	73	22334433	family_wide_maxT_fwer	0.0009765625	1.0	1.0				0.1	0.0	0.1	2	2	0
AW21	10	20	50	0.3	null	none	1000	0.1	activation;suppression;delay;loss;redirection	74	22335442	naive_selected_window_bh	0.0009765625	1.0	1.0				0.9	0.0	0.9	18	18	0
AW21	10	20	50	0.3	null	none	1000	0.1	activation;suppression;delay;loss;redirection	74	22335442	per_event_max_window_bh	0.0009765625	0.0	0.0				0.0	0.0	0.0	0	0	0
AW21	10	20	50	0.3	null	none	1000	0.1	activation;suppression;delay;loss;redirection	74	22335442	family_wide_maxT_fwer	0.0009765625	1.0	1.0				0.05	0.0	0.05	1	1	0
AW21	10	20	50	0.3	null	none	1000	0.1	activation;suppression;delay;loss;redirection	75	22336451	naive_selected_window_bh	0.0009765625	1.0	1.0				0.35	0.0	0.35	7	7	0
AW21	10	20	50	0.3	null	none	1000	0.1	activation;suppression;delay;loss;redirection	75	22336451	per_event_max_window_bh	0.0009765625	0.0	0.0				0.0	0.0	0.0	0	0	0
AW21	10	20	50	0.3	null	none	1000	0.1	activation;suppression;delay;loss;redirection	75	22336451	family_wide_maxT_fwer	0.0009765625	0.0	0.0				0.0	0.0	0.0	0	0	0
AW21	10	20	50	0.3	null	none	1000	0.1	activation;suppression;delay;loss;redirection	76	22337460	naive_selected_window_bh	0.0009765625	1.0	1.0				0.85	0.0	0.85	17	17	0
AW21	10	20	50	0.3	null	none	1000	0.1	activation;suppression;delay;loss;redirection	76	22337460	per_event_max_window_bh	0.0009765625	0.0	0.0				0.0	0.0	0.0	0	0	0
AW21	10	20	50	0.3	null	none	1000	0.1	activation;suppression;delay;loss;redirection	76	22337460	family_wide_maxT_fwer	0.0009765625	0.0	0.0				0.0	0.0	0.0	0	0	0
AW21	10	20	50	0.3	null	none	1000	0.1	activation;suppression;delay;loss;redirection	77	22338469	naive_selected_window_bh	0.0009765625	1.0	1.0				0.8	0.0	0.8	16	16	0
AW21	10	20	50	0.3	null	none	1000	0.1	activation;suppression;delay;loss;redirection	77	22338469	per_event_max_window_bh	0.0009765625	0.0	0.0				0.0	0.0	0.0	0	0	0
AW21	10	20	50	0.3	null	none	1000	0.1	activation;suppression;delay;loss;redirection	77	22338469	family_wide_maxT_fwer	0.0009765625	0.0	0.0				0.0	0.0	0.0	0	0	0
AW21	10	20	50	0.3	null	none	1000	0.1	activation;suppression;delay;loss;redirection	78	22339478	naive_selected_window_bh	0.0009765625	1.0	1.0				0.2	0.0	0.2	4	4	0
AW21	10	20	50	0.3	null	none	1000	0.1	activation;suppression;delay;loss;redirection	78	22339478	per_event_max_window_bh	0.0009765625	0.0	0.0				0.0	0.0	0.0	0	0	0
AW21	10	20	50	0.3	null	none	1000	0.1	activation;suppression;delay;loss;redirection	78	22339478	family_wide_maxT_fwer	0.0009765625	0.0	0.0				0.0	0.0	0.0	0	0	0
AW21	10	20	50	0.3	null	none	1000	0.1	activation;suppression;delay;loss;redirection	79	22340487	naive_selected_window_bh	0.0009765625	1.0	1.0				0.75	0.0	0.75	15	15	0
AW21	10	20	50	0.3	null	none	1000	0.1	activation;suppression;delay;loss;redirection	79	22340487	per_event_max_window_bh	0.0009765625	1.0	1.0				0.05	0.0	0.05	1	1	0
AW21	10	20	50	0.3	null	none	1000	0.1	activation;suppression;delay;loss;redirection	79	22340487	family_wide_maxT_fwer	0.0009765625	1.0	1.0				0.05	0.0	0.05	1	1	0
AW21	10	20	50	0.3	null	none	1000	0.1	activation;suppression;delay;loss;redirection	80	22341496	naive_selected_window_bh	0.0009765625	1.0	1.0				0.8	0.0	0.8	16	16	0
AW21	10	20	50	0.3	null	none	1000	0.1	activation;suppression;delay;loss;redirection	80	22341496	per_event_max_window_bh	0.0009765625	0.0	0.0				0.0	0.0	0.0	0	0	0
AW21	10	20	50	0.3	null	none	1000	0.1	activation;suppression;delay;loss;redirection	80	22341496	family_wide_maxT_fwer	0.0009765625	0.0	0.0				0.0	0.0	0.0	0	0	0
AW21	10	20	50	0.3	null	none	1000	0.1	activation;suppression;delay;loss;redirection	81	22342505	naive_selected_window_bh	0.0009765625	0.0	0.0				0.0	0.0	0.0	0	0	0
AW21	10	20	50	0.3	null	none	1000	0.1	activation;suppression;delay;loss;redirection	81	22342505	per_event_max_window_bh	0.0009765625	0.0	0.0				0.0	0.0	0.0	0	0	0
AW21	10	20	50	0.3	null	none	1000	0.1	activation;suppression;delay;loss;redirection	81	22342505	family_wide_maxT_fwer	0.0009765625	0.0	0.0				0.0	0.0	0.0	0	0	0
AW21	10	20	50	0.3	null	none	1000	0.1	activation;suppression;delay;loss;redirection	82	22343514	naive_selected_window_bh	0.0009765625	1.0	1.0				0.7	0.0	0.7	14	14	0
AW21	10	20	50	0.3	null	none	1000	0.1	activation;suppression;delay;loss;redirection	82	22343514	per_event_max_window_bh	0.0009765625	0.0	0.0				0.0	0.0	0.0	0	0	0
AW21	10	20	50	0.3	null	none	1000	0.1	activation;suppression;delay;loss;redirection	82	22343514	family_wide_maxT_fwer	0.0009765625	0.0	0.0				0.0	0.0	0.0	0	0	0
AW21	10	20	50	0.3	null	none	1000	0.1	activation;suppression;delay;loss;redirection	83	22344523	naive_selected_window_bh	0.0009765625	1.0	1.0				0.5	0.0	0.5	10	10	0
AW21	10	20	50	0.3	null	none	1000	0.1	activation;suppression;delay;loss;redirection	83	22344523	per_event_max_window_bh	0.0009765625	0.0	0.0				0.0	0.0	0.0	0	0	0
AW21	10	20	50	0.3	null	none	1000	0.1	activation;suppression;delay;loss;redirection	83	22344523	family_wide_maxT_fwer	0.0009765625	0.0	0.0				0.0	0.0	0.0	0	0	0
AW21	10	20	50	0.3	null	none	1000	0.1	activation;suppression;delay;loss;redirection	84	22345532	naive_selected_window_bh	0.0009765625	1.0	1.0				0.7	0.0	0.7	14	14	0
AW21	10	20	50	0.3	null	none	1000	0.1	activation;suppression;delay;loss;redirection	84	22345532	per_event_max_window_bh	0.0009765625	0.0	0.0				0.0	0.0	0.0	0	0	0
AW21	10	20	50	0.3	null	none	1000	0.1	activation;suppression;delay;loss;redirection	84	22345532	family_wide_maxT_fwer	0.0009765625	0.0	0.0				0.0	0.0	0.0	0	0	0
AW21	10	20	50	0.3	null	none	1000	0.1	activation;suppression;delay;loss;redirection	85	22346541	naive_selected_window_bh	0.0009765625	1.0	1.0				0.45	0.0	0.45	9	9	0
AW21	10	20	50	0.3	null	none	1000	0.1	activation;suppression;delay;loss;redirection	85	22346541	per_event_max_window_bh	0.0009765625	0.0	0.0				0.0	0.0	0.0	0	0	0
AW21	10	20	50	0.3	null	none	1000	0.1	activation;suppression;delay;loss;redirection	85	22346541	family_wide_maxT_fwer	0.0009765625	0.0	0.0				0.0	0.0	0.0	0	0	0
AW21	10	20	50	0.3	null	none	1000	0.1	activation;suppression;delay;loss;redirection	86	22347550	naive_selected_window_bh	0.0009765625	1.0	1.0				0.8	0.0	0.8	16	16	0
AW21	10	20	50	0.3	null	none	1000	0.1	activation;suppression;delay;loss;redirection	86	22347550	per_event_max_window_bh	0.0009765625	1.0	1.0				0.05	0.0	0.05	1	1	0
AW21	10	20	50	0.3	null	none	1000	0.1	activation;suppression;delay;loss;redirection	86	22347550	family_wide_maxT_fwer	0.0009765625	1.0	1.0				0.05	0.0	0.05	1	1	0
AW21	10	20	50	0.3	null	none	1000	0.1	activation;suppression;delay;loss;redirection	87	22348559	naive_selected_window_bh	0.0009765625	1.0	1.0				0.85	0.0	0.85	17	17	0
AW21	10	20	50	0.3	null	none	1000	0.1	activation;suppression;delay;loss;redirection	87	22348559	per_event_max_window_bh	0.0009765625	0.0	0.0				0.0	0.0	0.0	0	0	0
AW21	10	20	50	0.3	null	none	1000	0.1	activation;suppression;delay;loss;redirection	87	22348559	family_wide_maxT_fwer	0.0009765625	0.0	0.0				0.0	0.0	0.0	0	0	0
AW21	10	20	50	0.3	null	none	1000	0.1	activation;suppression;delay;loss;redirection	88	22349568	naive_selected_window_bh	0.0009765625	1.0	1.0				0.7	0.0	0.7	14	14	0
AW21	10	20	50	0.3	null	none	1000	0.1	activation;suppression;delay;loss;redirection	88	22349568	per_event_max_window_bh	0.0009765625	0.0	0.0				0.0	0.0	0.0	0	0	0
AW21	10	20	50	0.3	null	none	1000	0.1	activation;suppression;delay;loss;redirection	88	22349568	family_wide_maxT_fwer	0.0009765625	0.0	0.0				0.0	0.0	0.0	0	0	0
AW21	10	20	50	0.3	null	none	1000	0.1	activation;suppression;delay;loss;redirection	89	22350577	naive_selected_window_bh	0.0009765625	1.0	1.0				0.95	0.0	0.95	19	19	0
AW21	10	20	50	0.3	null	none	1000	0.1	activation;suppression;delay;loss;redirection	89	22350577	per_event_max_window_bh	0.0009765625	0.0	0.0				0.0	0.0	0.0	0	0	0
AW21	10	20	50	0.3	null	none	1000	0.1	activation;suppression;delay;loss;redirection	89	22350577	family_wide_maxT_fwer	0.0009765625	0.0	0.0				0.0	0.0	0.0	0	0	0
AW21	10	20	50	0.3	null	none	1000	0.1	activation;suppression;delay;loss;redirection	90	22351586	naive_selected_window_bh	0.0009765625	1.0	1.0				0.55	0.0	0.55	11	11	0
AW21	10	20	50	0.3	null	none	1000	0.1	activation;suppression;delay;loss;redirection	90	22351586	per_event_max_window_bh	0.0009765625	0.0	0.0				0.0	0.0	0.0	0	0	0
AW21	10	20	50	0.3	null	none	1000	0.1	activation;suppression;delay;loss;redirection	90	22351586	family_wide_maxT_fwer	0.0009765625	0.0	0.0				0.0	0.0	0.0	0	0	0
AW21	10	20	50	0.3	null	none	1000	0.1	activation;suppression;delay;loss;redirection	91	22352595	naive_selected_window_bh	0.0009765625	1.0	1.0				0.9	0.0	0.9	18	18	0
AW21	10	20	50	0.3	null	none	1000	0.1	activation;suppression;delay;loss;redirection	91	22352595	per_event_max_window_bh	0.0009765625	1.0	1.0				0.05	0.0	0.05	1	1	0
AW21	10	20	50	0.3	null	none	1000	0.1	activation;suppression;delay;loss;redirection	91	22352595	family_wide_maxT_fwer	0.0009765625	1.0	1.0				0.05	0.0	0.05	1	1	0
AW21	10	20	50	0.3	null	none	1000	0.1	activation;suppression;delay;loss;redirection	92	22353604	naive_selected_window_bh	0.0009765625	1.0	1.0				0.45	0.0	0.45	9	9	0
AW21	10	20	50	0.3	null	none	1000	0.1	activation;suppression;delay;loss;redirection	92	22353604	per_event_max_window_bh	0.0009765625	1.0	1.0				0.05	0.0	0.05	1	1	0
AW21	10	20	50	0.3	null	none	1000	0.1	activation;suppression;delay;loss;redirection	92	22353604	family_wide_maxT_fwer	0.0009765625	1.0	1.0				0.05	0.0	0.05	1	1	0
AW21	10	20	50	0.3	null	none	1000	0.1	activation;suppression;delay;loss;redirection	93	22354613	naive_selected_window_bh	0.0009765625	1.0	1.0				0.65	0.0	0.65	13	13	0
AW21	10	20	50	0.3	null	none	1000	0.1	activation;suppression;delay;loss;redirection	93	22354613	per_event_max_window_bh	0.0009765625	0.0	0.0				0.0	0.0	0.0	0	0	0
AW21	10	20	50	0.3	null	none	1000	0.1	activation;suppression;delay;loss;redirection	93	22354613	family_wide_maxT_fwer	0.0009765625	0.0	0.0				0.0	0.0	0.0	0	0	0
AW21	10	20	50	0.3	null	none	1000	0.1	activation;suppression;delay;loss;redirection	94	22355622	naive_selected_window_bh	0.0009765625	1.0	1.0				0.75	0.0	0.75	15	15	0
AW21	10	20	50	0.3	null	none	1000	0.1	activation;suppression;delay;loss;redirection	94	22355622	per_event_max_window_bh	0.0009765625	0.0	0.0				0.0	0.0	0.0	0	0	0
AW21	10	20	50	0.3	null	none	1000	0.1	activation;suppression;delay;loss;redirection	94	22355622	family_wide_maxT_fwer	0.0009765625	0.0	0.0				0.0	0.0	0.0	0	0	0
AW21	10	20	50	0.3	null	none	1000	0.1	activation;suppression;delay;loss;redirection	95	22356631	naive_selected_window_bh	0.0009765625	1.0	1.0				0.75	0.0	0.75	15	15	0
AW21	10	20	50	0.3	null	none	1000	0.1	activation;suppression;delay;loss;redirection	95	22356631	per_event_max_window_bh	0.0009765625	0.0	0.0				0.0	0.0	0.0	0	0	0
AW21	10	20	50	0.3	null	none	1000	0.1	activation;suppression;delay;loss;redirection	95	22356631	family_wide_maxT_fwer	0.0009765625	0.0	0.0				0.0	0.0	0.0	0	0	0
AW21	10	20	50	0.3	null	none	1000	0.1	activation;suppression;delay;loss;redirection	96	22357640	naive_selected_window_bh	0.0009765625	1.0	1.0				0.9	0.0	0.9	18	18	0
AW21	10	20	50	0.3	null	none	1000	0.1	activation;suppression;delay;loss;redirection	96	22357640	per_event_max_window_bh	0.0009765625	0.0	0.0				0.0	0.0	0.0	0	0	0
AW21	10	20	50	0.3	null	none	1000	0.1	activation;suppression;delay;loss;redirection	96	22357640	family_wide_maxT_fwer	0.0009765625	0.0	0.0				0.0	0.0	0.0	0	0	0
AW21	10	20	50	0.3	null	none	1000	0.1	activation;suppression;delay;loss;redirection	97	22358649	naive_selected_window_bh	0.0009765625	1.0	1.0				0.5	0.0	0.5	10	10	0
AW21	10	20	50	0.3	null	none	1000	0.1	activation;suppression;delay;loss;redirection	97	22358649	per_event_max_window_bh	0.0009765625	0.0	0.0				0.0	0.0	0.0	0	0	0
AW21	10	20	50	0.3	null	none	1000	0.1	activation;suppression;delay;loss;redirection	97	22358649	family_wide_maxT_fwer	0.0009765625	0.0	0.0				0.0	0.0	0.0	0	0	0
AW21	10	20	50	0.3	null	none	1000	0.1	activation;suppression;delay;loss;redirection	98	22359658	naive_selected_window_bh	0.0009765625	1.0	1.0				0.4	0.0	0.4	8	8	0
AW21	10	20	50	0.3	null	none	1000	0.1	activation;suppression;delay;loss;redirection	98	22359658	per_event_max_window_bh	0.0009765625	0.0	0.0				0.0	0.0	0.0	0	0	0
AW21	10	20	50	0.3	null	none	1000	0.1	activation;suppression;delay;loss;redirection	98	22359658	family_wide_maxT_fwer	0.0009765625	0.0	0.0				0.0	0.0	0.0	0	0	0
AW21	10	20	50	0.3	null	none	1000	0.1	activation;suppression;delay;loss;redirection	99	22360667	naive_selected_window_bh	0.0009765625	1.0	1.0				0.4	0.0	0.4	8	8	0
AW21	10	20	50	0.3	null	none	1000	0.1	activation;suppression;delay;loss;redirection	99	22360667	per_event_max_window_bh	0.0009765625	0.0	0.0				0.0	0.0	0.0	0	0	0
AW21	10	20	50	0.3	null	none	1000	0.1	activation;suppression;delay;loss;redirection	99	22360667	family_wide_maxT_fwer	0.0009765625	0.0	0.0				0.0	0.0	0.0	0	0	0
AW22	3	50	50	0.3	weak	none	1000	0.1	activation;suppression;delay;loss;redirection	0	22360779	naive_selected_window_bh	0.125	0.0	0.0	0.0			0.0	0.24	0.0	0	0	0
AW22	3	50	50	0.3	weak	none	1000	0.1	activation;suppression;delay;loss;redirection	0	22360779	per_event_max_window_bh	0.125	0.0	0.0	0.0			0.0	0.24	0.0	0	0	0
AW22	3	50	50	0.3	weak	none	1000	0.1	activation;suppression;delay;loss;redirection	0	22360779	family_wide_maxT_fwer	0.125	0.0	0.0	0.0			0.0	0.24	0.0	0	0	0
AW22	3	50	50	0.3	weak	none	1000	0.1	activation;suppression;delay;loss;redirection	1	22361788	naive_selected_window_bh	0.125	0.0	0.0	0.0			0.0	0.24	0.0	0	0	0
AW22	3	50	50	0.3	weak	none	1000	0.1	activation;suppression;delay;loss;redirection	1	22361788	per_event_max_window_bh	0.125	0.0	0.0	0.0			0.0	0.24	0.0	0	0	0
AW22	3	50	50	0.3	weak	none	1000	0.1	activation;suppression;delay;loss;redirection	1	22361788	family_wide_maxT_fwer	0.125	0.0	0.0	0.0			0.0	0.24	0.0	0	0	0
AW22	3	50	50	0.3	weak	none	1000	0.1	activation;suppression;delay;loss;redirection	2	22362797	naive_selected_window_bh	0.125	0.0	0.0	0.0			0.0	0.24	0.0	0	0	0
AW22	3	50	50	0.3	weak	none	1000	0.1	activation;suppression;delay;loss;redirection	2	22362797	per_event_max_window_bh	0.125	0.0	0.0	0.0			0.0	0.24	0.0	0	0	0
AW22	3	50	50	0.3	weak	none	1000	0.1	activation;suppression;delay;loss;redirection	2	22362797	family_wide_maxT_fwer	0.125	0.0	0.0	0.0			0.0	0.24	0.0	0	0	0
AW22	3	50	50	0.3	weak	none	1000	0.1	activation;suppression;delay;loss;redirection	3	22363806	naive_selected_window_bh	0.125	0.0	0.0	0.0			0.0	0.24	0.0	0	0	0
AW22	3	50	50	0.3	weak	none	1000	0.1	activation;suppression;delay;loss;redirection	3	22363806	per_event_max_window_bh	0.125	0.0	0.0	0.0			0.0	0.24	0.0	0	0	0
AW22	3	50	50	0.3	weak	none	1000	0.1	activation;suppression;delay;loss;redirection	3	22363806	family_wide_maxT_fwer	0.125	0.0	0.0	0.0			0.0	0.24	0.0	0	0	0
AW22	3	50	50	0.3	weak	none	1000	0.1	activation;suppression;delay;loss;redirection	4	22364815	naive_selected_window_bh	0.125	0.0	0.0	0.0			0.0	0.24	0.0	0	0	0
AW22	3	50	50	0.3	weak	none	1000	0.1	activation;suppression;delay;loss;redirection	4	22364815	per_event_max_window_bh	0.125	0.0	0.0	0.0			0.0	0.24	0.0	0	0	0
AW22	3	50	50	0.3	weak	none	1000	0.1	activation;suppression;delay;loss;redirection	4	22364815	family_wide_maxT_fwer	0.125	0.0	0.0	0.0			0.0	0.24	0.0	0	0	0
AW22	3	50	50	0.3	weak	none	1000	0.1	activation;suppression;delay;loss;redirection	5	22365824	naive_selected_window_bh	0.125	0.0	0.0	0.0			0.0	0.24	0.0	0	0	0
AW22	3	50	50	0.3	weak	none	1000	0.1	activation;suppression;delay;loss;redirection	5	22365824	per_event_max_window_bh	0.125	0.0	0.0	0.0			0.0	0.24	0.0	0	0	0
AW22	3	50	50	0.3	weak	none	1000	0.1	activation;suppression;delay;loss;redirection	5	22365824	family_wide_maxT_fwer	0.125	0.0	0.0	0.0			0.0	0.24	0.0	0	0	0
AW22	3	50	50	0.3	weak	none	1000	0.1	activation;suppression;delay;loss;redirection	6	22366833	naive_selected_window_bh	0.125	0.0	0.0	0.0			0.0	0.24	0.0	0	0	0
AW22	3	50	50	0.3	weak	none	1000	0.1	activation;suppression;delay;loss;redirection	6	22366833	per_event_max_window_bh	0.125	0.0	0.0	0.0			0.0	0.24	0.0	0	0	0
AW22	3	50	50	0.3	weak	none	1000	0.1	activation;suppression;delay;loss;redirection	6	22366833	family_wide_maxT_fwer	0.125	0.0	0.0	0.0			0.0	0.24	0.0	0	0	0
AW22	3	50	50	0.3	weak	none	1000	0.1	activation;suppression;delay;loss;redirection	7	22367842	naive_selected_window_bh	0.125	0.0	0.0	0.0			0.0	0.24	0.0	0	0	0
AW22	3	50	50	0.3	weak	none	1000	0.1	activation;suppression;delay;loss;redirection	7	22367842	per_event_max_window_bh	0.125	0.0	0.0	0.0			0.0	0.24	0.0	0	0	0
AW22	3	50	50	0.3	weak	none	1000	0.1	activation;suppression;delay;loss;redirection	7	22367842	family_wide_maxT_fwer	0.125	0.0	0.0	0.0			0.0	0.24	0.0	0	0	0
AW22	3	50	50	0.3	weak	none	1000	0.1	activation;suppression;delay;loss;redirection	8	22368851	naive_selected_window_bh	0.125	0.0	0.0	0.0			0.0	0.24	0.0	0	0	0
AW22	3	50	50	0.3	weak	none	1000	0.1	activation;suppression;delay;loss;redirection	8	22368851	per_event_max_window_bh	0.125	0.0	0.0	0.0			0.0	0.24	0.0	0	0	0
AW22	3	50	50	0.3	weak	none	1000	0.1	activation;suppression;delay;loss;redirection	8	22368851	family_wide_maxT_fwer	0.125	0.0	0.0	0.0			0.0	0.24	0.0	0	0	0
AW22	3	50	50	0.3	weak	none	1000	0.1	activation;suppression;delay;loss;redirection	9	22369860	naive_selected_window_bh	0.125	0.0	0.0	0.0			0.0	0.24	0.0	0	0	0
AW22	3	50	50	0.3	weak	none	1000	0.1	activation;suppression;delay;loss;redirection	9	22369860	per_event_max_window_bh	0.125	0.0	0.0	0.0			0.0	0.24	0.0	0	0	0
AW22	3	50	50	0.3	weak	none	1000	0.1	activation;suppression;delay;loss;redirection	9	22369860	family_wide_maxT_fwer	0.125	0.0	0.0	0.0			0.0	0.24	0.0	0	0	0
AW22	3	50	50	0.3	weak	none	1000	0.1	activation;suppression;delay;loss;redirection	10	22370869	naive_selected_window_bh	0.125	0.0	0.0	0.0			0.0	0.24	0.0	0	0	0
AW22	3	50	50	0.3	weak	none	1000	0.1	activation;suppression;delay;loss;redirection	10	22370869	per_event_max_window_bh	0.125	0.0	0.0	0.0			0.0	0.24	0.0	0	0	0
AW22	3	50	50	0.3	weak	none	1000	0.1	activation;suppression;delay;loss;redirection	10	22370869	family_wide_maxT_fwer	0.125	0.0	0.0	0.0			0.0	0.24	0.0	0	0	0
AW22	3	50	50	0.3	weak	none	1000	0.1	activation;suppression;delay;loss;redirection	11	22371878	naive_selected_window_bh	0.125	0.0	0.0	0.0			0.0	0.24	0.0	0	0	0
AW22	3	50	50	0.3	weak	none	1000	0.1	activation;suppression;delay;loss;redirection	11	22371878	per_event_max_window_bh	0.125	0.0	0.0	0.0			0.0	0.24	0.0	0	0	0
AW22	3	50	50	0.3	weak	none	1000	0.1	activation;suppression;delay;loss;redirection	11	22371878	family_wide_maxT_fwer	0.125	0.0	0.0	0.0			0.0	0.24	0.0	0	0	0
AW23	5	50	50	0.0	moderate	composition	1000	0.1	activation;suppression;delay;loss;redirection	0	22460782	naive_selected_window_bh	0.03125	0.7073170731707317	1.0	1.0	0.307909604519774	0.21468926553672318	0.46	0.0	0.7	41	29	12
AW23	5	50	50	0.0	moderate	composition	1000	0.1	activation;suppression;delay;loss;redirection	0	22460782	per_event_max_window_bh	0.03125	0.0	0.0	0.0			0.0	0.24	0.0	0	0	0
AW23	5	50	50	0.0	moderate	composition	1000	0.1	activation;suppression;delay;loss;redirection	0	22460782	family_wide_maxT_fwer	0.03125	0.3333333333333333	1.0	0.16666666666666666	0.3983050847457627	0.2288135593220339	0.0	0.2	0.04	3	1	2
AW23	5	50	50	0.0	moderate	composition	1000	0.1	activation;suppression;delay;loss;redirection	1	22461791	naive_selected_window_bh	0.03125	0.6842105263157895	1.0	1.0	0.4392655367231639	0.1172316384180791	0.4	0.0	0.64	38	26	12
AW23	5	50	50	0.0	moderate	composition	1000	0.1	activation;suppression;delay;loss;redirection	1	22461791	per_event_max_window_bh	0.03125	0.0	0.0	0.0			0.0	0.24	0.0	0	0	0
AW23	5	50	50	0.0	moderate	composition	1000	0.1	activation;suppression;delay;loss;redirection	1	22461791	family_wide_maxT_fwer	0.03125	0.4	1.0	0.25	0.4915254237288136	0.16384180790960448	0.0	0.18	0.06	5	2	3
AW23	5	50	50	0.0	moderate	composition	1000	0.1	activation;suppression;delay;loss;redirection	2	22462800	naive_selected_window_bh	0.03125	0.6571428571428571	1.0	1.0	0.3276836158192091	0.19491525423728814	0.34	0.0	0.58	35	23	12
AW23	5	50	50	0.0	moderate	composition	1000	0.1	activation;suppression;delay;loss;redirection	2	22462800	per_event_max_window_bh	0.03125	0.0	0.0	0.0			0.0	0.24	0.0	0	0	0
AW23	5	50	50	0.0	moderate	composition	1000	0.1	activation;suppression;delay;loss;redirection	2	22462800	family_wide_maxT_fwer	0.03125	0.75	1.0	0.08333333333333333	0.4576271186440678	0.2542372881355932	0.0	0.22	0.02	4	3	1
AW23	5	50	50	0.0	moderate	composition	1000	0.1	activation;suppression;delay;loss;redirection	3	22463809	naive_selected_window_bh	0.03125	0.0	0.0	0.0			0.0	0.24	0.0	0	0	0
AW23	5	50	50	0.0	moderate	composition	1000	0.1	activation;suppression;delay;loss;redirection	3	22463809	per_event_max_window_bh	0.03125	0.0	0.0	0.0			0.0	0.24	0.0	0	0	0
AW23	5	50	50	0.0	moderate	composition	1000	0.1	activation;suppression;delay;loss;redirection	3	22463809	family_wide_maxT_fwer	0.03125	0.3333333333333333	1.0	0.16666666666666666	0.3813559322033898	0.3305084745762712	0.0	0.2	0.04	3	1	2
AW23	5	50	50	0.0	moderate	composition	1000	0.1	activation;suppression;delay;loss;redirection	4	22464818	naive_selected_window_bh	0.03125	0.7272727272727273	1.0	1.0	0.34604519774011294	0.24435028248587573	0.52	0.0	0.76	44	32	12
AW23	5	50	50	0.0	moderate	composition	1000	0.1	activation;suppression;delay;loss;redirection	4	22464818	per_event_max_window_bh	0.03125	0.0	0.0	0.0			0.0	0.24	0.0	0	0	0
AW23	5	50	50	0.0	moderate	composition	1000	0.1	activation;suppression;delay;loss;redirection	4	22464818	family_wide_maxT_fwer	0.03125	1.0	1.0	0.0			0.0	0.24	0.0	2	2	0
AW23	5	50	50	0.0	moderate	composition	1000	0.1	activation;suppression;delay;loss;redirection	5	22465827	naive_selected_window_bh	0.03125	0.6842105263157895	1.0	1.0	0.2951977401129943	0.31214689265536727	0.4	0.0	0.64	38	26	12
AW23	5	50	50	0.0	moderate	composition	1000	0.1	activation;suppression;delay;loss;redirection	5	22465827	per_event_max_window_bh	0.03125	0.0	0.0	0.0			0.0	0.24	0.0	0	0	0
AW23	5	50	50	0.0	moderate	composition	1000	0.1	activation;suppression;delay;loss;redirection	5	22465827	family_wide_maxT_fwer	0.03125	0.26666666666666666	1.0	0.9166666666666666	0.3035439137134052	0.337442218798151	0.02	0.02	0.24	15	4	11
AW23	5	50	50	0.0	moderate	composition	1000	0.1	activation;suppression;delay;loss;redirection	6	22466836	naive_selected_window_bh	0.03125	0.6571428571428571	1.0	1.0	0.3220338983050847	0.20621468926553674	0.34	0.0	0.58	35	23	12
AW23	5	50	50	0.0	moderate	composition	1000	0.1	activation;suppression;delay;loss;redirection	6	22466836	per_event_max_window_bh	0.03125	0.0	0.0	0.0			0.0	0.24	0.0	0	0	0
AW23	5	50	50	0.0	moderate	composition	1000	0.1	activation;suppression;delay;loss;redirection	6	22466836	family_wide_maxT_fwer	0.03125	0.2	1.0	0.3333333333333333	0.4152542372881356	0.1864406779661017	0.0	0.16	0.08	5	1	4
AW23	5	50	50	0.0	moderate	composition	1000	0.1	activation;suppression;delay;loss;redirection	7	22467845	naive_selected_window_bh	0.03125	0.7	1.0	1.0	0.24011299435028247	0.2796610169491525	0.44	0.0	0.68	40	28	12
AW23	5	50	50	0.0	moderate	composition	1000	0.1	activation;suppression;delay;loss;redirection	7	22467845	per_event_max_window_bh	0.03125	0.0	0.0	0.0			0.0	0.24	0.0	0	0	0
AW23	5	50	50	0.0	moderate	composition	1000	0.1	activation;suppression;delay;loss;redirection	7	22467845	family_wide_maxT_fwer	0.03125	0.0	0.0	0.0			0.0	0.24	0.0	0	0	0
AW23	5	50	50	0.0	moderate	composition	1000	0.1	activation;suppression;delay;loss;redirection	8	22468854	naive_selected_window_bh	0.03125	0.6842105263157895	1.0	1.0	0.30932203389830504	0.2782485875706215	0.4	0.0	0.64	38	26	12
AW23	5	50	50	0.0	moderate	composition	1000	0.1	activation;suppression;delay;loss;redirection	8	22468854	per_event_max_window_bh	0.03125	0.0	0.0	0.0			0.0	0.24	0.0	0	0	0
AW23	5	50	50	0.0	moderate	composition	1000	0.1	activation;suppression;delay;loss;redirection	8	22468854	family_wide_maxT_fwer	0.03125	0.375	1.0	0.4166666666666667	0.34915254237288135	0.3355932203389831	0.0	0.14	0.1	8	3	5
AW23	5	50	50	0.0	moderate	composition	1000	0.1	activation;suppression;delay;loss;redirection	9	22469863	naive_selected_window_bh	0.03125	0.6756756756756757	1.0	1.0	0.3403954802259887	0.23022598870056496	0.38	0.0	0.62	37	25	12
AW23	5	50	50	0.0	moderate	composition	1000	0.1	activation;suppression;delay;loss;redirection	9	22469863	per_event_max_window_bh	0.03125	0.0	0.0	0.0			0.0	0.24	0.0	0	0	0
AW23	5	50	50	0.0	moderate	composition	1000	0.1	activation;suppression;delay;loss;redirection	9	22469863	family_wide_maxT_fwer	0.03125	0.5	1.0	0.08333333333333333	0.6271186440677966	0.0847457627118644	0.0	0.22	0.02	2	1	1
AW23	5	50	50	0.0	moderate	composition	1000	0.1	activation;suppression;delay;loss;redirection	10	22470872	naive_selected_window_bh	0.03125	0.6756756756756757	1.0	1.0	0.3008474576271187	0.2358757062146893	0.38	0.0	0.62	37	25	12
AW23	5	50	50	0.0	moderate	composition	1000	0.1	activation;suppression;delay;loss;redirection	10	22470872	per_event_max_window_bh	0.03125	0.0	0.0	0.0			0.0	0.24	0.0	0	0	0
AW23	5	50	50	0.0	moderate	composition	1000	0.1	activation;suppression;delay;loss;redirection	10	22470872	family_wide_maxT_fwer	0.03125	0.5	1.0	0.5	0.26553672316384186	0.2853107344632768	0.0	0.12	0.12	12	6	6
AW23	5	50	50	0.0	moderate	composition	1000	0.1	activation;suppression;delay;loss;redirection	11	22471881	naive_selected_window_bh	0.03125	0.625	1.0	1.0	0.2951977401129943	0.21610169491525424	0.28	0.0	0.52	32	20	12
AW23	5	50	50	0.0	moderate	composition	1000	0.1	activation;suppression;delay;loss;redirection	11	22471881	per_event_max_window_bh	0.03125	0.0	0.0	0.0			0.0	0.24	0.0	0	0	0
AW23	5	50	50	0.0	moderate	composition	1000	0.1	activation;suppression;delay;loss;redirection	11	22471881	family_wide_maxT_fwer	0.03125	0.35714285714285715	1.0	0.75	0.3295668549905838	0.2485875706214689	0.0	0.06	0.18	14	5	9
AW24	10	50	50	0.7	strong	composition	5000	0.1	activation;suppression;delay;loss;redirection	0	22560785	naive_selected_window_bh	0.0009765625	0.7073170731707317	1.0	1.0	0.2669491525423729	0.3008474576271187	0.46	0.0	0.7	41	29	12
AW24	10	50	50	0.7	strong	composition	5000	0.1	activation;suppression;delay;loss;redirection	0	22560785	per_event_max_window_bh	0.0009765625	0.4	1.0	1.0	0.2669491525423729	0.3008474576271187	0.04	0.0	0.28	20	8	12
AW24	10	50	50	0.7	strong	composition	5000	0.1	activation;suppression;delay;loss;redirection	0	22560785	family_wide_maxT_fwer	0.0009765625	0.3333333333333333	1.0	1.0	0.2669491525423729	0.3008474576271187	0.0	0.0	0.24	18	6	12
AW24	10	50	50	0.7	strong	composition	5000	0.1	activation;suppression;delay;loss;redirection	1	22561794	naive_selected_window_bh	0.0009765625	0.7073170731707317	1.0	1.0	0.3290960451977401	0.2612994350282486	0.46	0.0	0.7	41	29	12
AW24	10	50	50	0.7	strong	composition	5000	0.1	activation;suppression;delay;loss;redirection	1	22561794	per_event_max_window_bh	0.0009765625	0.3684210526315789	1.0	1.0	0.3290960451977401	0.2612994350282486	0.02	0.0	0.26	19	7	12
AW24	10	50	50	0.7	strong	composition	5000	0.1	activation;suppression;delay;loss;redirection	1	22561794	family_wide_maxT_fwer	0.0009765625	0.3333333333333333	1.0	1.0	0.3290960451977401	0.2612994350282486	0.0	0.0	0.24	18	6	12
AW24	10	50	50	0.7	strong	composition	5000	0.1	activation;suppression;delay;loss;redirection	2	22562803	naive_selected_window_bh	0.0009765625	0.7272727272727273	1.0	1.0	0.3036723163841808	0.21327683615819207	0.52	0.0	0.76	44	32	12
AW24	10	50	50	0.7	strong	composition	5000	0.1	activation;suppression;delay;loss;redirection	2	22562803	per_event_max_window_bh	0.0009765625	0.4	1.0	1.0	0.3036723163841808	0.21327683615819207	0.04	0.0	0.28	20	8	12
AW24	10	50	50	0.7	strong	composition	5000	0.1	activation;suppression;delay;loss;redirection	2	22562803	family_wide_maxT_fwer	0.0009765625	0.3333333333333333	1.0	1.0	0.3036723163841808	0.21327683615819207	0.0	0.0	0.24	18	6	12
AW24	10	50	50	0.7	strong	composition	5000	0.1	activation;suppression;delay;loss;redirection	3	22563812	naive_selected_window_bh	0.0009765625	0.7272727272727273	1.0	1.0	0.3361581920903955	0.19774011299435026	0.52	0.0	0.76	44	32	12
AW24	10	50	50	0.7	strong	composition	5000	0.1	activation;suppression;delay;loss;redirection	3	22563812	per_event_max_window_bh	0.0009765625	0.4782608695652174	1.0	1.0	0.3361581920903955	0.19774011299435026	0.1	0.0	0.34	23	11	12
AW24	10	50	50	0.7	strong	composition	5000	0.1	activation;suppression;delay;loss;redirection	3	22563812	family_wide_maxT_fwer	0.0009765625	0.3684210526315789	1.0	1.0	0.3361581920903955	0.19774011299435026	0.02	0.0	0.26	19	7	12
AW24	10	50	50	0.7	strong	composition	5000	0.1	activation;suppression;delay;loss;redirection	4	22564821	naive_selected_window_bh	0.0009765625	0.5555555555555556	1.0	1.0	0.3220338983050847	0.2514124293785311	0.18	0.0	0.42	27	15	12
AW24	10	50	50	0.7	strong	composition	5000	0.1	activation;suppression;delay;loss;redirection	4	22564821	per_event_max_window_bh	0.0009765625	0.3333333333333333	1.0	1.0	0.3220338983050847	0.2514124293785311	0.0	0.0	0.24	18	6	12
AW24	10	50	50	0.7	strong	composition	5000	0.1	activation;suppression;delay;loss;redirection	4	22564821	family_wide_maxT_fwer	0.0009765625	0.3333333333333333	1.0	1.0	0.3220338983050847	0.2514124293785311	0.0	0.0	0.24	18	6	12
AW24	10	50	50	0.7	strong	composition	5000	0.1	activation;suppression;delay;loss;redirection	5	22565830	naive_selected_window_bh	0.0009765625	0.6756756756756757	1.0	1.0	0.2528248587570621	0.26977401129943496	0.38	0.0	0.62	37	25	12
AW24	10	50	50	0.7	strong	composition	5000	0.1	activation;suppression;delay;loss;redirection	5	22565830	per_event_max_window_bh	0.0009765625	0.3684210526315789	1.0	1.0	0.2528248587570621	0.26977401129943496	0.02	0.0	0.26	19	7	12
AW24	10	50	50	0.7	strong	composition	5000	0.1	activation;suppression;delay;loss;redirection	5	22565830	family_wide_maxT_fwer	0.0009765625	0.3333333333333333	1.0	1.0	0.2528248587570621	0.26977401129943496	0.0	0.0	0.24	18	6	12
AW24	10	50	50	0.7	strong	composition	5000	0.1	activation;suppression;delay;loss;redirection	6	22566839	naive_selected_window_bh	0.0009765625	0.7551020408163265	1.0	1.0	0.29943502824858753	0.2542372881355932	0.62	0.0	0.86	49	37	12
AW24	10	50	50	0.7	strong	composition	5000	0.1	activation;suppression;delay;loss;redirection	6	22566839	per_event_max_window_bh	0.0009765625	0.3684210526315789	1.0	1.0	0.29943502824858753	0.2542372881355932	0.02	0.0	0.26	19	7	12
AW24	10	50	50	0.7	strong	composition	5000	0.1	activation;suppression;delay;loss;redirection	6	22566839	family_wide_maxT_fwer	0.0009765625	0.3333333333333333	1.0	1.0	0.29943502824858753	0.2542372881355932	0.0	0.0	0.24	18	6	12
AW24	10	50	50	0.7	strong	composition	5000	0.1	activation;suppression;delay;loss;redirection	7	22567848	naive_selected_window_bh	0.0009765625	0.7	1.0	1.0	0.3192090395480226	0.2711864406779661	0.44	0.0	0.68	40	28	12
AW24	10	50	50	0.7	strong	composition	5000	0.1	activation;suppression;delay;loss;redirection	7	22567848	per_event_max_window_bh	0.0009765625	0.45454545454545453	1.0	1.0	0.3192090395480226	0.2711864406779661	0.08	0.0	0.32	22	10	12
AW24	10	50	50	0.7	strong	composition	5000	0.1	activation;suppression;delay;loss;redirection	7	22567848	family_wide_maxT_fwer	0.0009765625	0.3333333333333333	1.0	1.0	0.3192090395480226	0.2711864406779661	0.0	0.0	0.24	18	6	12
AW24	10	50	50	0.7	strong	composition	5000	0.1	activation;suppression;delay;loss;redirection	8	22568857	naive_selected_window_bh	0.0009765625	0.75	1.0	1.0	0.37570621468926557	0.211864406779661	0.6	0.0	0.84	48	36	12
AW24	10	50	50	0.7	strong	composition	5000	0.1	activation;suppression;delay;loss;redirection	8	22568857	per_event_max_window_bh	0.0009765625	0.42857142857142855	1.0	1.0	0.37570621468926557	0.211864406779661	0.06	0.0	0.3	21	9	12
AW24	10	50	50	0.7	strong	composition	5000	0.1	activation;suppression;delay;loss;redirection	8	22568857	family_wide_maxT_fwer	0.0009765625	0.3684210526315789	1.0	1.0	0.37570621468926557	0.211864406779661	0.02	0.0	0.26	19	7	12
AW24	10	50	50	0.7	strong	composition	5000	0.1	activation;suppression;delay;loss;redirection	9	22569866	naive_selected_window_bh	0.0009765625	0.7142857142857143	1.0	1.0	0.3361581920903955	0.18644067796610173	0.48	0.0	0.72	42	30	12
AW24	10	50	50	0.7	strong	composition	5000	0.1	activation;suppression;delay;loss;redirection	9	22569866	per_event_max_window_bh	0.0009765625	0.42857142857142855	1.0	1.0	0.3361581920903955	0.18644067796610173	0.06	0.0	0.3	21	9	12
AW24	10	50	50	0.7	strong	composition	5000	0.1	activation;suppression;delay;loss;redirection	9	22569866	family_wide_maxT_fwer	0.0009765625	0.3333333333333333	1.0	1.0	0.3361581920903955	0.18644067796610173	0.0	0.0	0.24	18	6	12
AW24	10	50	50	0.7	strong	composition	5000	0.1	activation;suppression;delay;loss;redirection	10	22570875	naive_selected_window_bh	0.0009765625	0.76	1.0	1.0	0.3446327683615819	0.2344632768361582	0.64	0.0	0.88	50	38	12
AW24	10	50	50	0.7	strong	composition	5000	0.1	activation;suppression;delay;loss;redirection	10	22570875	per_event_max_window_bh	0.0009765625	0.45454545454545453	1.0	1.0	0.3446327683615819	0.2344632768361582	0.08	0.0	0.32	22	10	12
AW24	10	50	50	0.7	strong	composition	5000	0.1	activation;suppression;delay;loss;redirection	10	22570875	family_wide_maxT_fwer	0.0009765625	0.3333333333333333	1.0	1.0	0.3446327683615819	0.2344632768361582	0.0	0.0	0.24	18	6	12
AW24	10	50	50	0.7	strong	composition	5000	0.1	activation;suppression;delay;loss;redirection	11	22571884	naive_selected_window_bh	0.0009765625	0.6756756756756757	1.0	1.0	0.42655367231638414	0.24011299435028252	0.38	0.0	0.62	37	25	12
AW24	10	50	50	0.7	strong	composition	5000	0.1	activation;suppression;delay;loss;redirection	11	22571884	per_event_max_window_bh	0.0009765625	0.3333333333333333	1.0	1.0	0.42655367231638414	0.24011299435028252	0.0	0.0	0.24	18	6	12
AW24	10	50	50	0.7	strong	composition	5000	0.1	activation;suppression;delay;loss;redirection	11	22571884	family_wide_maxT_fwer	0.0009765625	0.3333333333333333	1.0	1.0	0.42655367231638414	0.24011299435028252	0.0	0.0	0.24	18	6	12
AW25	3	100	50	0.7	null	stress	1000	0.1	activation;suppression;delay;loss;redirection	0	22660788	naive_selected_window_bh	0.125	0.0	0.0				0.0	0.0	0.0	0	0	0
AW25	3	100	50	0.7	null	stress	1000	0.1	activation;suppression;delay;loss;redirection	0	22660788	per_event_max_window_bh	0.125	0.0	0.0				0.0	0.0	0.0	0	0	0
AW25	3	100	50	0.7	null	stress	1000	0.1	activation;suppression;delay;loss;redirection	0	22660788	family_wide_maxT_fwer	0.125	0.0	0.0				0.0	0.0	0.0	0	0	0
AW25	3	100	50	0.7	null	stress	1000	0.1	activation;suppression;delay;loss;redirection	1	22661797	naive_selected_window_bh	0.125	0.0	0.0				0.0	0.0	0.0	0	0	0
AW25	3	100	50	0.7	null	stress	1000	0.1	activation;suppression;delay;loss;redirection	1	22661797	per_event_max_window_bh	0.125	0.0	0.0				0.0	0.0	0.0	0	0	0
AW25	3	100	50	0.7	null	stress	1000	0.1	activation;suppression;delay;loss;redirection	1	22661797	family_wide_maxT_fwer	0.125	0.0	0.0				0.0	0.0	0.0	0	0	0
AW25	3	100	50	0.7	null	stress	1000	0.1	activation;suppression;delay;loss;redirection	2	22662806	naive_selected_window_bh	0.125	0.0	0.0				0.0	0.0	0.0	0	0	0
AW25	3	100	50	0.7	null	stress	1000	0.1	activation;suppression;delay;loss;redirection	2	22662806	per_event_max_window_bh	0.125	0.0	0.0				0.0	0.0	0.0	0	0	0
AW25	3	100	50	0.7	null	stress	1000	0.1	activation;suppression;delay;loss;redirection	2	22662806	family_wide_maxT_fwer	0.125	0.0	0.0				0.0	0.0	0.0	0	0	0
AW25	3	100	50	0.7	null	stress	1000	0.1	activation;suppression;delay;loss;redirection	3	22663815	naive_selected_window_bh	0.125	0.0	0.0				0.0	0.0	0.0	0	0	0
AW25	3	100	50	0.7	null	stress	1000	0.1	activation;suppression;delay;loss;redirection	3	22663815	per_event_max_window_bh	0.125	0.0	0.0				0.0	0.0	0.0	0	0	0
AW25	3	100	50	0.7	null	stress	1000	0.1	activation;suppression;delay;loss;redirection	3	22663815	family_wide_maxT_fwer	0.125	0.0	0.0				0.0	0.0	0.0	0	0	0
AW25	3	100	50	0.7	null	stress	1000	0.1	activation;suppression;delay;loss;redirection	4	22664824	naive_selected_window_bh	0.125	0.0	0.0				0.0	0.0	0.0	0	0	0
AW25	3	100	50	0.7	null	stress	1000	0.1	activation;suppression;delay;loss;redirection	4	22664824	per_event_max_window_bh	0.125	0.0	0.0				0.0	0.0	0.0	0	0	0
AW25	3	100	50	0.7	null	stress	1000	0.1	activation;suppression;delay;loss;redirection	4	22664824	family_wide_maxT_fwer	0.125	0.0	0.0				0.0	0.0	0.0	0	0	0
AW25	3	100	50	0.7	null	stress	1000	0.1	activation;suppression;delay;loss;redirection	5	22665833	naive_selected_window_bh	0.125	0.0	0.0				0.0	0.0	0.0	0	0	0
AW25	3	100	50	0.7	null	stress	1000	0.1	activation;suppression;delay;loss;redirection	5	22665833	per_event_max_window_bh	0.125	0.0	0.0				0.0	0.0	0.0	0	0	0
AW25	3	100	50	0.7	null	stress	1000	0.1	activation;suppression;delay;loss;redirection	5	22665833	family_wide_maxT_fwer	0.125	0.0	0.0				0.0	0.0	0.0	0	0	0
AW25	3	100	50	0.7	null	stress	1000	0.1	activation;suppression;delay;loss;redirection	6	22666842	naive_selected_window_bh	0.125	0.0	0.0				0.0	0.0	0.0	0	0	0
AW25	3	100	50	0.7	null	stress	1000	0.1	activation;suppression;delay;loss;redirection	6	22666842	per_event_max_window_bh	0.125	0.0	0.0				0.0	0.0	0.0	0	0	0
AW25	3	100	50	0.7	null	stress	1000	0.1	activation;suppression;delay;loss;redirection	6	22666842	family_wide_maxT_fwer	0.125	0.0	0.0				0.0	0.0	0.0	0	0	0
AW25	3	100	50	0.7	null	stress	1000	0.1	activation;suppression;delay;loss;redirection	7	22667851	naive_selected_window_bh	0.125	0.0	0.0				0.0	0.0	0.0	0	0	0
AW25	3	100	50	0.7	null	stress	1000	0.1	activation;suppression;delay;loss;redirection	7	22667851	per_event_max_window_bh	0.125	0.0	0.0				0.0	0.0	0.0	0	0	0
AW25	3	100	50	0.7	null	stress	1000	0.1	activation;suppression;delay;loss;redirection	7	22667851	family_wide_maxT_fwer	0.125	0.0	0.0				0.0	0.0	0.0	0	0	0
AW25	3	100	50	0.7	null	stress	1000	0.1	activation;suppression;delay;loss;redirection	8	22668860	naive_selected_window_bh	0.125	0.0	0.0				0.0	0.0	0.0	0	0	0
AW25	3	100	50	0.7	null	stress	1000	0.1	activation;suppression;delay;loss;redirection	8	22668860	per_event_max_window_bh	0.125	0.0	0.0				0.0	0.0	0.0	0	0	0
AW25	3	100	50	0.7	null	stress	1000	0.1	activation;suppression;delay;loss;redirection	8	22668860	family_wide_maxT_fwer	0.125	0.0	0.0				0.0	0.0	0.0	0	0	0
AW25	3	100	50	0.7	null	stress	1000	0.1	activation;suppression;delay;loss;redirection	9	22669869	naive_selected_window_bh	0.125	0.0	0.0				0.0	0.0	0.0	0	0	0
AW25	3	100	50	0.7	null	stress	1000	0.1	activation;suppression;delay;loss;redirection	9	22669869	per_event_max_window_bh	0.125	0.0	0.0				0.0	0.0	0.0	0	0	0
AW25	3	100	50	0.7	null	stress	1000	0.1	activation;suppression;delay;loss;redirection	9	22669869	family_wide_maxT_fwer	0.125	0.0	0.0				0.0	0.0	0.0	0	0	0
AW25	3	100	50	0.7	null	stress	1000	0.1	activation;suppression;delay;loss;redirection	10	22670878	naive_selected_window_bh	0.125	0.0	0.0				0.0	0.0	0.0	0	0	0
AW25	3	100	50	0.7	null	stress	1000	0.1	activation;suppression;delay;loss;redirection	10	22670878	per_event_max_window_bh	0.125	0.0	0.0				0.0	0.0	0.0	0	0	0
AW25	3	100	50	0.7	null	stress	1000	0.1	activation;suppression;delay;loss;redirection	10	22670878	family_wide_maxT_fwer	0.125	0.0	0.0				0.0	0.0	0.0	0	0	0
AW25	3	100	50	0.7	null	stress	1000	0.1	activation;suppression;delay;loss;redirection	11	22671887	naive_selected_window_bh	0.125	0.0	0.0				0.0	0.0	0.0	0	0	0
AW25	3	100	50	0.7	null	stress	1000	0.1	activation;suppression;delay;loss;redirection	11	22671887	per_event_max_window_bh	0.125	0.0	0.0				0.0	0.0	0.0	0	0	0
AW25	3	100	50	0.7	null	stress	1000	0.1	activation;suppression;delay;loss;redirection	11	22671887	family_wide_maxT_fwer	0.125	0.0	0.0				0.0	0.0	0.0	0	0	0
AW26	5	100	50	0.3	weak	stress	1000	0.1	activation;suppression;delay;loss;redirection	0	22760791	naive_selected_window_bh	0.03125	0.6575342465753424	1.0	1.0	0.303728813559322	0.19728813559322034	0.63	0.0	0.63	73	48	25
AW26	5	100	50	0.3	weak	stress	1000	0.1	activation;suppression;delay;loss;redirection	0	22760791	per_event_max_window_bh	0.03125	0.0	0.0	0.0			0.0	0.25	0.0	0	0	0
AW26	5	100	50	0.3	weak	stress	1000	0.1	activation;suppression;delay;loss;redirection	0	22760791	family_wide_maxT_fwer	0.03125	0.0	0.0	0.0			0.0	0.25	0.0	0	0	0
AW26	5	100	50	0.3	weak	stress	1000	0.1	activation;suppression;delay;loss;redirection	1	22761800	naive_selected_window_bh	0.03125	0.6621621621621622	1.0	1.0	0.30237288135593215	0.20135593220338982	0.63	0.0	0.63	74	49	25
AW26	5	100	50	0.3	weak	stress	1000	0.1	activation;suppression;delay;loss;redirection	1	22761800	per_event_max_window_bh	0.03125	0.0	0.0	0.0			0.0	0.25	0.0	0	0	0
AW26	5	100	50	0.3	weak	stress	1000	0.1	activation;suppression;delay;loss;redirection	1	22761800	family_wide_maxT_fwer	0.03125	1.0	1.0	0.0			0.0	0.25	0.0	2	2	0
AW26	5	100	50	0.3	weak	stress	1000	0.1	activation;suppression;delay;loss;redirection	2	22762809	naive_selected_window_bh	0.03125	0.6621621621621622	1.0	1.0	0.2677966101694915	0.24406779661016947	0.63	0.0	0.63	74	49	25
AW26	5	100	50	0.3	weak	stress	1000	0.1	activation;suppression;delay;loss;redirection	2	22762809	per_event_max_window_bh	0.03125	0.0	0.0	0.0			0.0	0.25	0.0	0	0	0
AW26	5	100	50	0.3	weak	stress	1000	0.1	activation;suppression;delay;loss;redirection	2	22762809	family_wide_maxT_fwer	0.03125	0.75	1.0	0.04	0.38983050847457623	0.3220338983050848	0.01	0.24	0.01	4	3	1
AW26	5	100	50	0.3	weak	stress	1000	0.1	activation;suppression;delay;loss;redirection	3	22763818	naive_selected_window_bh	0.03125	0.6875	1.0	1.0	0.2949152542372881	0.2169491525423729	0.69	0.0	0.69	80	55	25
AW26	5	100	50	0.3	weak	stress	1000	0.1	activation;suppression;delay;loss;redirection	3	22763818	per_event_max_window_bh	0.03125	0.0	0.0	0.0			0.0	0.25	0.0	0	0	0
AW26	5	100	50	0.3	weak	stress	1000	0.1	activation;suppression;delay;loss;redirection	3	22763818	family_wide_maxT_fwer	0.03125	0.5555555555555556	1.0	0.16	0.4661016949152542	0.2457627118644068	0.04	0.21	0.04	9	5	4
AW26	5	100	50	0.3	weak	stress	1000	0.1	activation;suppression;delay;loss;redirection	4	22764827	naive_selected_window_bh	0.03125	0.6835443037974683	1.0	1.0	0.30847457627118646	0.19796610169491527	0.68	0.0	0.68	79	54	25
AW26	5	100	50	0.3	weak	stress	1000	0.1	activation;suppression;delay;loss;redirection	4	22764827	per_event_max_window_bh	0.03125	0.0	0.0	0.0			0.0	0.25	0.0	0	0	0
AW26	5	100	50	0.3	weak	stress	1000	0.1	activation;suppression;delay;loss;redirection	4	22764827	family_wide_maxT_fwer	0.03125	0.4	1.0	0.12	0.4745762711864407	0.23728813559322035	0.03	0.22	0.03	5	2	3
AW26	5	100	50	0.3	weak	stress	1000	0.1	activation;suppression;delay;loss;redirection	5	22765836	naive_selected_window_bh	0.03125	0.6875	1.0	1.0	0.30033898305084744	0.21559322033898304	0.69	0.0	0.69	80	55	25
AW26	5	100	50	0.3	weak	stress	1000	0.1	activation;suppression;delay;loss;redirection	5	22765836	per_event_max_window_bh	0.03125	0.0	0.0	0.0			0.0	0.25	0.0	0	0	0
AW26	5	100	50	0.3	weak	stress	1000	0.1	activation;suppression;delay;loss;redirection	5	22765836	family_wide_maxT_fwer	0.03125	0.5	1.0	0.04	0.27118644067796605	0.44067796610169496	0.01	0.24	0.01	2	1	1
AW26	5	100	50	0.3	weak	stress	1000	0.1	activation;suppression;delay;loss;redirection	6	22766845	naive_selected_window_bh	0.03125	0.6621621621621622	1.0	1.0	0.29898305084745763	0.20610169491525426	0.63	0.0	0.63	74	49	25
AW26	5	100	50	0.3	weak	stress	1000	0.1	activation;suppression;delay;loss;redirection	6	22766845	per_event_max_window_bh	0.03125	0.0	0.0	0.0			0.0	0.25	0.0	0	0	0
AW26	5	100	50	0.3	weak	stress	1000	0.1	activation;suppression;delay;loss;redirection	6	22766845	family_wide_maxT_fwer	0.03125	0.0	0.0	0.04	0.1694915254237288	0.05084745762711862	0.01	0.24	0.01	1	0	1
AW26	5	100	50	0.3	weak	stress	1000	0.1	activation;suppression;delay;loss;redirection	7	22767854	naive_selected_window_bh	0.03125	0.6753246753246753	1.0	1.0	0.3105084745762712	0.21084745762711862	0.66	0.0	0.66	77	52	25
AW26	5	100	50	0.3	weak	stress	1000	0.1	activation;suppression;delay;loss;redirection	7	22767854	per_event_max_window_bh	0.03125	0.0	0.0	0.0			0.0	0.25	0.0	0	0	0
AW26	5	100	50	0.3	weak	stress	1000	0.1	activation;suppression;delay;loss;redirection	7	22767854	family_wide_maxT_fwer	0.03125	0.5	1.0	0.04	0.38983050847457623	0.3220338983050848	0.01	0.24	0.01	2	1	1
AW26	5	100	50	0.3	weak	stress	1000	0.1	activation;suppression;delay;loss;redirection	8	22768863	naive_selected_window_bh	0.03125	0.6666666666666666	1.0	0.96	0.3043785310734463	0.24717514124293785	0.61	0.01	0.61	72	48	24
AW26	5	100	50	0.3	weak	stress	1000	0.1	activation;suppression;delay;loss;redirection	8	22768863	per_event_max_window_bh	0.03125	0.0	0.0	0.0			0.0	0.25	0.0	0	0	0
AW26	5	100	50	0.3	weak	stress	1000	0.1	activation;suppression;delay;loss;redirection	8	22768863	family_wide_maxT_fwer	0.03125	0.5	1.0	0.04	0.22033898305084743	0.05084745762711862	0.01	0.24	0.01	2	1	1
AW26	5	100	50	0.3	weak	stress	1000	0.1	activation;suppression;delay;loss;redirection	9	22769872	naive_selected_window_bh	0.03125	0.6835443037974683	1.0	1.0	0.3016949152542373	0.23728813559322035	0.68	0.0	0.68	79	54	25
AW26	5	100	50	0.3	weak	stress	1000	0.1	activation;suppression;delay;loss;redirection	9	22769872	per_event_max_window_bh	0.03125	0.0	0.0	0.0			0.0	0.25	0.0	0	0	0
AW26	5	100	50	0.3	weak	stress	1000	0.1	activation;suppression;delay;loss;redirection	9	22769872	family_wide_maxT_fwer	0.03125	1.0	1.0	0.0			0.0	0.25	0.0	1	1	0
AW26	5	100	50	0.3	weak	stress	1000	0.1	activation;suppression;delay;loss;redirection	10	22770881	naive_selected_window_bh	0.03125	0.6621621621621622	1.0	1.0	0.29016949152542376	0.20813559322033895	0.63	0.0	0.63	74	49	25
AW26	5	100	50	0.3	weak	stress	1000	0.1	activation;suppression;delay;loss;redirection	10	22770881	per_event_max_window_bh	0.03125	0.0	0.0	0.0			0.0	0.25	0.0	0	0	0
AW26	5	100	50	0.3	weak	stress	1000	0.1	activation;suppression;delay;loss;redirection	10	22770881	family_wide_maxT_fwer	0.03125	0.5	1.0	0.04	0.6101694915254238	0.10169491525423724	0.01	0.24	0.01	2	1	1
AW26	5	100	50	0.3	weak	stress	1000	0.1	activation;suppression;delay;loss;redirection	11	22771890	naive_selected_window_bh	0.03125	0.7023809523809523	1.0	1.0	0.26711864406779656	0.20677966101694914	0.73	0.0	0.73	84	59	25
AW26	5	100	50	0.3	weak	stress	1000	0.1	activation;suppression;delay;loss;redirection	11	22771890	per_event_max_window_bh	0.03125	0.0	0.0	0.0			0.0	0.25	0.0	0	0	0
AW26	5	100	50	0.3	weak	stress	1000	0.1	activation;suppression;delay;loss;redirection	11	22771890	family_wide_maxT_fwer	0.03125	0.75	1.0	0.08	0.3389830508474576	0.1271186440677966	0.02	0.23	0.02	8	6	2
AW27	10	100	50	0.0	moderate	batch_time	1000	0.1	activation;suppression;delay;loss;redirection	0	22860794	naive_selected_window_bh	0.0009765625	0.6212121212121212	1.0	1.0	0.28474576271186436	0.21355932203389827	0.41	0.0	0.66	66	41	25
AW27	10	100	50	0.0	moderate	batch_time	1000	0.1	activation;suppression;delay;loss;redirection	0	22860794	per_event_max_window_bh	0.0009765625	0.038461538461538464	1.0	1.0	0.28474576271186436	0.21355932203389827	0.01	0.0	0.26	26	1	25
AW27	10	100	50	0.0	moderate	batch_time	1000	0.1	activation;suppression;delay;loss;redirection	0	22860794	family_wide_maxT_fwer	0.0009765625	0.0	0.0	1.0	0.28474576271186436	0.21355932203389827	0.0	0.0	0.25	25	0	25
AW27	10	100	50	0.0	moderate	batch_time	1000	0.1	activation;suppression;delay;loss;redirection	1	22861803	naive_selected_window_bh	0.0009765625	0.6323529411764706	1.0	1.0	0.28067796610169493	0.22576271186440677	0.41	0.0	0.66	68	43	25
AW27	10	100	50	0.0	moderate	batch_time	1000	0.1	activation;suppression;delay;loss;redirection	1	22861803	per_event_max_window_bh	0.0009765625	0.13793103448275862	1.0	1.0	0.28067796610169493	0.22576271186440677	0.04	0.0	0.29	29	4	25
AW27	10	100	50	0.0	moderate	batch_time	1000	0.1	activation;suppression;delay;loss;redirection	1	22861803	family_wide_maxT_fwer	0.0009765625	0.0	0.0	1.0	0.28067796610169493	0.22576271186440677	0.0	0.0	0.25	25	0	25
AW27	10	100	50	0.0	moderate	batch_time	1000	0.1	activation;suppression;delay;loss;redirection	2	22862812	naive_selected_window_bh	0.0009765625	0.647887323943662	1.0	1.0	0.288135593220339	0.18983050847457628	0.44	0.0	0.69	71	46	25
AW27	10	100	50	0.0	moderate	batch_time	1000	0.1	activation;suppression;delay;loss;redirection	2	22862812	per_event_max_window_bh	0.0009765625	0.13793103448275862	1.0	1.0	0.288135593220339	0.18983050847457628	0.03	0.0	0.28	29	4	25
AW27	10	100	50	0.0	moderate	batch_time	1000	0.1	activation;suppression;delay;loss;redirection	2	22862812	family_wide_maxT_fwer	0.0009765625	0.0	0.0	1.0	0.288135593220339	0.18983050847457628	0.0	0.0	0.25	25	0	25
AW27	10	100	50	0.0	moderate	batch_time	1000	0.1	activation;suppression;delay;loss;redirection	3	22863821	naive_selected_window_bh	0.0009765625	0.6710526315789473	1.0	1.0	0.3010169491525424	0.20949152542372879	0.47	0.0	0.72	76	51	25
AW27	10	100	50	0.0	moderate	batch_time	1000	0.1	activation;suppression;delay;loss;redirection	3	22863821	per_event_max_window_bh	0.0009765625	0.038461538461538464	1.0	1.0	0.3010169491525424	0.20949152542372879	0.01	0.0	0.26	26	1	25
AW27	10	100	50	0.0	moderate	batch_time	1000	0.1	activation;suppression;delay;loss;redirection	3	22863821	family_wide_maxT_fwer	0.0009765625	0.0	0.0	1.0	0.3010169491525424	0.20949152542372879	0.0	0.0	0.25	25	0	25
AW27	10	100	50	0.0	moderate	batch_time	1000	0.1	activation;suppression;delay;loss;redirection	4	22864830	naive_selected_window_bh	0.0009765625	0.6794871794871795	1.0	1.0	0.29762711864406777	0.18847457627118647	0.5	0.0	0.75	78	53	25
AW27	10	100	50	0.0	moderate	batch_time	1000	0.1	activation;suppression;delay;loss;redirection	4	22864830	per_event_max_window_bh	0.0009765625	0.07407407407407407	1.0	1.0	0.29762711864406777	0.18847457627118647	0.01	0.0	0.26	27	2	25
AW27	10	100	50	0.0	moderate	batch_time	1000	0.1	activation;suppression;delay;loss;redirection	4	22864830	family_wide_maxT_fwer	0.0009765625	0.0	0.0	1.0	0.29762711864406777	0.18847457627118647	0.0	0.0	0.25	25	0	25
AW27	10	100	50	0.0	moderate	batch_time	1000	0.1	activation;suppression;delay;loss;redirection	5	22865839	naive_selected_window_bh	0.0009765625	0.6875	1.0	1.0	0.31118644067796614	0.20338983050847456	0.54	0.0	0.79	80	55	25
AW27	10	100	50	0.0	moderate	batch_time	1000	0.1	activation;suppression;delay;loss;redirection	5	22865839	per_event_max_window_bh	0.0009765625	0.07407407407407407	1.0	1.0	0.31118644067796614	0.20338983050847456	0.02	0.0	0.27	27	2	25
AW27	10	100	50	0.0	moderate	batch_time	1000	0.1	activation;suppression;delay;loss;redirection	5	22865839	family_wide_maxT_fwer	0.0009765625	0.0	0.0	1.0	0.31118644067796614	0.20338983050847456	0.0	0.0	0.25	25	0	25
AW27	10	100	50	0.0	moderate	batch_time	1000	0.1	activation;suppression;delay;loss;redirection	6	22866848	naive_selected_window_bh	0.0009765625	0.6875	1.0	1.0	0.3410169491525423	0.17627118644067796	0.52	0.0	0.77	80	55	25
AW27	10	100	50	0.0	moderate	batch_time	1000	0.1	activation;suppression;delay;loss;redirection	6	22866848	per_event_max_window_bh	0.0009765625	0.07407407407407407	1.0	1.0	0.3410169491525423	0.17627118644067796	0.02	0.0	0.27	27	2	25
AW27	10	100	50	0.0	moderate	batch_time	1000	0.1	activation;suppression;delay;loss;redirection	6	22866848	family_wide_maxT_fwer	0.0009765625	0.0	0.0	1.0	0.3410169491525423	0.17627118644067796	0.0	0.0	0.25	25	0	25
AW27	10	100	50	0.0	moderate	batch_time	1000	0.1	activation;suppression;delay;loss;redirection	7	22867857	naive_selected_window_bh	0.0009765625	0.609375	1.0	1.0	0.36406779661016947	0.17627118644067796	0.37	0.0	0.62	64	39	25
AW27	10	100	50	0.0	moderate	batch_time	1000	0.1	activation;suppression;delay;loss;redirection	7	22867857	per_event_max_window_bh	0.0009765625	0.13793103448275862	1.0	1.0	0.36406779661016947	0.17627118644067796	0.03	0.0	0.28	29	4	25
AW27	10	100	50	0.0	moderate	batch_time	1000	0.1	activation;suppression;delay;loss;redirection	7	22867857	family_wide_maxT_fwer	0.0009765625	0.04	1.0	0.96	0.3721751412429379	0.18361581920903958	0.01	0.01	0.25	25	1	24
AW27	10	100	50	0.0	moderate	batch_time	1000	0.1	activation;suppression;delay;loss;redirection	8	22868866	naive_selected_window_bh	0.0009765625	0.6621621621621622	1.0	1.0	0.3213559322033898	0.18372881355932205	0.47	0.0	0.72	74	49	25
AW27	10	100	50	0.0	moderate	batch_time	1000	0.1	activation;suppression;delay;loss;redirection	8	22868866	per_event_max_window_bh	0.0009765625	0.10714285714285714	1.0	1.0	0.3213559322033898	0.18372881355932205	0.03	0.0	0.28	28	3	25
AW27	10	100	50	0.0	moderate	batch_time	1000	0.1	activation;suppression;delay;loss;redirection	8	22868866	family_wide_maxT_fwer	0.0009765625	0.038461538461538464	1.0	1.0	0.3213559322033898	0.18372881355932205	0.01	0.0	0.26	26	1	25
AW27	10	100	50	0.0	moderate	batch_time	1000	0.1	activation;suppression;delay;loss;redirection	9	22869875	naive_selected_window_bh	0.0009765625	0.6323529411764706	1.0	1.0	0.256271186440678	0.24610169491525422	0.42	0.0	0.67	68	43	25
AW27	10	100	50	0.0	moderate	batch_time	1000	0.1	activation;suppression;delay;loss;redirection	9	22869875	per_event_max_window_bh	0.0009765625	0.1935483870967742	1.0	1.0	0.256271186440678	0.24610169491525422	0.06	0.0	0.31	31	6	25
AW27	10	100	50	0.0	moderate	batch_time	1000	0.1	activation;suppression;delay;loss;redirection	9	22869875	family_wide_maxT_fwer	0.0009765625	0.0	0.0	1.0	0.256271186440678	0.24610169491525422	0.0	0.0	0.25	25	0	25
AW27	10	100	50	0.0	moderate	batch_time	1000	0.1	activation;suppression;delay;loss;redirection	10	22870884	naive_selected_window_bh	0.0009765625	0.6621621621621622	1.0	1.0	0.29966101694915254	0.18644067796610167	0.46	0.0	0.71	74	49	25
AW27	10	100	50	0.0	moderate	batch_time	1000	0.1	activation;suppression;delay;loss;redirection	10	22870884	per_event_max_window_bh	0.0009765625	0.07407407407407407	1.0	1.0	0.29966101694915254	0.18644067796610167	0.02	0.0	0.27	27	2	25
AW27	10	100	50	0.0	moderate	batch_time	1000	0.1	activation;suppression;delay;loss;redirection	10	22870884	family_wide_maxT_fwer	0.0009765625	0.0	0.0	0.96	0.3008474576271187	0.18997175141242936	0.0	0.01	0.24	24	0	24
AW27	10	100	50	0.0	moderate	batch_time	1000	0.1	activation;suppression;delay;loss;redirection	11	22871893	naive_selected_window_bh	0.0009765625	0.6666666666666666	1.0	1.0	0.26169491525423727	0.27864406779661016	0.48	0.0	0.73	75	50	25
AW27	10	100	50	0.0	moderate	batch_time	1000	0.1	activation;suppression;delay;loss;redirection	11	22871893	per_event_max_window_bh	0.0009765625	0.038461538461538464	1.0	1.0	0.26169491525423727	0.27864406779661016	0.01	0.0	0.26	26	1	25
AW27	10	100	50	0.0	moderate	batch_time	1000	0.1	activation;suppression;delay;loss;redirection	11	22871893	family_wide_maxT_fwer	0.0009765625	0.0	0.0	1.0	0.26169491525423727	0.27864406779661016	0.0	0.0	0.25	25	0	25
AW28	3	20	10	0.0	strong	batch_time	1000	0.1	activation;suppression;delay;loss;redirection	0	22960797	naive_selected_window_bh	0.125	0.0	0.0	0.0			0.0	0.25	0.0	0	0	0
AW28	3	20	10	0.0	strong	batch_time	1000	0.1	activation;suppression;delay;loss;redirection	0	22960797	per_event_max_window_bh	0.125	0.0	0.0	0.0			0.0	0.25	0.0	0	0	0
AW28	3	20	10	0.0	strong	batch_time	1000	0.1	activation;suppression;delay;loss;redirection	0	22960797	family_wide_maxT_fwer	0.125	0.0	0.0	0.0			0.0	0.25	0.0	0	0	0
AW28	3	20	10	0.0	strong	batch_time	1000	0.1	activation;suppression;delay;loss;redirection	1	22961806	naive_selected_window_bh	0.125	0.0	0.0	0.0			0.0	0.25	0.0	0	0	0
AW28	3	20	10	0.0	strong	batch_time	1000	0.1	activation;suppression;delay;loss;redirection	1	22961806	per_event_max_window_bh	0.125	0.0	0.0	0.0			0.0	0.25	0.0	0	0	0
AW28	3	20	10	0.0	strong	batch_time	1000	0.1	activation;suppression;delay;loss;redirection	1	22961806	family_wide_maxT_fwer	0.125	0.0	0.0	0.0			0.0	0.25	0.0	0	0	0
AW28	3	20	10	0.0	strong	batch_time	1000	0.1	activation;suppression;delay;loss;redirection	2	22962815	naive_selected_window_bh	0.125	0.0	0.0	0.0			0.0	0.25	0.0	0	0	0
AW28	3	20	10	0.0	strong	batch_time	1000	0.1	activation;suppression;delay;loss;redirection	2	22962815	per_event_max_window_bh	0.125	0.0	0.0	0.0			0.0	0.25	0.0	0	0	0
AW28	3	20	10	0.0	strong	batch_time	1000	0.1	activation;suppression;delay;loss;redirection	2	22962815	family_wide_maxT_fwer	0.125	0.0	0.0	0.0			0.0	0.25	0.0	0	0	0
AW28	3	20	10	0.0	strong	batch_time	1000	0.1	activation;suppression;delay;loss;redirection	3	22963824	naive_selected_window_bh	0.125	0.0	0.0	0.0			0.0	0.25	0.0	0	0	0
AW28	3	20	10	0.0	strong	batch_time	1000	0.1	activation;suppression;delay;loss;redirection	3	22963824	per_event_max_window_bh	0.125	0.0	0.0	0.0			0.0	0.25	0.0	0	0	0
AW28	3	20	10	0.0	strong	batch_time	1000	0.1	activation;suppression;delay;loss;redirection	3	22963824	family_wide_maxT_fwer	0.125	0.0	0.0	0.0			0.0	0.25	0.0	0	0	0
AW28	3	20	10	0.0	strong	batch_time	1000	0.1	activation;suppression;delay;loss;redirection	4	22964833	naive_selected_window_bh	0.125	0.0	0.0	0.0			0.0	0.25	0.0	0	0	0
AW28	3	20	10	0.0	strong	batch_time	1000	0.1	activation;suppression;delay;loss;redirection	4	22964833	per_event_max_window_bh	0.125	0.0	0.0	0.0			0.0	0.25	0.0	0	0	0
AW28	3	20	10	0.0	strong	batch_time	1000	0.1	activation;suppression;delay;loss;redirection	4	22964833	family_wide_maxT_fwer	0.125	0.0	0.0	0.0			0.0	0.25	0.0	0	0	0
AW28	3	20	10	0.0	strong	batch_time	1000	0.1	activation;suppression;delay;loss;redirection	5	22965842	naive_selected_window_bh	0.125	0.0	0.0	0.0			0.0	0.25	0.0	0	0	0
AW28	3	20	10	0.0	strong	batch_time	1000	0.1	activation;suppression;delay;loss;redirection	5	22965842	per_event_max_window_bh	0.125	0.0	0.0	0.0			0.0	0.25	0.0	0	0	0
AW28	3	20	10	0.0	strong	batch_time	1000	0.1	activation;suppression;delay;loss;redirection	5	22965842	family_wide_maxT_fwer	0.125	0.0	0.0	0.0			0.0	0.25	0.0	0	0	0
AW28	3	20	10	0.0	strong	batch_time	1000	0.1	activation;suppression;delay;loss;redirection	6	22966851	naive_selected_window_bh	0.125	0.0	0.0	0.0			0.0	0.25	0.0	0	0	0
AW28	3	20	10	0.0	strong	batch_time	1000	0.1	activation;suppression;delay;loss;redirection	6	22966851	per_event_max_window_bh	0.125	0.0	0.0	0.0			0.0	0.25	0.0	0	0	0
AW28	3	20	10	0.0	strong	batch_time	1000	0.1	activation;suppression;delay;loss;redirection	6	22966851	family_wide_maxT_fwer	0.125	0.0	0.0	0.0			0.0	0.25	0.0	0	0	0
AW28	3	20	10	0.0	strong	batch_time	1000	0.1	activation;suppression;delay;loss;redirection	7	22967860	naive_selected_window_bh	0.125	0.0	0.0	0.0			0.0	0.25	0.0	0	0	0
AW28	3	20	10	0.0	strong	batch_time	1000	0.1	activation;suppression;delay;loss;redirection	7	22967860	per_event_max_window_bh	0.125	0.0	0.0	0.0			0.0	0.25	0.0	0	0	0
AW28	3	20	10	0.0	strong	batch_time	1000	0.1	activation;suppression;delay;loss;redirection	7	22967860	family_wide_maxT_fwer	0.125	0.0	0.0	0.0			0.0	0.25	0.0	0	0	0
AW28	3	20	10	0.0	strong	batch_time	1000	0.1	activation;suppression;delay;loss;redirection	8	22968869	naive_selected_window_bh	0.125	0.0	0.0	0.0			0.0	0.25	0.0	0	0	0
AW28	3	20	10	0.0	strong	batch_time	1000	0.1	activation;suppression;delay;loss;redirection	8	22968869	per_event_max_window_bh	0.125	0.0	0.0	0.0			0.0	0.25	0.0	0	0	0
AW28	3	20	10	0.0	strong	batch_time	1000	0.1	activation;suppression;delay;loss;redirection	8	22968869	family_wide_maxT_fwer	0.125	0.0	0.0	0.0			0.0	0.25	0.0	0	0	0
AW28	3	20	10	0.0	strong	batch_time	1000	0.1	activation;suppression;delay;loss;redirection	9	22969878	naive_selected_window_bh	0.125	0.0	0.0	0.0			0.0	0.25	0.0	0	0	0
AW28	3	20	10	0.0	strong	batch_time	1000	0.1	activation;suppression;delay;loss;redirection	9	22969878	per_event_max_window_bh	0.125	0.0	0.0	0.0			0.0	0.25	0.0	0	0	0
AW28	3	20	10	0.0	strong	batch_time	1000	0.1	activation;suppression;delay;loss;redirection	9	22969878	family_wide_maxT_fwer	0.125	0.0	0.0	0.0			0.0	0.25	0.0	0	0	0
AW28	3	20	10	0.0	strong	batch_time	1000	0.1	activation;suppression;delay;loss;redirection	10	22970887	naive_selected_window_bh	0.125	0.0	0.0	0.0			0.0	0.25	0.0	0	0	0
AW28	3	20	10	0.0	strong	batch_time	1000	0.1	activation;suppression;delay;loss;redirection	10	22970887	per_event_max_window_bh	0.125	0.0	0.0	0.0			0.0	0.25	0.0	0	0	0
AW28	3	20	10	0.0	strong	batch_time	1000	0.1	activation;suppression;delay;loss;redirection	10	22970887	family_wide_maxT_fwer	0.125	0.0	0.0	0.0			0.0	0.25	0.0	0	0	0
AW28	3	20	10	0.0	strong	batch_time	1000	0.1	activation;suppression;delay;loss;redirection	11	22971896	naive_selected_window_bh	0.125	0.0	0.0	0.0			0.0	0.25	0.0	0	0	0
AW28	3	20	10	0.0	strong	batch_time	1000	0.1	activation;suppression;delay;loss;redirection	11	22971896	per_event_max_window_bh	0.125	0.0	0.0	0.0			0.0	0.25	0.0	0	0	0
AW28	3	20	10	0.0	strong	batch_time	1000	0.1	activation;suppression;delay;loss;redirection	11	22971896	family_wide_maxT_fwer	0.125	0.0	0.0	0.0			0.0	0.25	0.0	0	0	0
AW29	5	20	10	0.7	null	missing_intermediates	1000	0.1	activation;suppression;delay;loss;redirection	0	23060800	naive_selected_window_bh	0.03125	0.0	0.0				0.0	0.0	0.0	0	0	0
AW29	5	20	10	0.7	null	missing_intermediates	1000	0.1	activation;suppression;delay;loss;redirection	0	23060800	per_event_max_window_bh	0.03125	0.0	0.0				0.0	0.0	0.0	0	0	0
AW29	5	20	10	0.7	null	missing_intermediates	1000	0.1	activation;suppression;delay;loss;redirection	0	23060800	family_wide_maxT_fwer	0.03125	0.0	0.0				0.0	0.0	0.0	0	0	0
AW29	5	20	10	0.7	null	missing_intermediates	1000	0.1	activation;suppression;delay;loss;redirection	1	23061809	naive_selected_window_bh	0.03125	0.0	0.0				0.0	0.0	0.0	0	0	0
AW29	5	20	10	0.7	null	missing_intermediates	1000	0.1	activation;suppression;delay;loss;redirection	1	23061809	per_event_max_window_bh	0.03125	0.0	0.0				0.0	0.0	0.0	0	0	0
AW29	5	20	10	0.7	null	missing_intermediates	1000	0.1	activation;suppression;delay;loss;redirection	1	23061809	family_wide_maxT_fwer	0.03125	0.0	0.0				0.0	0.0	0.0	0	0	0
AW29	5	20	10	0.7	null	missing_intermediates	1000	0.1	activation;suppression;delay;loss;redirection	2	23062818	naive_selected_window_bh	0.03125	0.0	0.0				0.0	0.0	0.0	0	0	0
AW29	5	20	10	0.7	null	missing_intermediates	1000	0.1	activation;suppression;delay;loss;redirection	2	23062818	per_event_max_window_bh	0.03125	0.0	0.0				0.0	0.0	0.0	0	0	0
AW29	5	20	10	0.7	null	missing_intermediates	1000	0.1	activation;suppression;delay;loss;redirection	2	23062818	family_wide_maxT_fwer	0.03125	1.0	1.0				0.05	0.0	0.05	1	1	0
AW29	5	20	10	0.7	null	missing_intermediates	1000	0.1	activation;suppression;delay;loss;redirection	3	23063827	naive_selected_window_bh	0.03125	0.0	0.0				0.0	0.0	0.0	0	0	0
AW29	5	20	10	0.7	null	missing_intermediates	1000	0.1	activation;suppression;delay;loss;redirection	3	23063827	per_event_max_window_bh	0.03125	0.0	0.0				0.0	0.0	0.0	0	0	0
AW29	5	20	10	0.7	null	missing_intermediates	1000	0.1	activation;suppression;delay;loss;redirection	3	23063827	family_wide_maxT_fwer	0.03125	0.0	0.0				0.0	0.0	0.0	0	0	0
AW29	5	20	10	0.7	null	missing_intermediates	1000	0.1	activation;suppression;delay;loss;redirection	4	23064836	naive_selected_window_bh	0.03125	0.0	0.0				0.0	0.0	0.0	0	0	0
AW29	5	20	10	0.7	null	missing_intermediates	1000	0.1	activation;suppression;delay;loss;redirection	4	23064836	per_event_max_window_bh	0.03125	0.0	0.0				0.0	0.0	0.0	0	0	0
AW29	5	20	10	0.7	null	missing_intermediates	1000	0.1	activation;suppression;delay;loss;redirection	4	23064836	family_wide_maxT_fwer	0.03125	0.0	0.0				0.0	0.0	0.0	0	0	0
AW29	5	20	10	0.7	null	missing_intermediates	1000	0.1	activation;suppression;delay;loss;redirection	5	23065845	naive_selected_window_bh	0.03125	0.0	0.0				0.0	0.0	0.0	0	0	0
AW29	5	20	10	0.7	null	missing_intermediates	1000	0.1	activation;suppression;delay;loss;redirection	5	23065845	per_event_max_window_bh	0.03125	0.0	0.0				0.0	0.0	0.0	0	0	0
AW29	5	20	10	0.7	null	missing_intermediates	1000	0.1	activation;suppression;delay;loss;redirection	5	23065845	family_wide_maxT_fwer	0.03125	0.0	0.0				0.0	0.0	0.0	0	0	0
AW29	5	20	10	0.7	null	missing_intermediates	1000	0.1	activation;suppression;delay;loss;redirection	6	23066854	naive_selected_window_bh	0.03125	0.0	0.0				0.0	0.0	0.0	0	0	0
AW29	5	20	10	0.7	null	missing_intermediates	1000	0.1	activation;suppression;delay;loss;redirection	6	23066854	per_event_max_window_bh	0.03125	0.0	0.0				0.0	0.0	0.0	0	0	0
AW29	5	20	10	0.7	null	missing_intermediates	1000	0.1	activation;suppression;delay;loss;redirection	6	23066854	family_wide_maxT_fwer	0.03125	0.0	0.0				0.0	0.0	0.0	0	0	0
AW29	5	20	10	0.7	null	missing_intermediates	1000	0.1	activation;suppression;delay;loss;redirection	7	23067863	naive_selected_window_bh	0.03125	0.0	0.0				0.0	0.0	0.0	0	0	0
AW29	5	20	10	0.7	null	missing_intermediates	1000	0.1	activation;suppression;delay;loss;redirection	7	23067863	per_event_max_window_bh	0.03125	0.0	0.0				0.0	0.0	0.0	0	0	0
AW29	5	20	10	0.7	null	missing_intermediates	1000	0.1	activation;suppression;delay;loss;redirection	7	23067863	family_wide_maxT_fwer	0.03125	0.0	0.0				0.0	0.0	0.0	0	0	0
AW29	5	20	10	0.7	null	missing_intermediates	1000	0.1	activation;suppression;delay;loss;redirection	8	23068872	naive_selected_window_bh	0.03125	0.0	0.0				0.0	0.0	0.0	0	0	0
AW29	5	20	10	0.7	null	missing_intermediates	1000	0.1	activation;suppression;delay;loss;redirection	8	23068872	per_event_max_window_bh	0.03125	0.0	0.0				0.0	0.0	0.0	0	0	0
AW29	5	20	10	0.7	null	missing_intermediates	1000	0.1	activation;suppression;delay;loss;redirection	8	23068872	family_wide_maxT_fwer	0.03125	0.0	0.0				0.0	0.0	0.0	0	0	0
AW29	5	20	10	0.7	null	missing_intermediates	1000	0.1	activation;suppression;delay;loss;redirection	9	23069881	naive_selected_window_bh	0.03125	0.0	0.0				0.0	0.0	0.0	0	0	0
AW29	5	20	10	0.7	null	missing_intermediates	1000	0.1	activation;suppression;delay;loss;redirection	9	23069881	per_event_max_window_bh	0.03125	0.0	0.0				0.0	0.0	0.0	0	0	0
AW29	5	20	10	0.7	null	missing_intermediates	1000	0.1	activation;suppression;delay;loss;redirection	9	23069881	family_wide_maxT_fwer	0.03125	0.0	0.0				0.0	0.0	0.0	0	0	0
AW29	5	20	10	0.7	null	missing_intermediates	1000	0.1	activation;suppression;delay;loss;redirection	10	23070890	naive_selected_window_bh	0.03125	0.0	0.0				0.0	0.0	0.0	0	0	0
AW29	5	20	10	0.7	null	missing_intermediates	1000	0.1	activation;suppression;delay;loss;redirection	10	23070890	per_event_max_window_bh	0.03125	0.0	0.0				0.0	0.0	0.0	0	0	0
AW29	5	20	10	0.7	null	missing_intermediates	1000	0.1	activation;suppression;delay;loss;redirection	10	23070890	family_wide_maxT_fwer	0.03125	1.0	1.0				0.05	0.0	0.05	1	1	0
AW29	5	20	10	0.7	null	missing_intermediates	1000	0.1	activation;suppression;delay;loss;redirection	11	23071899	naive_selected_window_bh	0.03125	0.0	0.0				0.0	0.0	0.0	0	0	0
AW29	5	20	10	0.7	null	missing_intermediates	1000	0.1	activation;suppression;delay;loss;redirection	11	23071899	per_event_max_window_bh	0.03125	0.0	0.0				0.0	0.0	0.0	0	0	0
AW29	5	20	10	0.7	null	missing_intermediates	1000	0.1	activation;suppression;delay;loss;redirection	11	23071899	family_wide_maxT_fwer	0.03125	0.0	0.0				0.0	0.0	0.0	0	0	0
AW30	10	20	10	0.3	weak	missing_intermediates	5000	0.1	activation;suppression;delay;loss;redirection	0	23160803	naive_selected_window_bh	0.0009765625	0.6428571428571429	1.0	1.0	0.26101694915254237	0.22372881355932206	0.6	0.0	0.6	14	9	5
AW30	10	20	10	0.3	weak	missing_intermediates	5000	0.1	activation;suppression;delay;loss;redirection	0	23160803	per_event_max_window_bh	0.0009765625	0.16666666666666666	1.0	1.0	0.26101694915254237	0.22372881355932206	0.3	0.0	0.3	6	1	5
AW30	10	20	10	0.3	weak	missing_intermediates	5000	0.1	activation;suppression;delay;loss;redirection	0	23160803	family_wide_maxT_fwer	0.0009765625	0.0	0.0	1.0	0.26101694915254237	0.22372881355932206	0.25	0.0	0.25	5	0	5
AW30	10	20	10	0.3	weak	missing_intermediates	5000	0.1	activation;suppression;delay;loss;redirection	1	23161812	naive_selected_window_bh	0.0009765625	0.5	1.0	1.0	0.3694915254237289	0.14915254237288136	0.5	0.0	0.5	10	5	5
AW30	10	20	10	0.3	weak	missing_intermediates	5000	0.1	activation;suppression;delay;loss;redirection	1	23161812	per_event_max_window_bh	0.0009765625	0.2857142857142857	1.0	1.0	0.3694915254237289	0.14915254237288136	0.35	0.0	0.35	7	2	5
AW30	10	20	10	0.3	weak	missing_intermediates	5000	0.1	activation;suppression;delay;loss;redirection	1	23161812	family_wide_maxT_fwer	0.0009765625	0.0	0.0	0.8	0.39830508474576276	0.17796610169491525	0.2	0.05	0.2	4	0	4
AW30	10	20	10	0.3	weak	missing_intermediates	5000	0.1	activation;suppression;delay;loss;redirection	2	23162821	naive_selected_window_bh	0.0009765625	0.16666666666666666	1.0	1.0	0.18983050847457625	0.2813559322033898	0.3	0.0	0.3	6	1	5
AW30	10	20	10	0.3	weak	missing_intermediates	5000	0.1	activation;suppression;delay;loss;redirection	2	23162821	per_event_max_window_bh	0.0009765625	0.0	0.0	1.0	0.18983050847457625	0.2813559322033898	0.25	0.0	0.25	5	0	5
AW30	10	20	10	0.3	weak	missing_intermediates	5000	0.1	activation;suppression;delay;loss;redirection	2	23162821	family_wide_maxT_fwer	0.0009765625	0.0	0.0	1.0	0.18983050847457625	0.2813559322033898	0.25	0.0	0.25	5	0	5
AW30	10	20	10	0.3	weak	missing_intermediates	5000	0.1	activation;suppression;delay;loss;redirection	3	23163830	naive_selected_window_bh	0.0009765625	0.375	1.0	1.0	0.3016949152542373	0.16949152542372883	0.4	0.0	0.4	8	3	5
AW30	10	20	10	0.3	weak	missing_intermediates	5000	0.1	activation;suppression;delay;loss;redirection	3	23163830	per_event_max_window_bh	0.0009765625	0.0	0.0	1.0	0.3016949152542373	0.16949152542372883	0.25	0.0	0.25	5	0	5
AW30	10	20	10	0.3	weak	missing_intermediates	5000	0.1	activation;suppression;delay;loss;redirection	3	23163830	family_wide_maxT_fwer	0.0009765625	0.0	0.0	1.0	0.3016949152542373	0.16949152542372883	0.25	0.0	0.25	5	0	5
AW30	10	20	10	0.3	weak	missing_intermediates	5000	0.1	activation;suppression;delay;loss;redirection	4	23164839	naive_selected_window_bh	0.0009765625	0.2857142857142857	1.0	1.0	0.35593220338983056	0.1152542372881356	0.35	0.0	0.35	7	2	5
AW30	10	20	10	0.3	weak	missing_intermediates	5000	0.1	activation;suppression;delay;loss;redirection	4	23164839	per_event_max_window_bh	0.0009765625	0.0	0.0	1.0	0.35593220338983056	0.1152542372881356	0.25	0.0	0.25	5	0	5
AW30	10	20	10	0.3	weak	missing_intermediates	5000	0.1	activation;suppression;delay;loss;redirection	4	23164839	family_wide_maxT_fwer	0.0009765625	0.0	0.0	0.8	0.40254237288135597	0.13135593220338984	0.2	0.05	0.2	4	0	4
AW30	10	20	10	0.3	weak	missing_intermediates	5000	0.1	activation;suppression;delay;loss;redirection	5	23165848	naive_selected_window_bh	0.0009765625	0.375	1.0	1.0	0.29830508474576267	0.18644067796610173	0.4	0.0	0.4	8	3	5
AW30	10	20	10	0.3	weak	missing_intermediates	5000	0.1	activation;suppression;delay;loss;redirection	5	23165848	per_event_max_window_bh	0.0009765625	0.16666666666666666	1.0	1.0	0.29830508474576267	0.18644067796610173	0.3	0.0	0.3	6	1	5
AW30	10	20	10	0.3	weak	missing_intermediates	5000	0.1	activation;suppression;delay;loss;redirection	5	23165848	family_wide_maxT_fwer	0.0009765625	0.0	0.0	0.8	0.33050847457627114	0.23305084745762716	0.2	0.05	0.2	4	0	4
AW30	10	20	10	0.3	weak	missing_intermediates	5000	0.1	activation;suppression;delay;loss;redirection	6	23166857	naive_selected_window_bh	0.0009765625	0.2857142857142857	1.0	1.0	0.3525423728813559	0.1322033898305085	0.35	0.0	0.35	7	2	5
AW30	10	20	10	0.3	weak	missing_intermediates	5000	0.1	activation;suppression;delay;loss;redirection	6	23166857	per_event_max_window_bh	0.0009765625	0.0	0.0	1.0	0.3525423728813559	0.1322033898305085	0.25	0.0	0.25	5	0	5
AW30	10	20	10	0.3	weak	missing_intermediates	5000	0.1	activation;suppression;delay;loss;redirection	6	23166857	family_wide_maxT_fwer	0.0009765625	0.0	0.0	0.8	0.423728813559322	0.1398305084745763	0.2	0.05	0.2	4	0	4
AW30	10	20	10	0.3	weak	missing_intermediates	5000	0.1	activation;suppression;delay;loss;redirection	7	23167866	naive_selected_window_bh	0.0009765625	0.5	1.0	1.0	0.335593220338983	0.1491525423728814	0.4	0.0	0.4	10	5	5
AW30	10	20	10	0.3	weak	missing_intermediates	5000	0.1	activation;suppression;delay;loss;redirection	7	23167866	per_event_max_window_bh	0.0009765625	0.0	0.0	1.0	0.335593220338983	0.1491525423728814	0.25	0.0	0.25	5	0	5
AW30	10	20	10	0.3	weak	missing_intermediates	5000	0.1	activation;suppression;delay;loss;redirection	7	23167866	family_wide_maxT_fwer	0.0009765625	0.0	0.0	0.8	0.37711864406779655	0.18644067796610173	0.2	0.05	0.2	4	0	4
AW30	10	20	10	0.3	weak	missing_intermediates	5000	0.1	activation;suppression;delay;loss;redirection	8	23168875	naive_selected_window_bh	0.0009765625	0.6153846153846154	1.0	1.0	0.335593220338983	0.13559322033898308	0.55	0.0	0.55	13	8	5
AW30	10	20	10	0.3	weak	missing_intermediates	5000	0.1	activation;suppression;delay;loss;redirection	8	23168875	per_event_max_window_bh	0.0009765625	0.16666666666666666	1.0	1.0	0.335593220338983	0.13559322033898308	0.25	0.0	0.25	6	1	5
AW30	10	20	10	0.3	weak	missing_intermediates	5000	0.1	activation;suppression;delay;loss;redirection	8	23168875	family_wide_maxT_fwer	0.0009765625	0.0	0.0	1.0	0.335593220338983	0.13559322033898308	0.25	0.0	0.25	5	0	5
AW30	10	20	10	0.3	weak	missing_intermediates	5000	0.1	activation;suppression;delay;loss;redirection	9	23169884	naive_selected_window_bh	0.0009765625	0.5833333333333334	1.0	1.0	0.4813559322033898	0.1864406779661017	0.55	0.0	0.55	12	7	5
AW30	10	20	10	0.3	weak	missing_intermediates	5000	0.1	activation;suppression;delay;loss;redirection	9	23169884	per_event_max_window_bh	0.0009765625	0.16666666666666666	1.0	1.0	0.4813559322033898	0.1864406779661017	0.3	0.0	0.3	6	1	5
AW30	10	20	10	0.3	weak	missing_intermediates	5000	0.1	activation;suppression;delay;loss;redirection	9	23169884	family_wide_maxT_fwer	0.0009765625	0.0	0.0	1.0	0.4813559322033898	0.1864406779661017	0.25	0.0	0.25	5	0	5
AW30	10	20	10	0.3	weak	missing_intermediates	5000	0.1	activation;suppression;delay;loss;redirection	10	23170893	naive_selected_window_bh	0.0009765625	0.375	1.0	1.0	0.28135593220338984	0.20338983050847456	0.4	0.0	0.4	8	3	5
AW30	10	20	10	0.3	weak	missing_intermediates	5000	0.1	activation;suppression;delay;loss;redirection	10	23170893	per_event_max_window_bh	0.0009765625	0.0	0.0	1.0	0.28135593220338984	0.20338983050847456	0.25	0.0	0.25	5	0	5
AW30	10	20	10	0.3	weak	missing_intermediates	5000	0.1	activation;suppression;delay;loss;redirection	10	23170893	family_wide_maxT_fwer	0.0009765625	0.0	0.0	1.0	0.28135593220338984	0.20338983050847456	0.25	0.0	0.25	5	0	5
AW30	10	20	10	0.3	weak	missing_intermediates	5000	0.1	activation;suppression;delay;loss;redirection	11	23171902	naive_selected_window_bh	0.0009765625	0.375	1.0	1.0	0.31525423728813556	0.16949152542372886	0.35	0.0	0.35	8	3	5
AW30	10	20	10	0.3	weak	missing_intermediates	5000	0.1	activation;suppression;delay;loss;redirection	11	23171902	per_event_max_window_bh	0.0009765625	0.16666666666666666	1.0	1.0	0.31525423728813556	0.16949152542372886	0.25	0.0	0.25	6	1	5
AW30	10	20	10	0.3	weak	missing_intermediates	5000	0.1	activation;suppression;delay;loss;redirection	11	23171902	family_wide_maxT_fwer	0.0009765625	0.0	0.0	0.8	0.35169491525423724	0.21186440677966106	0.2	0.05	0.2	4	0	4
AW31	3	50	10	0.3	moderate	none	1000	0.1	activation;suppression;delay;loss;redirection	0	23260806	naive_selected_window_bh	0.125	0.0	0.0	0.0			0.0	0.24	0.0	0	0	0
AW31	3	50	10	0.3	moderate	none	1000	0.1	activation;suppression;delay;loss;redirection	0	23260806	per_event_max_window_bh	0.125	0.0	0.0	0.0			0.0	0.24	0.0	0	0	0
AW31	3	50	10	0.3	moderate	none	1000	0.1	activation;suppression;delay;loss;redirection	0	23260806	family_wide_maxT_fwer	0.125	0.0	0.0	0.0			0.0	0.24	0.0	0	0	0
AW31	3	50	10	0.3	moderate	none	1000	0.1	activation;suppression;delay;loss;redirection	1	23261815	naive_selected_window_bh	0.125	0.0	0.0	0.0			0.0	0.24	0.0	0	0	0
AW31	3	50	10	0.3	moderate	none	1000	0.1	activation;suppression;delay;loss;redirection	1	23261815	per_event_max_window_bh	0.125	0.0	0.0	0.0			0.0	0.24	0.0	0	0	0
AW31	3	50	10	0.3	moderate	none	1000	0.1	activation;suppression;delay;loss;redirection	1	23261815	family_wide_maxT_fwer	0.125	0.0	0.0	0.0			0.0	0.24	0.0	0	0	0
AW31	3	50	10	0.3	moderate	none	1000	0.1	activation;suppression;delay;loss;redirection	2	23262824	naive_selected_window_bh	0.125	0.0	0.0	0.0			0.0	0.24	0.0	0	0	0
AW31	3	50	10	0.3	moderate	none	1000	0.1	activation;suppression;delay;loss;redirection	2	23262824	per_event_max_window_bh	0.125	0.0	0.0	0.0			0.0	0.24	0.0	0	0	0
AW31	3	50	10	0.3	moderate	none	1000	0.1	activation;suppression;delay;loss;redirection	2	23262824	family_wide_maxT_fwer	0.125	0.0	0.0	0.0			0.0	0.24	0.0	0	0	0
AW31	3	50	10	0.3	moderate	none	1000	0.1	activation;suppression;delay;loss;redirection	3	23263833	naive_selected_window_bh	0.125	0.0	0.0	0.0			0.0	0.24	0.0	0	0	0
AW31	3	50	10	0.3	moderate	none	1000	0.1	activation;suppression;delay;loss;redirection	3	23263833	per_event_max_window_bh	0.125	0.0	0.0	0.0			0.0	0.24	0.0	0	0	0
AW31	3	50	10	0.3	moderate	none	1000	0.1	activation;suppression;delay;loss;redirection	3	23263833	family_wide_maxT_fwer	0.125	0.0	0.0	0.0			0.0	0.24	0.0	0	0	0
AW31	3	50	10	0.3	moderate	none	1000	0.1	activation;suppression;delay;loss;redirection	4	23264842	naive_selected_window_bh	0.125	0.0	0.0	0.0			0.0	0.24	0.0	0	0	0
AW31	3	50	10	0.3	moderate	none	1000	0.1	activation;suppression;delay;loss;redirection	4	23264842	per_event_max_window_bh	0.125	0.0	0.0	0.0			0.0	0.24	0.0	0	0	0
AW31	3	50	10	0.3	moderate	none	1000	0.1	activation;suppression;delay;loss;redirection	4	23264842	family_wide_maxT_fwer	0.125	0.0	0.0	0.0			0.0	0.24	0.0	0	0	0
AW31	3	50	10	0.3	moderate	none	1000	0.1	activation;suppression;delay;loss;redirection	5	23265851	naive_selected_window_bh	0.125	0.0	0.0	0.0			0.0	0.24	0.0	0	0	0
AW31	3	50	10	0.3	moderate	none	1000	0.1	activation;suppression;delay;loss;redirection	5	23265851	per_event_max_window_bh	0.125	0.0	0.0	0.0			0.0	0.24	0.0	0	0	0
AW31	3	50	10	0.3	moderate	none	1000	0.1	activation;suppression;delay;loss;redirection	5	23265851	family_wide_maxT_fwer	0.125	0.0	0.0	0.0			0.0	0.24	0.0	0	0	0
AW31	3	50	10	0.3	moderate	none	1000	0.1	activation;suppression;delay;loss;redirection	6	23266860	naive_selected_window_bh	0.125	0.0	0.0	0.0			0.0	0.24	0.0	0	0	0
AW31	3	50	10	0.3	moderate	none	1000	0.1	activation;suppression;delay;loss;redirection	6	23266860	per_event_max_window_bh	0.125	0.0	0.0	0.0			0.0	0.24	0.0	0	0	0
AW31	3	50	10	0.3	moderate	none	1000	0.1	activation;suppression;delay;loss;redirection	6	23266860	family_wide_maxT_fwer	0.125	0.0	0.0	0.0			0.0	0.24	0.0	0	0	0
AW31	3	50	10	0.3	moderate	none	1000	0.1	activation;suppression;delay;loss;redirection	7	23267869	naive_selected_window_bh	0.125	0.0	0.0	0.0			0.0	0.24	0.0	0	0	0
AW31	3	50	10	0.3	moderate	none	1000	0.1	activation;suppression;delay;loss;redirection	7	23267869	per_event_max_window_bh	0.125	0.0	0.0	0.0			0.0	0.24	0.0	0	0	0
AW31	3	50	10	0.3	moderate	none	1000	0.1	activation;suppression;delay;loss;redirection	7	23267869	family_wide_maxT_fwer	0.125	0.0	0.0	0.0			0.0	0.24	0.0	0	0	0
AW31	3	50	10	0.3	moderate	none	1000	0.1	activation;suppression;delay;loss;redirection	8	23268878	naive_selected_window_bh	0.125	0.0	0.0	0.0			0.0	0.24	0.0	0	0	0
AW31	3	50	10	0.3	moderate	none	1000	0.1	activation;suppression;delay;loss;redirection	8	23268878	per_event_max_window_bh	0.125	0.0	0.0	0.0			0.0	0.24	0.0	0	0	0
AW31	3	50	10	0.3	moderate	none	1000	0.1	activation;suppression;delay;loss;redirection	8	23268878	family_wide_maxT_fwer	0.125	0.0	0.0	0.0			0.0	0.24	0.0	0	0	0
AW31	3	50	10	0.3	moderate	none	1000	0.1	activation;suppression;delay;loss;redirection	9	23269887	naive_selected_window_bh	0.125	0.0	0.0	0.0			0.0	0.24	0.0	0	0	0
AW31	3	50	10	0.3	moderate	none	1000	0.1	activation;suppression;delay;loss;redirection	9	23269887	per_event_max_window_bh	0.125	0.0	0.0	0.0			0.0	0.24	0.0	0	0	0
AW31	3	50	10	0.3	moderate	none	1000	0.1	activation;suppression;delay;loss;redirection	9	23269887	family_wide_maxT_fwer	0.125	0.0	0.0	0.0			0.0	0.24	0.0	0	0	0
AW31	3	50	10	0.3	moderate	none	1000	0.1	activation;suppression;delay;loss;redirection	10	23270896	naive_selected_window_bh	0.125	0.0	0.0	0.0			0.0	0.24	0.0	0	0	0
AW31	3	50	10	0.3	moderate	none	1000	0.1	activation;suppression;delay;loss;redirection	10	23270896	per_event_max_window_bh	0.125	0.0	0.0	0.0			0.0	0.24	0.0	0	0	0
AW31	3	50	10	0.3	moderate	none	1000	0.1	activation;suppression;delay;loss;redirection	10	23270896	family_wide_maxT_fwer	0.125	0.0	0.0	0.0			0.0	0.24	0.0	0	0	0
AW31	3	50	10	0.3	moderate	none	1000	0.1	activation;suppression;delay;loss;redirection	11	23271905	naive_selected_window_bh	0.125	0.0	0.0	0.0			0.0	0.24	0.0	0	0	0
AW31	3	50	10	0.3	moderate	none	1000	0.1	activation;suppression;delay;loss;redirection	11	23271905	per_event_max_window_bh	0.125	0.0	0.0	0.0			0.0	0.24	0.0	0	0	0
AW31	3	50	10	0.3	moderate	none	1000	0.1	activation;suppression;delay;loss;redirection	11	23271905	family_wide_maxT_fwer	0.125	0.0	0.0	0.0			0.0	0.24	0.0	0	0	0
AW32	5	50	10	0.0	strong	none	1000	0.1	activation;suppression;delay;loss;redirection	0	23360809	naive_selected_window_bh	0.03125	0.0	0.0	0.0			0.0	0.24	0.0	0	0	0
AW32	5	50	10	0.0	strong	none	1000	0.1	activation;suppression;delay;loss;redirection	0	23360809	per_event_max_window_bh	0.03125	0.0	0.0	0.0			0.0	0.24	0.0	0	0	0
AW32	5	50	10	0.0	strong	none	1000	0.1	activation;suppression;delay;loss;redirection	0	23360809	family_wide_maxT_fwer	0.03125	0.0	0.0	0.5833333333333334	0.3510895883777239	0.3365617433414045	0.0	0.1	0.14	7	0	7
AW32	5	50	10	0.0	strong	none	1000	0.1	activation;suppression;delay;loss;redirection	1	23361818	naive_selected_window_bh	0.03125	0.0	0.0	0.0			0.0	0.24	0.0	0	0	0
AW32	5	50	10	0.0	strong	none	1000	0.1	activation;suppression;delay;loss;redirection	1	23361818	per_event_max_window_bh	0.03125	0.0	0.0	0.0			0.0	0.24	0.0	0	0	0
AW32	5	50	10	0.0	strong	none	1000	0.1	activation;suppression;delay;loss;redirection	1	23361818	family_wide_maxT_fwer	0.03125	0.0	0.0	0.8333333333333334	0.34745762711864403	0.23220338983050848	0.0	0.04	0.2	10	0	10
AW32	5	50	10	0.0	strong	none	1000	0.1	activation;suppression;delay;loss;redirection	2	23362827	naive_selected_window_bh	0.03125	0.0	0.0	0.0			0.0	0.24	0.0	0	0	0
AW32	5	50	10	0.0	strong	none	1000	0.1	activation;suppression;delay;loss;redirection	2	23362827	per_event_max_window_bh	0.03125	0.0	0.0	0.0			0.0	0.24	0.0	0	0	0
AW32	5	50	10	0.0	strong	none	1000	0.1	activation;suppression;delay;loss;redirection	2	23362827	family_wide_maxT_fwer	0.03125	0.0	0.0	1.0	0.40960451977401124	0.1553672316384181	0.0	0.0	0.24	12	0	12
AW32	5	50	10	0.0	strong	none	1000	0.1	activation;suppression;delay;loss;redirection	3	23363836	naive_selected_window_bh	0.03125	0.0	0.0	0.0			0.0	0.24	0.0	0	0	0
AW32	5	50	10	0.0	strong	none	1000	0.1	activation;suppression;delay;loss;redirection	3	23363836	per_event_max_window_bh	0.03125	0.0	0.0	0.0			0.0	0.24	0.0	0	0	0
AW32	5	50	10	0.0	strong	none	1000	0.1	activation;suppression;delay;loss;redirection	3	23363836	family_wide_maxT_fwer	0.03125	0.0	0.0	0.8333333333333334	0.29661016949152536	0.3271186440677966	0.0	0.04	0.2	10	0	10
AW32	5	50	10	0.0	strong	none	1000	0.1	activation;suppression;delay;loss;redirection	4	23364845	naive_selected_window_bh	0.03125	0.0	0.0	0.0			0.0	0.24	0.0	0	0	0
AW32	5	50	10	0.0	strong	none	1000	0.1	activation;suppression;delay;loss;redirection	4	23364845	per_event_max_window_bh	0.03125	0.0	0.0	0.0			0.0	0.24	0.0	0	0	0
AW32	5	50	10	0.0	strong	none	1000	0.1	activation;suppression;delay;loss;redirection	4	23364845	family_wide_maxT_fwer	0.03125	0.0	0.0	0.25	0.19774011299435026	0.3163841807909605	0.0	0.18	0.06	3	0	3
AW32	5	50	10	0.0	strong	none	1000	0.1	activation;suppression;delay;loss;redirection	5	23365854	naive_selected_window_bh	0.03125	0.0	0.0	0.0			0.0	0.24	0.0	0	0	0
AW32	5	50	10	0.0	strong	none	1000	0.1	activation;suppression;delay;loss;redirection	5	23365854	per_event_max_window_bh	0.03125	0.0	0.0	0.0			0.0	0.24	0.0	0	0	0
AW32	5	50	10	0.0	strong	none	1000	0.1	activation;suppression;delay;loss;redirection	5	23365854	family_wide_maxT_fwer	0.03125	0.0	0.0	0.8333333333333334	0.3542372881355932	0.25254237288135595	0.0	0.04	0.2	10	0	10
AW32	5	50	10	0.0	strong	none	1000	0.1	activation;suppression;delay;loss;redirection	6	23366863	naive_selected_window_bh	0.03125	0.0	0.0	0.0			0.0	0.24	0.0	0	0	0
AW32	5	50	10	0.0	strong	none	1000	0.1	activation;suppression;delay;loss;redirection	6	23366863	per_event_max_window_bh	0.03125	0.0	0.0	0.0			0.0	0.24	0.0	0	0	0
AW32	5	50	10	0.0	strong	none	1000	0.1	activation;suppression;delay;loss;redirection	6	23366863	family_wide_maxT_fwer	0.03125	0.0	0.0	0.0			0.0	0.24	0.0	0	0	0
AW32	5	50	10	0.0	strong	none	1000	0.1	activation;suppression;delay;loss;redirection	7	23367872	naive_selected_window_bh	0.03125	0.0	0.0	0.0			0.0	0.24	0.0	0	0	0
AW32	5	50	10	0.0	strong	none	1000	0.1	activation;suppression;delay;loss;redirection	7	23367872	per_event_max_window_bh	0.03125	0.0	0.0	0.0			0.0	0.24	0.0	0	0	0
AW32	5	50	10	0.0	strong	none	1000	0.1	activation;suppression;delay;loss;redirection	7	23367872	family_wide_maxT_fwer	0.03125	0.0	0.0	0.75	0.33333333333333326	0.288135593220339	0.0	0.06	0.18	9	0	9
AW32	5	50	10	0.0	strong	none	1000	0.1	activation;suppression;delay;loss;redirection	8	23368881	naive_selected_window_bh	0.03125	0.6	1.0	1.0	0.37711864406779655	0.20197740112994347	0.36	0.0	0.6	30	18	12
AW32	5	50	10	0.0	strong	none	1000	0.1	activation;suppression;delay;loss;redirection	8	23368881	per_event_max_window_bh	0.03125	0.0	0.0	0.0			0.0	0.24	0.0	0	0	0
AW32	5	50	10	0.0	strong	none	1000	0.1	activation;suppression;delay;loss;redirection	8	23368881	family_wide_maxT_fwer	0.03125	0.0	0.0	0.5833333333333334	0.3559322033898305	0.1815980629539952	0.0	0.1	0.14	7	0	7
AW32	5	50	10	0.0	strong	none	1000	0.1	activation;suppression;delay;loss;redirection	9	23369890	naive_selected_window_bh	0.03125	0.0	0.0	0.0			0.0	0.24	0.0	0	0	0
AW32	5	50	10	0.0	strong	none	1000	0.1	activation;suppression;delay;loss;redirection	9	23369890	per_event_max_window_bh	0.03125	0.0	0.0	0.0			0.0	0.24	0.0	0	0	0
AW32	5	50	10	0.0	strong	none	1000	0.1	activation;suppression;delay;loss;redirection	9	23369890	family_wide_maxT_fwer	0.03125	0.0	0.0	0.5	0.3531073446327683	0.15819209039548024	0.0	0.12	0.12	6	0	6
AW32	5	50	10	0.0	strong	none	1000	0.1	activation;suppression;delay;loss;redirection	10	23370899	naive_selected_window_bh	0.03125	0.0	0.0	0.0			0.0	0.24	0.0	0	0	0
AW32	5	50	10	0.0	strong	none	1000	0.1	activation;suppression;delay;loss;redirection	10	23370899	per_event_max_window_bh	0.03125	0.0	0.0	0.0			0.0	0.24	0.0	0	0	0
AW32	5	50	10	0.0	strong	none	1000	0.1	activation;suppression;delay;loss;redirection	10	23370899	family_wide_maxT_fwer	0.03125	0.0	0.0	0.16666666666666666	0.5338983050847457	0.17796610169491528	0.0	0.2	0.04	2	0	2
AW32	5	50	10	0.0	strong	none	1000	0.1	activation;suppression;delay;loss;redirection	11	23371908	naive_selected_window_bh	0.03125	0.0	0.0	0.0			0.0	0.24	0.0	0	0	0
AW32	5	50	10	0.0	strong	none	1000	0.1	activation;suppression;delay;loss;redirection	11	23371908	per_event_max_window_bh	0.03125	0.0	0.0	0.0			0.0	0.24	0.0	0	0	0
AW32	5	50	10	0.0	strong	none	1000	0.1	activation;suppression;delay;loss;redirection	11	23371908	family_wide_maxT_fwer	0.03125	0.0	0.0	0.6666666666666666	0.39194915254237284	0.1822033898305085	0.0	0.08	0.16	8	0	8
AW33	10	50	10	0.7	null	composition	1000	0.1	activation;suppression;delay;loss;redirection	0	23460812	naive_selected_window_bh	0.0009765625	1.0	1.0				0.26	0.0	0.26	21	21	0
AW33	10	50	10	0.7	null	composition	1000	0.1	activation;suppression;delay;loss;redirection	0	23460812	per_event_max_window_bh	0.0009765625	1.0	1.0				0.0	0.0	0.0	8	8	0
AW33	10	50	10	0.7	null	composition	1000	0.1	activation;suppression;delay;loss;redirection	0	23460812	family_wide_maxT_fwer	0.0009765625	1.0	1.0				0.0	0.0	0.0	8	8	0
AW33	10	50	10	0.7	null	composition	1000	0.1	activation;suppression;delay;loss;redirection	1	23461821	naive_selected_window_bh	0.0009765625	1.0	1.0				0.52	0.0	0.52	34	34	0
AW33	10	50	10	0.7	null	composition	1000	0.1	activation;suppression;delay;loss;redirection	1	23461821	per_event_max_window_bh	0.0009765625	1.0	1.0				0.02	0.0	0.02	9	9	0
AW33	10	50	10	0.7	null	composition	1000	0.1	activation;suppression;delay;loss;redirection	1	23461821	family_wide_maxT_fwer	0.0009765625	1.0	1.0				0.0	0.0	0.0	8	8	0
AW33	10	50	10	0.7	null	composition	1000	0.1	activation;suppression;delay;loss;redirection	2	23462830	naive_selected_window_bh	0.0009765625	1.0	1.0				0.04	0.0	0.04	10	10	0
AW33	10	50	10	0.7	null	composition	1000	0.1	activation;suppression;delay;loss;redirection	2	23462830	per_event_max_window_bh	0.0009765625	1.0	1.0				0.0	0.0	0.0	8	8	0
AW33	10	50	10	0.7	null	composition	1000	0.1	activation;suppression;delay;loss;redirection	2	23462830	family_wide_maxT_fwer	0.0009765625	1.0	1.0				0.0	0.0	0.0	8	8	0
AW33	10	50	10	0.7	null	composition	1000	0.1	activation;suppression;delay;loss;redirection	3	23463839	naive_selected_window_bh	0.0009765625	1.0	1.0				0.06	0.0	0.06	11	11	0
AW33	10	50	10	0.7	null	composition	1000	0.1	activation;suppression;delay;loss;redirection	3	23463839	per_event_max_window_bh	0.0009765625	1.0	1.0				0.02	0.0	0.02	9	9	0
AW33	10	50	10	0.7	null	composition	1000	0.1	activation;suppression;delay;loss;redirection	3	23463839	family_wide_maxT_fwer	0.0009765625	1.0	1.0				0.0	0.0	0.0	8	8	0
AW33	10	50	10	0.7	null	composition	1000	0.1	activation;suppression;delay;loss;redirection	4	23464848	naive_selected_window_bh	0.0009765625	1.0	1.0				0.04	0.0	0.04	10	10	0
AW33	10	50	10	0.7	null	composition	1000	0.1	activation;suppression;delay;loss;redirection	4	23464848	per_event_max_window_bh	0.0009765625	1.0	1.0				0.0	0.0	0.0	8	8	0
AW33	10	50	10	0.7	null	composition	1000	0.1	activation;suppression;delay;loss;redirection	4	23464848	family_wide_maxT_fwer	0.0009765625	1.0	1.0				0.0	0.0	0.0	8	8	0
AW33	10	50	10	0.7	null	composition	1000	0.1	activation;suppression;delay;loss;redirection	5	23465857	naive_selected_window_bh	0.0009765625	1.0	1.0				0.26	0.0	0.26	21	21	0
AW33	10	50	10	0.7	null	composition	1000	0.1	activation;suppression;delay;loss;redirection	5	23465857	per_event_max_window_bh	0.0009765625	1.0	1.0				0.0	0.0	0.0	8	8	0
AW33	10	50	10	0.7	null	composition	1000	0.1	activation;suppression;delay;loss;redirection	5	23465857	family_wide_maxT_fwer	0.0009765625	1.0	1.0				0.0	0.0	0.0	8	8	0
AW33	10	50	10	0.7	null	composition	1000	0.1	activation;suppression;delay;loss;redirection	6	23466866	naive_selected_window_bh	0.0009765625	1.0	1.0				0.12	0.0	0.12	14	14	0
AW33	10	50	10	0.7	null	composition	1000	0.1	activation;suppression;delay;loss;redirection	6	23466866	per_event_max_window_bh	0.0009765625	1.0	1.0				0.02	0.0	0.02	9	9	0
AW33	10	50	10	0.7	null	composition	1000	0.1	activation;suppression;delay;loss;redirection	6	23466866	family_wide_maxT_fwer	0.0009765625	1.0	1.0				0.0	0.0	0.0	8	8	0
AW33	10	50	10	0.7	null	composition	1000	0.1	activation;suppression;delay;loss;redirection	7	23467875	naive_selected_window_bh	0.0009765625	1.0	1.0				0.56	0.0	0.56	36	36	0
AW33	10	50	10	0.7	null	composition	1000	0.1	activation;suppression;delay;loss;redirection	7	23467875	per_event_max_window_bh	0.0009765625	1.0	1.0				0.02	0.0	0.02	9	9	0
AW33	10	50	10	0.7	null	composition	1000	0.1	activation;suppression;delay;loss;redirection	7	23467875	family_wide_maxT_fwer	0.0009765625	1.0	1.0				0.0	0.0	0.0	8	8	0
AW33	10	50	10	0.7	null	composition	1000	0.1	activation;suppression;delay;loss;redirection	8	23468884	naive_selected_window_bh	0.0009765625	1.0	1.0				0.26	0.0	0.26	21	21	0
AW33	10	50	10	0.7	null	composition	1000	0.1	activation;suppression;delay;loss;redirection	8	23468884	per_event_max_window_bh	0.0009765625	1.0	1.0				0.0	0.0	0.0	8	8	0
AW33	10	50	10	0.7	null	composition	1000	0.1	activation;suppression;delay;loss;redirection	8	23468884	family_wide_maxT_fwer	0.0009765625	1.0	1.0				0.0	0.0	0.0	8	8	0
AW33	10	50	10	0.7	null	composition	1000	0.1	activation;suppression;delay;loss;redirection	9	23469893	naive_selected_window_bh	0.0009765625	1.0	1.0				0.14	0.0	0.14	15	15	0
AW33	10	50	10	0.7	null	composition	1000	0.1	activation;suppression;delay;loss;redirection	9	23469893	per_event_max_window_bh	0.0009765625	1.0	1.0				0.0	0.0	0.0	8	8	0
AW33	10	50	10	0.7	null	composition	1000	0.1	activation;suppression;delay;loss;redirection	9	23469893	family_wide_maxT_fwer	0.0009765625	1.0	1.0				0.0	0.0	0.0	8	8	0
AW33	10	50	10	0.7	null	composition	1000	0.1	activation;suppression;delay;loss;redirection	10	23470902	naive_selected_window_bh	0.0009765625	1.0	1.0				0.18	0.0	0.18	17	17	0
AW33	10	50	10	0.7	null	composition	1000	0.1	activation;suppression;delay;loss;redirection	10	23470902	per_event_max_window_bh	0.0009765625	1.0	1.0				0.04	0.0	0.04	10	10	0
AW33	10	50	10	0.7	null	composition	1000	0.1	activation;suppression;delay;loss;redirection	10	23470902	family_wide_maxT_fwer	0.0009765625	1.0	1.0				0.0	0.0	0.0	8	8	0
AW33	10	50	10	0.7	null	composition	1000	0.1	activation;suppression;delay;loss;redirection	11	23471911	naive_selected_window_bh	0.0009765625	1.0	1.0				0.14	0.0	0.14	15	15	0
AW33	10	50	10	0.7	null	composition	1000	0.1	activation;suppression;delay;loss;redirection	11	23471911	per_event_max_window_bh	0.0009765625	1.0	1.0				0.0	0.0	0.0	8	8	0
AW33	10	50	10	0.7	null	composition	1000	0.1	activation;suppression;delay;loss;redirection	11	23471911	family_wide_maxT_fwer	0.0009765625	1.0	1.0				0.0	0.0	0.0	8	8	0
AW34	3	100	10	0.7	weak	composition	1000	0.1	activation;suppression;delay;loss;redirection	0	23560815	naive_selected_window_bh	0.125	0.0	0.0	0.0			0.0	0.25	0.0	0	0	0
AW34	3	100	10	0.7	weak	composition	1000	0.1	activation;suppression;delay;loss;redirection	0	23560815	per_event_max_window_bh	0.125	0.0	0.0	0.0			0.0	0.25	0.0	0	0	0
AW34	3	100	10	0.7	weak	composition	1000	0.1	activation;suppression;delay;loss;redirection	0	23560815	family_wide_maxT_fwer	0.125	0.0	0.0	0.0			0.0	0.25	0.0	0	0	0
AW34	3	100	10	0.7	weak	composition	1000	0.1	activation;suppression;delay;loss;redirection	1	23561824	naive_selected_window_bh	0.125	0.0	0.0	0.0			0.0	0.25	0.0	0	0	0
AW34	3	100	10	0.7	weak	composition	1000	0.1	activation;suppression;delay;loss;redirection	1	23561824	per_event_max_window_bh	0.125	0.0	0.0	0.0			0.0	0.25	0.0	0	0	0
AW34	3	100	10	0.7	weak	composition	1000	0.1	activation;suppression;delay;loss;redirection	1	23561824	family_wide_maxT_fwer	0.125	0.0	0.0	0.0			0.0	0.25	0.0	0	0	0
AW34	3	100	10	0.7	weak	composition	1000	0.1	activation;suppression;delay;loss;redirection	2	23562833	naive_selected_window_bh	0.125	0.0	0.0	0.0			0.0	0.25	0.0	0	0	0
AW34	3	100	10	0.7	weak	composition	1000	0.1	activation;suppression;delay;loss;redirection	2	23562833	per_event_max_window_bh	0.125	0.0	0.0	0.0			0.0	0.25	0.0	0	0	0
AW34	3	100	10	0.7	weak	composition	1000	0.1	activation;suppression;delay;loss;redirection	2	23562833	family_wide_maxT_fwer	0.125	0.0	0.0	0.0			0.0	0.25	0.0	0	0	0
AW34	3	100	10	0.7	weak	composition	1000	0.1	activation;suppression;delay;loss;redirection	3	23563842	naive_selected_window_bh	0.125	0.0	0.0	0.0			0.0	0.25	0.0	0	0	0
AW34	3	100	10	0.7	weak	composition	1000	0.1	activation;suppression;delay;loss;redirection	3	23563842	per_event_max_window_bh	0.125	0.0	0.0	0.0			0.0	0.25	0.0	0	0	0
AW34	3	100	10	0.7	weak	composition	1000	0.1	activation;suppression;delay;loss;redirection	3	23563842	family_wide_maxT_fwer	0.125	0.0	0.0	0.0			0.0	0.25	0.0	0	0	0
AW34	3	100	10	0.7	weak	composition	1000	0.1	activation;suppression;delay;loss;redirection	4	23564851	naive_selected_window_bh	0.125	0.0	0.0	0.0			0.0	0.25	0.0	0	0	0
AW34	3	100	10	0.7	weak	composition	1000	0.1	activation;suppression;delay;loss;redirection	4	23564851	per_event_max_window_bh	0.125	0.0	0.0	0.0			0.0	0.25	0.0	0	0	0
AW34	3	100	10	0.7	weak	composition	1000	0.1	activation;suppression;delay;loss;redirection	4	23564851	family_wide_maxT_fwer	0.125	0.0	0.0	0.0			0.0	0.25	0.0	0	0	0
AW34	3	100	10	0.7	weak	composition	1000	0.1	activation;suppression;delay;loss;redirection	5	23565860	naive_selected_window_bh	0.125	0.0	0.0	0.0			0.0	0.25	0.0	0	0	0
AW34	3	100	10	0.7	weak	composition	1000	0.1	activation;suppression;delay;loss;redirection	5	23565860	per_event_max_window_bh	0.125	0.0	0.0	0.0			0.0	0.25	0.0	0	0	0
AW34	3	100	10	0.7	weak	composition	1000	0.1	activation;suppression;delay;loss;redirection	5	23565860	family_wide_maxT_fwer	0.125	0.0	0.0	0.0			0.0	0.25	0.0	0	0	0
AW34	3	100	10	0.7	weak	composition	1000	0.1	activation;suppression;delay;loss;redirection	6	23566869	naive_selected_window_bh	0.125	0.0	0.0	0.0			0.0	0.25	0.0	0	0	0
AW34	3	100	10	0.7	weak	composition	1000	0.1	activation;suppression;delay;loss;redirection	6	23566869	per_event_max_window_bh	0.125	0.0	0.0	0.0			0.0	0.25	0.0	0	0	0
AW34	3	100	10	0.7	weak	composition	1000	0.1	activation;suppression;delay;loss;redirection	6	23566869	family_wide_maxT_fwer	0.125	0.0	0.0	0.0			0.0	0.25	0.0	0	0	0
AW34	3	100	10	0.7	weak	composition	1000	0.1	activation;suppression;delay;loss;redirection	7	23567878	naive_selected_window_bh	0.125	0.0	0.0	0.0			0.0	0.25	0.0	0	0	0
AW34	3	100	10	0.7	weak	composition	1000	0.1	activation;suppression;delay;loss;redirection	7	23567878	per_event_max_window_bh	0.125	0.0	0.0	0.0			0.0	0.25	0.0	0	0	0
AW34	3	100	10	0.7	weak	composition	1000	0.1	activation;suppression;delay;loss;redirection	7	23567878	family_wide_maxT_fwer	0.125	0.0	0.0	0.0			0.0	0.25	0.0	0	0	0
AW34	3	100	10	0.7	weak	composition	1000	0.1	activation;suppression;delay;loss;redirection	8	23568887	naive_selected_window_bh	0.125	0.0	0.0	0.0			0.0	0.25	0.0	0	0	0
AW34	3	100	10	0.7	weak	composition	1000	0.1	activation;suppression;delay;loss;redirection	8	23568887	per_event_max_window_bh	0.125	0.0	0.0	0.0			0.0	0.25	0.0	0	0	0
AW34	3	100	10	0.7	weak	composition	1000	0.1	activation;suppression;delay;loss;redirection	8	23568887	family_wide_maxT_fwer	0.125	0.0	0.0	0.0			0.0	0.25	0.0	0	0	0
AW34	3	100	10	0.7	weak	composition	1000	0.1	activation;suppression;delay;loss;redirection	9	23569896	naive_selected_window_bh	0.125	0.0	0.0	0.0			0.0	0.25	0.0	0	0	0
AW34	3	100	10	0.7	weak	composition	1000	0.1	activation;suppression;delay;loss;redirection	9	23569896	per_event_max_window_bh	0.125	0.0	0.0	0.0			0.0	0.25	0.0	0	0	0
AW34	3	100	10	0.7	weak	composition	1000	0.1	activation;suppression;delay;loss;redirection	9	23569896	family_wide_maxT_fwer	0.125	0.0	0.0	0.0			0.0	0.25	0.0	0	0	0
AW34	3	100	10	0.7	weak	composition	1000	0.1	activation;suppression;delay;loss;redirection	10	23570905	naive_selected_window_bh	0.125	0.0	0.0	0.0			0.0	0.25	0.0	0	0	0
AW34	3	100	10	0.7	weak	composition	1000	0.1	activation;suppression;delay;loss;redirection	10	23570905	per_event_max_window_bh	0.125	0.0	0.0	0.0			0.0	0.25	0.0	0	0	0
AW34	3	100	10	0.7	weak	composition	1000	0.1	activation;suppression;delay;loss;redirection	10	23570905	family_wide_maxT_fwer	0.125	0.0	0.0	0.0			0.0	0.25	0.0	0	0	0
AW34	3	100	10	0.7	weak	composition	1000	0.1	activation;suppression;delay;loss;redirection	11	23571914	naive_selected_window_bh	0.125	0.0	0.0	0.0			0.0	0.25	0.0	0	0	0
AW34	3	100	10	0.7	weak	composition	1000	0.1	activation;suppression;delay;loss;redirection	11	23571914	per_event_max_window_bh	0.125	0.0	0.0	0.0			0.0	0.25	0.0	0	0	0
AW34	3	100	10	0.7	weak	composition	1000	0.1	activation;suppression;delay;loss;redirection	11	23571914	family_wide_maxT_fwer	0.125	0.0	0.0	0.0			0.0	0.25	0.0	0	0	0
AW35	5	100	10	0.3	moderate	stress	1000	0.1	activation;suppression;delay;loss;redirection	0	23660818	naive_selected_window_bh	0.03125	0.5967741935483871	1.0	1.0	0.3077966101694915	0.2637288135593221	0.26	0.0	0.51	62	37	25
AW35	5	100	10	0.3	moderate	stress	1000	0.1	activation;suppression;delay;loss;redirection	0	23660818	per_event_max_window_bh	0.03125	0.0	0.0	0.0			0.0	0.25	0.0	0	0	0
AW35	5	100	10	0.3	moderate	stress	1000	0.1	activation;suppression;delay;loss;redirection	0	23660818	family_wide_maxT_fwer	0.03125	0.16666666666666666	1.0	0.6	0.28474576271186436	0.2519774011299435	0.01	0.1	0.16	18	3	15
AW35	5	100	10	0.3	moderate	stress	1000	0.1	activation;suppression;delay;loss;redirection	1	23661827	naive_selected_window_bh	0.03125	0.0	0.0	0.0			0.0	0.25	0.0	0	0	0
AW35	5	100	10	0.3	moderate	stress	1000	0.1	activation;suppression;delay;loss;redirection	1	23661827	per_event_max_window_bh	0.03125	0.0	0.0	0.0			0.0	0.25	0.0	0	0	0
AW35	5	100	10	0.3	moderate	stress	1000	0.1	activation;suppression;delay;loss;redirection	1	23661827	family_wide_maxT_fwer	0.03125	0.16666666666666666	1.0	0.2	0.4135593220338983	0.26440677966101694	0.0	0.2	0.05	6	1	5
AW35	5	100	10	0.3	moderate	stress	1000	0.1	activation;suppression;delay;loss;redirection	2	23662836	naive_selected_window_bh	0.03125	0.0	0.0	0.0			0.0	0.25	0.0	0	0	0
AW35	5	100	10	0.3	moderate	stress	1000	0.1	activation;suppression;delay;loss;redirection	2	23662836	per_event_max_window_bh	0.03125	0.0	0.0	0.0			0.0	0.25	0.0	0	0	0
AW35	5	100	10	0.3	moderate	stress	1000	0.1	activation;suppression;delay;loss;redirection	2	23662836	family_wide_maxT_fwer	0.03125	0.25	1.0	0.48	0.2909604519774011	0.25706214689265544	0.01	0.13	0.13	16	4	12
AW35	5	100	10	0.3	moderate	stress	1000	0.1	activation;suppression;delay;loss;redirection	3	23663845	naive_selected_window_bh	0.03125	0.0	0.0	0.0			0.0	0.25	0.0	0	0	0
AW35	5	100	10	0.3	moderate	stress	1000	0.1	activation;suppression;delay;loss;redirection	3	23663845	per_event_max_window_bh	0.03125	0.0	0.0	0.0			0.0	0.25	0.0	0	0	0
AW35	5	100	10	0.3	moderate	stress	1000	0.1	activation;suppression;delay;loss;redirection	3	23663845	family_wide_maxT_fwer	0.03125	0.0	0.0	0.04	0.6271186440677966	0.0847457627118644	0.0	0.24	0.01	1	0	1
AW35	5	100	10	0.3	moderate	stress	1000	0.1	activation;suppression;delay;loss;redirection	4	23664854	naive_selected_window_bh	0.03125	0.0	0.0	0.0			0.0	0.25	0.0	0	0	0
AW35	5	100	10	0.3	moderate	stress	1000	0.1	activation;suppression;delay;loss;redirection	4	23664854	per_event_max_window_bh	0.03125	0.0	0.0	0.0			0.0	0.25	0.0	0	0	0
AW35	5	100	10	0.3	moderate	stress	1000	0.1	activation;suppression;delay;loss;redirection	4	23664854	family_wide_maxT_fwer	0.03125	0.16666666666666666	1.0	0.2	0.2644067796610169	0.4	0.0	0.2	0.05	6	1	5
AW35	5	100	10	0.3	moderate	stress	1000	0.1	activation;suppression;delay;loss;redirection	5	23665863	naive_selected_window_bh	0.03125	0.0	0.0	0.0			0.0	0.25	0.0	0	0	0
AW35	5	100	10	0.3	moderate	stress	1000	0.1	activation;suppression;delay;loss;redirection	5	23665863	per_event_max_window_bh	0.03125	0.0	0.0	0.0			0.0	0.25	0.0	0	0	0
AW35	5	100	10	0.3	moderate	stress	1000	0.1	activation;suppression;delay;loss;redirection	5	23665863	family_wide_maxT_fwer	0.03125	0.5	1.0	0.08	0.34745762711864403	0.364406779661017	0.0	0.23	0.02	4	2	2
AW35	5	100	10	0.3	moderate	stress	1000	0.1	activation;suppression;delay;loss;redirection	6	23666872	naive_selected_window_bh	0.03125	0.6031746031746031	1.0	1.0	0.2799999999999999	0.19661016949152543	0.27	0.0	0.52	63	38	25
AW35	5	100	10	0.3	moderate	stress	1000	0.1	activation;suppression;delay;loss;redirection	6	23666872	per_event_max_window_bh	0.03125	0.0	0.0	0.0			0.0	0.25	0.0	0	0	0
AW35	5	100	10	0.3	moderate	stress	1000	0.1	activation;suppression;delay;loss;redirection	6	23666872	family_wide_maxT_fwer	0.03125	0.0	0.0	0.16	0.44067796610169485	0.2711864406779661	0.0	0.21	0.04	4	0	4
AW35	5	100	10	0.3	moderate	stress	1000	0.1	activation;suppression;delay;loss;redirection	7	23667881	naive_selected_window_bh	0.03125	0.5901639344262295	1.0	1.0	0.2684745762711864	0.24067796610169492	0.25	0.0	0.5	61	36	25
AW35	5	100	10	0.3	moderate	stress	1000	0.1	activation;suppression;delay;loss;redirection	7	23667881	per_event_max_window_bh	0.03125	0.0	0.0	0.0			0.0	0.25	0.0	0	0	0
AW35	5	100	10	0.3	moderate	stress	1000	0.1	activation;suppression;delay;loss;redirection	7	23667881	family_wide_maxT_fwer	0.03125	0.0	0.0	0.28	0.34140435835351085	0.2615012106537531	0.0	0.18	0.07	7	0	7
AW35	5	100	10	0.3	moderate	stress	1000	0.1	activation;suppression;delay;loss;redirection	8	23668890	naive_selected_window_bh	0.03125	0.0	0.0	0.0			0.0	0.25	0.0	0	0	0
AW35	5	100	10	0.3	moderate	stress	1000	0.1	activation;suppression;delay;loss;redirection	8	23668890	per_event_max_window_bh	0.03125	0.0	0.0	0.0			0.0	0.25	0.0	0	0	0
AW35	5	100	10	0.3	moderate	stress	1000	0.1	activation;suppression;delay;loss;redirection	8	23668890	family_wide_maxT_fwer	0.03125	0.0	0.0	0.2	0.36610169491525424	0.176271186440678	0.0	0.2	0.05	5	0	5
AW35	5	100	10	0.3	moderate	stress	1000	0.1	activation;suppression;delay;loss;redirection	9	23669899	naive_selected_window_bh	0.03125	0.0	0.0	0.0			0.0	0.25	0.0	0	0	0
AW35	5	100	10	0.3	moderate	stress	1000	0.1	activation;suppression;delay;loss;redirection	9	23669899	per_event_max_window_bh	0.03125	0.0	0.0	0.0			0.0	0.25	0.0	0	0	0
AW35	5	100	10	0.3	moderate	stress	1000	0.1	activation;suppression;delay;loss;redirection	9	23669899	family_wide_maxT_fwer	0.03125	0.3125	1.0	0.44	0.39291217257318944	0.1725731895223421	0.0	0.14	0.11	16	5	11
AW35	5	100	10	0.3	moderate	stress	1000	0.1	activation;suppression;delay;loss;redirection	10	23670908	naive_selected_window_bh	0.03125	0.0	0.0	0.0			0.0	0.25	0.0	0	0	0
AW35	5	100	10	0.3	moderate	stress	1000	0.1	activation;suppression;delay;loss;redirection	10	23670908	per_event_max_window_bh	0.03125	0.0	0.0	0.0			0.0	0.25	0.0	0	0	0
AW35	5	100	10	0.3	moderate	stress	1000	0.1	activation;suppression;delay;loss;redirection	10	23670908	family_wide_maxT_fwer	0.03125	0.25	1.0	0.12	0.41242937853107337	0.2994350282485876	0.0	0.22	0.03	4	1	3
AW35	5	100	10	0.3	moderate	stress	1000	0.1	activation;suppression;delay;loss;redirection	11	23671917	naive_selected_window_bh	0.03125	0.0	0.0	0.0			0.0	0.25	0.0	0	0	0
AW35	5	100	10	0.3	moderate	stress	1000	0.1	activation;suppression;delay;loss;redirection	11	23671917	per_event_max_window_bh	0.03125	0.0	0.0	0.0			0.0	0.25	0.0	0	0	0
AW35	5	100	10	0.3	moderate	stress	1000	0.1	activation;suppression;delay;loss;redirection	11	23671917	family_wide_maxT_fwer	0.03125	0.375	1.0	0.2	0.46440677966101684	0.2677966101694915	0.0	0.2	0.05	8	3	5
AW36	10	100	10	0.0	strong	stress	5000	0.1	activation;suppression;delay;loss;redirection	0	23760821	naive_selected_window_bh	0.0009765625	0.5901639344262295	1.0	1.0	0.30237288135593215	0.18237288135593221	0.25	0.0	0.5	61	36	25
AW36	10	100	10	0.0	strong	stress	5000	0.1	activation;suppression;delay;loss;redirection	0	23760821	per_event_max_window_bh	0.0009765625	0.32432432432432434	1.0	1.0	0.30237288135593215	0.18237288135593221	0.01	0.0	0.26	37	12	25
AW36	10	100	10	0.0	strong	stress	5000	0.1	activation;suppression;delay;loss;redirection	0	23760821	family_wide_maxT_fwer	0.0009765625	0.3055555555555556	1.0	1.0	0.30237288135593215	0.18237288135593221	0.0	0.0	0.25	36	11	25
AW36	10	100	10	0.0	strong	stress	5000	0.1	activation;suppression;delay;loss;redirection	1	23761830	naive_selected_window_bh	0.0009765625	0.6212121212121212	1.0	1.0	0.2949152542372881	0.24406779661016947	0.3	0.0	0.55	66	41	25
AW36	10	100	10	0.0	strong	stress	5000	0.1	activation;suppression;delay;loss;redirection	1	23761830	per_event_max_window_bh	0.0009765625	0.32432432432432434	1.0	1.0	0.2949152542372881	0.24406779661016947	0.01	0.0	0.26	37	12	25
AW36	10	100	10	0.0	strong	stress	5000	0.1	activation;suppression;delay;loss;redirection	1	23761830	family_wide_maxT_fwer	0.0009765625	0.3055555555555556	1.0	1.0	0.2949152542372881	0.24406779661016947	0.0	0.0	0.25	36	11	25
AW36	10	100	10	0.0	strong	stress	5000	0.1	activation;suppression;delay;loss;redirection	2	23762839	naive_selected_window_bh	0.0009765625	0.5192307692307693	1.0	1.0	0.3172881355932203	0.21898305084745764	0.17	0.0	0.42	52	27	25
AW36	10	100	10	0.0	strong	stress	5000	0.1	activation;suppression;delay;loss;redirection	2	23762839	per_event_max_window_bh	0.0009765625	0.34210526315789475	1.0	1.0	0.3172881355932203	0.21898305084745764	0.03	0.0	0.28	38	13	25
AW36	10	100	10	0.0	strong	stress	5000	0.1	activation;suppression;delay;loss;redirection	2	23762839	family_wide_maxT_fwer	0.0009765625	0.3055555555555556	1.0	1.0	0.3172881355932203	0.21898305084745764	0.01	0.0	0.26	36	11	25
AW36	10	100	10	0.0	strong	stress	5000	0.1	activation;suppression;delay;loss;redirection	3	23763848	naive_selected_window_bh	0.0009765625	0.5967741935483871	1.0	1.0	0.26779661016949147	0.21152542372881356	0.26	0.0	0.51	62	37	25
AW36	10	100	10	0.0	strong	stress	5000	0.1	activation;suppression;delay;loss;redirection	3	23763848	per_event_max_window_bh	0.0009765625	0.40476190476190477	1.0	1.0	0.26779661016949147	0.21152542372881356	0.06	0.0	0.31	42	17	25
AW36	10	100	10	0.0	strong	stress	5000	0.1	activation;suppression;delay;loss;redirection	3	23763848	family_wide_maxT_fwer	0.0009765625	0.3055555555555556	1.0	1.0	0.26779661016949147	0.21152542372881356	0.0	0.0	0.25	36	11	25
AW36	10	100	10	0.0	strong	stress	5000	0.1	activation;suppression;delay;loss;redirection	4	23764857	naive_selected_window_bh	0.0009765625	0.5689655172413793	1.0	1.0	0.30508474576271183	0.18508474576271192	0.22	0.0	0.47	58	33	25
AW36	10	100	10	0.0	strong	stress	5000	0.1	activation;suppression;delay;loss;redirection	4	23764857	per_event_max_window_bh	0.0009765625	0.34210526315789475	1.0	1.0	0.30508474576271183	0.18508474576271192	0.02	0.0	0.27	38	13	25
AW36	10	100	10	0.0	strong	stress	5000	0.1	activation;suppression;delay;loss;redirection	4	23764857	family_wide_maxT_fwer	0.0009765625	0.32432432432432434	1.0	1.0	0.30508474576271183	0.18508474576271192	0.01	0.0	0.26	37	12	25
AW36	10	100	10	0.0	strong	stress	5000	0.1	activation;suppression;delay;loss;redirection	5	23765866	naive_selected_window_bh	0.0009765625	0.5689655172413793	1.0	1.0	0.3105084745762712	0.20677966101694917	0.22	0.0	0.47	58	33	25
AW36	10	100	10	0.0	strong	stress	5000	0.1	activation;suppression;delay;loss;redirection	5	23765866	per_event_max_window_bh	0.0009765625	0.32432432432432434	1.0	1.0	0.3105084745762712	0.20677966101694917	0.01	0.0	0.26	37	12	25
AW36	10	100	10	0.0	strong	stress	5000	0.1	activation;suppression;delay;loss;redirection	5	23765866	family_wide_maxT_fwer	0.0009765625	0.3055555555555556	1.0	1.0	0.3105084745762712	0.20677966101694917	0.0	0.0	0.25	36	11	25
AW36	10	100	10	0.0	strong	stress	5000	0.1	activation;suppression;delay;loss;redirection	6	23766875	naive_selected_window_bh	0.0009765625	0.4897959183673469	1.0	1.0	0.28813559322033894	0.21830508474576274	0.13	0.0	0.38	49	24	25
AW36	10	100	10	0.0	strong	stress	5000	0.1	activation;suppression;delay;loss;redirection	6	23766875	per_event_max_window_bh	0.0009765625	0.34210526315789475	1.0	1.0	0.28813559322033894	0.21830508474576274	0.02	0.0	0.27	38	13	25
AW36	10	100	10	0.0	strong	stress	5000	0.1	activation;suppression;delay;loss;redirection	6	23766875	family_wide_maxT_fwer	0.0009765625	0.3055555555555556	1.0	1.0	0.28813559322033894	0.21830508474576274	0.0	0.0	0.25	36	11	25
AW36	10	100	10	0.0	strong	stress	5000	0.1	activation;suppression;delay;loss;redirection	7	23767884	naive_selected_window_bh	0.0009765625	0.576271186440678	1.0	1.0	0.32	0.19593220338983053	0.23	0.0	0.48	59	34	25
AW36	10	100	10	0.0	strong	stress	5000	0.1	activation;suppression;delay;loss;redirection	7	23767884	per_event_max_window_bh	0.0009765625	0.32432432432432434	1.0	1.0	0.32	0.19593220338983053	0.01	0.0	0.26	37	12	25
AW36	10	100	10	0.0	strong	stress	5000	0.1	activation;suppression;delay;loss;redirection	7	23767884	family_wide_maxT_fwer	0.0009765625	0.3055555555555556	1.0	1.0	0.32	0.19593220338983053	0.0	0.0	0.25	36	11	25
AW36	10	100	10	0.0	strong	stress	5000	0.1	activation;suppression;delay;loss;redirection	8	23768893	naive_selected_window_bh	0.0009765625	0.6212121212121212	1.0	1.0	0.3152542372881356	0.2033898305084746	0.31	0.0	0.56	66	41	25
AW36	10	100	10	0.0	strong	stress	5000	0.1	activation;suppression;delay;loss;redirection	8	23768893	per_event_max_window_bh	0.0009765625	0.358974358974359	1.0	1.0	0.3152542372881356	0.2033898305084746	0.04	0.0	0.29	39	14	25
AW36	10	100	10	0.0	strong	stress	5000	0.1	activation;suppression;delay;loss;redirection	8	23768893	family_wide_maxT_fwer	0.0009765625	0.3055555555555556	1.0	1.0	0.3152542372881356	0.2033898305084746	0.01	0.0	0.26	36	11	25
AW36	10	100	10	0.0	strong	stress	5000	0.1	activation;suppression;delay;loss;redirection	9	23769902	naive_selected_window_bh	0.0009765625	0.5689655172413793	1.0	1.0	0.32067796610169486	0.22779661016949157	0.22	0.0	0.47	58	33	25
AW36	10	100	10	0.0	strong	stress	5000	0.1	activation;suppression;delay;loss;redirection	9	23769902	per_event_max_window_bh	0.0009765625	0.358974358974359	1.0	1.0	0.32067796610169486	0.22779661016949157	0.03	0.0	0.28	39	14	25
AW36	10	100	10	0.0	strong	stress	5000	0.1	activation;suppression;delay;loss;redirection	9	23769902	family_wide_maxT_fwer	0.0009765625	0.3055555555555556	1.0	1.0	0.32067796610169486	0.22779661016949157	0.0	0.0	0.25	36	11	25
AW36	10	100	10	0.0	strong	stress	5000	0.1	activation;suppression;delay;loss;redirection	10	23770911	naive_selected_window_bh	0.0009765625	0.6153846153846154	1.0	1.0	0.29694915254237286	0.1945762711864407	0.29	0.0	0.54	65	40	25
AW36	10	100	10	0.0	strong	stress	5000	0.1	activation;suppression;delay;loss;redirection	10	23770911	per_event_max_window_bh	0.0009765625	0.358974358974359	1.0	1.0	0.29694915254237286	0.1945762711864407	0.03	0.0	0.28	39	14	25
AW36	10	100	10	0.0	strong	stress	5000	0.1	activation;suppression;delay;loss;redirection	10	23770911	family_wide_maxT_fwer	0.0009765625	0.3055555555555556	1.0	1.0	0.29694915254237286	0.1945762711864407	0.0	0.0	0.25	36	11	25
AW36	10	100	10	0.0	strong	stress	5000	0.1	activation;suppression;delay;loss;redirection	11	23771920	naive_selected_window_bh	0.0009765625	0.5833333333333334	1.0	1.0	0.32067796610169486	0.19118644067796609	0.24	0.0	0.49	60	35	25
AW36	10	100	10	0.0	strong	stress	5000	0.1	activation;suppression;delay;loss;redirection	11	23771920	per_event_max_window_bh	0.0009765625	0.34210526315789475	1.0	1.0	0.32067796610169486	0.19118644067796609	0.02	0.0	0.27	38	13	25
AW36	10	100	10	0.0	strong	stress	5000	0.1	activation;suppression;delay;loss;redirection	11	23771920	family_wide_maxT_fwer	0.0009765625	0.3055555555555556	1.0	1.0	0.32067796610169486	0.19118644067796609	0.0	0.0	0.25	36	11	25
